name,country,region,population,lat,lng,is_capital
Berat,Albania,40,62232,40.70583,19.95222,False
Bulqizë,Albania,41,26826,41.49167,20.22194,False
Cërrik,Albania,43,14269,41.03167,19.97583,False
Durrës,Albania,42,195920,41.32355,19.45469,False
Elbasan,Albania,43,100903,41.11138,20.08224,False
Fier,Albania,44,56297,40.7251,19.55823,False
Fier-Çifçi,Albania,44,60995,40.71667,19.56667,False
Fushë-Krujë,Albania,42,17877,41.47833,19.71778,False
Gjirokastër,Albania,45,23437,40.07583,20.13889,False
Gramsh,Albania,43,11556,40.86972,20.18444,False
Kamëz,Albania,50,11026,41.38167,19.76028,False
Kavajë,Albania,50,30012,41.18556,19.55694,False
Korçë,Albania,46,58259,40.61861,20.78083,False
Krujë,Albania,42,51191,41.50917,19.79278,False
Kukës,Albania,47,36125,42.07694,20.42194,False
Kuçovë,Albania,40,31077,40.80028,19.91667,False
Laç,Albania,48,12854,41.63556,19.71306,False
Lezhë,Albania,48,18695,41.78361,19.64361,False
Librazhd,Albania,43,23312,41.17944,20.315,False
Librazhd-Qendër,Albania,43,12691,41.19694,20.33556,False
Lushnjë,Albania,44,63135,40.94194,19.705,False
Patos,Albania,44,16000,40.68333,19.61944,False
Patos Fshat,Albania,44,22679,40.64278,19.65083,False
Peqin,Albania,43,16580,41.04611,19.75111,False
Peshkopi,Albania,41,14710,41.685,20.42858,False
Pogradec,Albania,46,46070,40.9025,20.6525,False
Rrashbull,Albania,42,20099,41.32278,19.51028,False
Sarandë,Albania,51,22613,39.87534,20.00477,False
Shijak,Albania,42,14138,41.34556,19.56722,False
Shkodër,Albania,49,95553,42.06828,19.51258,False
Sukth,Albania,42,13395,41.38056,19.53778,False
Tepelenë,Albania,45,11955,40.29583,20.01917,False
Thumanë,Albania,42,10719,41.5475,19.67778,False
Tirana,Albania,50,418495,41.32744,19.81866,True
Vlorë,Albania,51,115261,40.4696,19.48379,False
Xhafzotaj,Albania,42,12381,41.34444,19.5475,False
Andorra la Vella,Andorra,07,20430,42.50779,1.52109,True
Encamp,Andorra,03,11223,42.53474,1.58014,False
les Escaldes,Andorra,08,15853,42.50729,1.53414,False
Abfaltersbach,Austria,07,630,46.75715,12.52828,False
Absam,Austria,07,7112,47.29572,11.50593,False
Absdorf,Austria,03,2087,48.40021,15.97874,False
Abtenau,Austria,05,1188,47.56373,13.34599,False
Abtissendorf,Austria,06,1433,46.99583,15.45639,False
Abwinden,Austria,04,1158,48.25903,14.42625,False
Achau,Austria,03,1415,48.08026,16.38611,False
Achenkirch,Austria,07,2185,47.52659,11.70559,False
Aderklaa,Austria,03,207,48.28333,16.53333,False
Adlwang,Austria,04,1806,47.99245,14.21742,False
Admont,Austria,06,2136,47.57537,14.46075,False
Adnet,Austria,05,1464,47.69746,13.13115,False
Afiesl,Austria,04,0,48.58229,14.12777,False
Aflenz Kurort,Austria,06,1017,47.54211,15.23898,False
Aggsbach,Austria,03,391,48.29404,15.40382,False
Ahorn,Austria,04,141,48.52382,14.17408,False
Aibl,Austria,06,466,46.68145,15.22619,False
Aich,Austria,06,0,47.4228,13.82145,False
Aichkirchen,Austria,04,148,48.10944,13.79158,False
Aigen im Ennstal,Austria,06,425,47.52052,14.14529,False
Aigen im Mühlkreis,Austria,04,1778,48.64578,13.97109,False
Ainet,Austria,07,784,46.86603,12.68968,False
Aistersheim,Austria,04,407,48.1868,13.74175,False
Alberndorf in der Riedmark,Austria,04,736,48.40607,14.41441,False
Alberschwende,Austria,08,3247,47.45025,9.83152,False
Albersdorf,Austria,06,1172,47.12166,15.69826,False
Aldrans,Austria,07,2684,47.25,11.45,False
Alkoven,Austria,04,1385,48.28753,14.10748,False
Alland,Austria,03,1470,48.05829,16.07901,False
Allentsteig,Austria,03,1383,48.69725,15.32756,False
Allerheiligen bei Wildon,Austria,06,972,46.91417,15.55444,False
Allerheiligen im Mühlkreis,Austria,04,371,48.30215,14.65061,False
Allerheiligen im Mürztal,Austria,06,268,47.46667,15.4,False
Allhaming,Austria,04,710,48.15246,14.17022,False
Allhartsberg,Austria,03,999,48.02633,14.79009,False
Alpbach,Austria,07,2561,47.39878,11.94373,False
Alsergrund,Austria,09,41645,48.22321,16.35506,False
Altach,Austria,08,6624,47.35438,9.65207,False
Altaussee,Austria,06,309,47.63844,13.76278,False
Altenberg bei Linz,Austria,04,1054,48.37284,14.35029,False
Altenburg,Austria,03,439,48.64765,15.59295,False
Altendorf,Austria,03,194,47.65,16.01667,False
Altenfelden,Austria,04,1163,48.48555,13.9698,False
Altenmarkt an der Triesting,Austria,03,559,48.01553,15.99661,False
Altenmarkt bei Fürstenfeld,Austria,06,631,47.06638,16.04785,False
Altenmarkt bei Sankt Gallen,Austria,06,767,47.72327,14.64838,False
Altenmarkt im Pongau,Austria,05,4218,47.38333,13.41667,False
Altheim,Austria,04,4195,48.25154,13.23406,False
Althofen,Austria,02,3531,46.87298,14.47449,False
Altlengbach,Austria,03,976,48.15355,15.92606,False
Altlichtenberg,Austria,04,1174,48.36001,14.25845,False
Altlichtenwarth,Austria,03,769,48.64442,16.79664,False
Altmelon,Austria,03,302,48.46222,14.96552,False
Altmünster,Austria,04,4496,47.90219,13.76415,False
Amlach,Austria,07,489,46.81639,12.76361,False
Ampass,Austria,07,1827,47.26251,11.46226,False
Ampflwang,Austria,04,1187,48.08333,13.56667,False
Amras,Austria,07,5771,47.25,11.41667,False
Amstetten,Austria,03,15559,48.1229,14.87206,False
Andau,Austria,01,2285,47.77441,17.03293,False
Andelsbuch,Austria,08,2565,47.41167,9.89326,False
Andlersdorf,Austria,03,137,48.18333,16.66667,False
Andorf,Austria,04,2851,48.3713,13.57412,False
Andritz,Austria,06,19020,47.11387,15.42348,False
Angath,Austria,07,1008,47.50758,12.06513,False
Anger,Austria,05,1380,47.15593,13.10592,False
Anger,Austria,06,854,47.27422,15.69139,False
Angerberg,Austria,07,1225,47.50672,12.04033,False
Angern an der March,Austria,03,1418,48.37778,16.82806,False
Anif,Austria,05,1814,47.75,13.06667,False
Annaberg,Austria,03,0,47.87134,15.37648,False
Annabichl,Austria,02,11374,46.65,14.31667,False
Anras,Austria,07,327,46.77389,12.56083,False
Ansfelden,Austria,04,18251,48.20969,14.29004,False
Antau,Austria,01,758,47.77377,16.47984,False
Anthering,Austria,05,1599,47.88333,13.01667,False
Apetlon,Austria,01,1760,47.74394,16.8302,False
Apfelberg,Austria,06,214,47.2,14.83333,False
Arbesbach,Austria,03,669,48.49337,14.95308,False
Ardagger Stift,Austria,03,1061,48.15,14.83333,False
Ardning,Austria,06,797,47.5912,14.36372,False
Arnfels,Austria,06,837,46.67639,15.40306,False
Arnoldstein,Austria,02,2080,46.54611,13.71,False
Arnreit,Austria,04,141,48.52513,13.99487,False
Arriach,Austria,02,329,46.72921,13.85046,False
Arzberg,Austria,06,503,47.25,15.51667,False
Arzl,Austria,07,11082,47.28333,11.43333,False
Arzl im Pitztal,Austria,07,1896,47.20712,10.76261,False
Aschach an der Donau,Austria,04,1933,48.36458,14.02044,False
Aschach an der Steyr,Austria,04,1678,48.01312,14.33544,False
Aschau,Austria,07,1634,47.26667,11.9,False
Aschau im Zillertal,Austria,07,1840,47.26613,11.89536,False
Aschbach Markt,Austria,03,1703,48.07234,14.75395,False
Aspang Markt,Austria,03,1816,47.55,16.08333,False
Asparn an der Zaya,Austria,03,1048,48.58333,16.5,False
Asperhofen,Austria,03,617,48.24583,15.92606,False
Aspern,Austria,09,50687,48.21806,16.48306,False
Assling,Austria,07,0,46.78663,12.63951,False
Asten,Austria,04,3214,48.21941,14.41784,False
Attendorf,Austria,06,362,47.00426,15.33897,False
Attersee,Austria,04,401,47.91646,13.53953,False
Attnang,Austria,04,3339,48.01667,13.71667,False
Attnang-Puchheim,Austria,04,8908,48.00833,13.71667,False
Atzbach,Austria,04,457,48.08364,13.70347,False
Atzenbrugg,Austria,03,637,48.29119,15.90614,False
Atzesberg,Austria,04,57,48.53959,13.86936,False
Au,Austria,08,1070,47.32176,9.98067,False
Au,Austria,05,1334,47.7,13.06667,False
Au am Leithaberge,Austria,03,934,47.92296,16.55794,False
Au an der Traun,Austria,04,1864,48.1802,14.11248,False
Audorf,Austria,04,1064,48.2181,14.27931,False
Auen,Austria,02,6563,46.59963,13.84389,False
Auersbach,Austria,06,370,47.01667,15.86667,False
Auersthal,Austria,03,1932,48.37373,16.63596,False
Aurach,Austria,07,1130,47.41223,12.42734,False
Aurach am Hongar,Austria,04,422,47.95182,13.67291,False
Aurolzmünster,Austria,04,1137,48.24834,13.45533,False
Ausserbraz,Austria,08,1005,47.14875,9.90066,False
Außervillgraten,Austria,07,760,46.7875,12.43139,False
Axams,Austria,07,5130,47.23111,11.27892,False
Bachmanning,Austria,04,460,48.13104,13.79436,False
Bad Aussee,Austria,06,1012,47.60998,13.78243,False
Bad Blumau,Austria,06,459,47.11667,16.05,False
Bad Deutsch-Altenburg,Austria,03,1765,48.13425,16.90624,False
Bad Erlach,Austria,03,2651,47.72722,16.21444,False
Bad Fischau,Austria,03,2116,47.83137,16.16707,False
Bad Gams,Austria,06,573,46.87111,15.22472,False
Bad Gastein,Austria,05,3980,47.11547,13.13467,False
Bad Gleichenberg,Austria,06,1516,46.87556,15.90861,False
Bad Goisern,Austria,04,1987,47.64252,13.61609,False
Bad Hall,Austria,04,5296,48.03832,14.20773,False
Bad Hofgastein,Austria,05,2951,47.17274,13.09871,False
Bad Häring,Austria,07,2777,47.51071,12.11912,False
Bad Ischl,Austria,04,1914,47.71109,13.61893,False
Bad Kleinkirchheim,Austria,02,0,46.81556,13.78056,False
Bad Kreuzen,Austria,04,684,48.26737,14.80648,False
Bad Leonfelden,Austria,04,288,48.52047,14.29459,False
Bad Pirawarth,Austria,03,1238,48.45194,16.59833,False
Bad Radkersburg,Austria,06,1368,46.68806,15.98806,False
Bad Sankt Leonhard im Lavanttal,Austria,02,4375,46.96278,14.79167,False
Bad Sauerbrunn,Austria,01,2219,47.77439,16.32841,False
Bad Schallerbach,Austria,04,4028,48.22999,13.91925,False
Bad Schönau,Austria,03,481,47.49473,16.2341,False
Bad Tatzmannsdorf,Austria,01,697,47.33126,16.23067,False
Bad Traunstein,Austria,03,315,48.4385,15.11712,False
Bad Vigaun,Austria,05,2089,47.66667,13.13333,False
Bad Vöslau,Austria,03,7469,47.96533,16.21359,False
Bad Waltersdorf,Austria,06,1045,47.1696,16.0087,False
Bad Zell,Austria,04,1378,48.34906,14.66945,False
Baden,Austria,03,26286,48.00543,16.23264,False
Badersdorf,Austria,01,287,47.1961,16.3748,False
Baierdorf-Umgebung,Austria,06,903,47.28511,15.71045,False
Bairisch Kölldorf,Austria,06,1014,46.86667,15.93333,False
Baldramsdorf,Austria,02,657,46.80111,13.45333,False
Bartholomäberg,Austria,08,2341,47.09245,9.90813,False
Barwies,Austria,07,1107,47.305,10.96649,False
Batschuns,Austria,08,1181,47.27642,9.6717,False
Baumgarten bei Gnas,Austria,06,191,46.91667,15.76667,False
Baumkirchen,Austria,07,1284,47.3,11.56667,False
Behamberg,Austria,03,0,48.01667,14.48333,False
Berg,Austria,04,1491,48.29278,14.24778,False
Berg,Austria,03,861,48.10147,17.03842,False
Berg im Drautal,Austria,02,0,46.74915,13.13536,False
Bergern,Austria,04,1214,48.16752,14.11153,False
Bergham,Austria,04,1171,48.28182,14.23141,False
Bergheim,Austria,05,2777,47.8472,13.02914,False
Bergland,Austria,03,1909,48.15595,15.18553,False
Bernardin,Austria,04,4300,48.16042,14.00834,False
Berndorf,Austria,06,2522,47.41667,15.26667,False
Berndorf,Austria,03,9064,47.94567,16.10973,False
Berndorf bei Salzburg,Austria,05,1284,47.99532,13.06146,False
Bernhardsthal,Austria,03,830,48.69158,16.86951,False
Bernstein,Austria,01,956,47.4059,16.2606,False
Berwang,Austria,07,353,47.40807,10.74735,False
Bezau,Austria,08,2003,47.38478,9.90139,False
Biberbach,Austria,03,2270,48.03006,14.70795,False
Biberwier,Austria,07,628,47.38333,10.9,False
Bichlbach,Austria,07,542,47.42033,10.79042,False
Biedermannsdorf,Austria,03,2988,48.08393,16.34542,False
Bierbaum am Auersbach,Austria,06,451,46.82949,15.79237,False
Bildstein,Austria,08,766,47.45,9.76667,False
Birgitz,Austria,07,1419,47.23536,11.29922,False
Birkfeld,Austria,06,1634,47.35,15.68333,False
Bisamberg,Austria,03,4110,48.33125,16.3609,False
Bischofshofen,Austria,05,7457,47.41667,13.21667,False
Bischofstetten,Austria,03,644,48.12222,15.46909,False
Bizau,Austria,08,1107,47.36906,9.92839,False
Blaindorf,Austria,06,297,47.17498,15.86795,False
Bleiburg/Pliberk,Austria,02,4072,46.59,14.79889,False
Blindenmarkt,Austria,03,2712,48.12749,14.98647,False
Blons,Austria,08,349,47.22327,9.83414,False
Bludenz,Austria,08,15102,47.15476,9.82255,False
Bludesch,Austria,08,2386,47.2,9.73306,False
Blumau,Austria,03,1934,47.91634,16.2886,False
Bockfließ,Austria,03,1348,48.36,16.60389,False
Bocksdorf,Austria,01,813,47.14256,16.17784,False
Bodensdorf,Austria,02,1109,46.69111,13.97111,False
Bramberg am Wildkogel,Austria,05,2096,47.26979,12.3385,False
Brand,Austria,08,719,47.10083,9.73722,False
Brandenberg,Austria,07,1158,47.49053,11.89459,False
Brandln,Austria,04,2964,48.1451,13.99504,False
Braunau Neustadt,Austria,04,1823,48.24606,13.03583,False
Braunau am Inn,Austria,04,4194,48.25628,13.04343,False
Bregenz,Austria,08,29806,47.50311,9.7471,False
Breitenau,Austria,03,1576,47.73355,16.14338,False
Breitenbach am Inn,Austria,07,2143,47.47829,11.97372,False
Breitenbrunn,Austria,01,1938,47.94452,16.73149,False
Breitenfeld am Tannenriegel,Austria,06,183,46.85,15.63333,False
Breitenfeld an der Rittschein,Austria,06,380,47.03035,15.95753,False
Breitenfurt bei Wien,Austria,03,5853,48.13333,16.15,False
Breitenwang,Austria,07,1423,47.48713,10.7342,False
Bretstein,Austria,06,298,47.33333,14.41667,False
Brigittenau,Austria,09,86967,48.24275,16.37551,False
Brixen im Thale,Austria,07,2639,47.45,12.25,False
Brixlegg,Austria,07,1892,47.42942,11.87794,False
Bromberg,Austria,03,301,47.66539,16.2099,False
Bruck am Ziller,Austria,07,590,47.38998,11.85124,False
Bruck an der Großglocknerstraße,Austria,05,739,47.28494,12.8231,False
Bruck an der Leitha,Austria,03,6882,48.0242,16.7757,False
Bruck an der Mur,Austria,06,9093,47.41667,15.28333,False
Bruckneudorf,Austria,01,2721,48.0197,16.778,False
Brunn,Austria,06,1056,46.72944,15.3,False
Brunn am Gebirge,Austria,03,11864,48.10697,16.28466,False
Brunn an der Schneebergbahn,Austria,03,1324,47.82376,16.15934,False
Brunn an der Wild,Austria,03,302,48.69425,15.52008,False
Brückl,Austria,02,1519,46.75167,14.53667,False
Buch in Tirol,Austria,07,2548,47.37447,11.754,False
Buchbach,Austria,03,226,47.69648,15.98425,False
Buchkirchen,Austria,04,700,48.22427,14.02242,False
Burgau,Austria,06,1040,47.14268,16.09643,False
Burgfried,Austria,05,3358,47.68004,13.11175,False
Burgfried,Austria,04,2075,48.5199,14.2957,False
Bärnbach,Austria,06,4178,47.07141,15.12792,False
Bärnkopf,Austria,03,355,48.39046,15.00479,False
Böheimkirchen,Austria,03,2617,48.19779,15.76178,False
Bürmoos,Austria,05,4899,47.98343,12.91786,False
Bürs,Austria,08,3275,47.14972,9.8,False
Bürserberg,Austria,08,572,47.14644,9.77736,False
Dalaas,Austria,08,981,47.12446,9.99104,False
Damüls,Austria,08,313,47.28034,9.89164,False
Debant,Austria,07,2441,46.83333,12.81667,False
Dechantskirchen,Austria,06,647,47.41667,16.01667,False
Dellach,Austria,02,619,46.66175,13.07965,False
Dellach im Drautal,Austria,02,677,46.7375,13.07833,False
Desselbrunn,Austria,04,384,48.02145,13.77027,False
Deuchendorf,Austria,06,5507,47.46593,15.32172,False
Deutsch Goritz,Austria,06,382,46.75083,15.82944,False
Deutsch Griffen,Austria,02,364,46.85606,14.07501,False
Deutsch Jahrndorf,Austria,01,611,48.0112,17.1062,False
Deutsch Kaltenbrunn,Austria,01,1203,47.0888,16.1069,False
Deutsch Schützen-Eisenberg,Austria,01,1126,47.16667,16.45,False
Deutsch-Wagram,Austria,03,4632,48.29972,16.56667,False
Deutschfeistritz,Austria,06,2297,47.19852,15.33623,False
Deutschkreutz,Austria,01,2791,47.6,16.63333,False
Deutschlandsberg,Austria,06,8429,46.81528,15.22222,False
Dickerldorf,Austria,04,1003,48.17676,14.05705,False
Diemlach,Austria,06,1976,47.4361,15.2746,False
Dienersdorf,Austria,06,698,47.23979,15.90142,False
Dienten am Hochkönig,Austria,05,761,47.38324,13.00369,False
Diesseits,Austria,04,1176,48.29216,13.43546,False
Dietach,Austria,04,1389,48.09018,14.41647,False
Dietachdorf,Austria,04,1280,48.08364,14.42874,False
Dietersdorf,Austria,06,2240,47.20795,14.66333,False
Dietersdorf am Gnasbach,Austria,06,365,46.80917,15.81167,False
Diex,Austria,02,427,46.74435,14.61704,False
Dobersberg,Austria,03,772,48.9151,15.32188,False
Donaustadt,Austria,09,187007,48.2333,16.46002,False
Donawitz,Austria,06,3536,47.36667,15.06667,False
Donnersbach,Austria,06,289,47.46139,14.12972,False
Donnerskirchen,Austria,01,1810,47.89425,16.64635,False
Doppl,Austria,04,129,48.28245,14.56851,False
Doppl,Austria,04,3136,48.24811,14.25416,False
Doren,Austria,08,1029,47.49278,9.87972,False
Dorfbeuern,Austria,05,304,48.01667,13.01667,False
Dorfgastein,Austria,05,966,47.24172,13.10223,False
Dorfstetten,Austria,03,0,48.32573,14.98218,False
Dornbirn,Austria,08,49278,47.41427,9.74195,False
Draschen,Austria,02,10,46.76909,14.06758,False
Drasenhofen,Austria,03,537,48.75,16.65,False
Drassburg,Austria,01,1199,47.74645,16.48679,False
Droß,Austria,03,959,48.46393,15.57561,False
Drösing,Austria,03,882,48.539,16.90264,False
Döbling,Austria,09,75418,48.25,16.33333,False
Döbriach,Austria,02,1285,46.78049,13.65738,False
Dölsach,Austria,07,1090,46.82833,12.84528,False
Dörfl,Austria,04,1195,48.01245,13.65472,False
Düns,Austria,08,411,47.22353,9.71663,False
Dünserberg,Austria,08,84,47.22752,9.72372,False
Dürnau,Austria,04,2747,47.9971,13.64459,False
Dürnkrut,Austria,03,1750,48.47315,16.85062,False
Dürnstein,Austria,03,322,48.39582,15.51973,False
Dürnstein in der Steiermark,Austria,06,242,46.98833,14.39167,False
Ebbs,Austria,07,3050,47.63333,12.21667,False
Eben am Achensee,Austria,07,0,47.4138,11.76138,False
Eben im Pongau,Austria,05,1768,47.4,13.4,False
Ebenau,Austria,05,198,47.79073,13.17527,False
Ebenfurth,Austria,03,2564,47.87738,16.36731,False
Ebensee,Austria,04,4125,47.80716,13.779,False
Ebenthal,Austria,02,7851,46.60806,14.36417,False
Ebenthal,Austria,03,923,48.43333,16.78333,False
Eberau,Austria,01,366,47.10764,16.46044,False
Ebergassing,Austria,03,3090,48.04567,16.51709,False
Eberndorf,Austria,02,1124,46.59139,14.64361,False
Eberschwang,Austria,04,497,48.15504,13.56194,False
Ebersdorf,Austria,06,825,47.19852,15.96219,False
Eberstalzell,Austria,04,1065,48.04392,13.98319,False
Eberstein,Austria,02,694,46.80806,14.56,False
Ebreichsdorf,Austria,03,5236,47.95579,16.40705,False
Eching,Austria,05,1300,47.97263,12.88786,False
Echsenbach,Austria,03,777,48.71667,15.21667,False
Eckartsau,Austria,03,478,48.14507,16.79737,False
Edelsbach bei Feldbach,Austria,06,702,46.98944,15.83694,False
Edelschrott,Austria,06,1077,47.02156,15.05266,False
Edelsgrub,Austria,06,692,47.03333,15.6,False
Edelstal,Austria,01,747,48.0999,16.9884,False
Edelstauden,Austria,06,440,46.98333,15.61667,False
Edlitz,Austria,03,934,47.59797,16.14052,False
Edt bei Lambach,Austria,04,24,48.11667,13.88333,False
Eferding,Austria,04,4100,48.30866,14.02233,False
Egg,Austria,08,2422,47.43154,9.89762,False
Eggenberg,Austria,06,20511,47.07,15.39871,False
Eggenburg,Austria,03,3096,48.63892,15.81903,False
Eggendorf,Austria,03,4794,47.85809,16.32182,False
Eggendorf,Austria,03,1191,48.1313,15.6196,False
Eggern,Austria,03,477,48.90829,15.14877,False
Eggersdorf bei Graz,Austria,06,1808,47.12338,15.60084,False
Ehenbichl,Austria,07,660,47.46667,10.7,False
Ehrenhausen,Austria,06,1115,46.72417,15.58667,False
Ehrwald,Austria,07,2593,47.4,10.91667,False
Eibiswald,Austria,06,1423,46.68667,15.24722,False
Eichberg,Austria,06,380,47.38188,15.97356,False
Eichenberg,Austria,08,427,47.53333,9.78333,False
Eichfeld,Austria,06,347,46.72528,15.76806,False
Eichgraben,Austria,03,251,48.17204,15.98391,False
Eidenberg,Austria,04,901,48.39439,14.23313,False
Eisbach,Austria,06,993,47.11667,15.26667,False
Eisenerz,Austria,06,4048,47.53333,14.88333,False
Eisenstadt,Austria,01,9217,47.84565,16.52327,False
Eisenzicken,Austria,01,54353,47.27603,16.25908,False
Eisgarn,Austria,03,359,48.91675,15.1032,False
Elbigenalp,Austria,07,401,47.29041,10.43607,False
Elixhausen,Austria,05,2963,47.86667,13.06667,False
Ellbögen,Austria,07,1109,47.16667,11.45,False
Ellmau,Austria,07,2828,47.51378,12.29937,False
Elmen,Austria,07,323,47.34039,10.54318,False
Elsbethen,Austria,05,2587,47.76464,13.08104,False
Eltendorf,Austria,01,579,47.0087,16.20239,False
Emmersdorf an der Donau,Austria,03,720,48.2414,15.33721,False
Empersdorf,Austria,06,499,46.99892,15.59959,False
Endach,Austria,07,2415,47.56796,12.15603,False
Engelhartstetten,Austria,03,907,48.1816,16.88367,False
Engerwitzdorf,Austria,04,727,48.34507,14.44204,False
Enns,Austria,04,9812,48.21346,14.47612,False
Ennsdorf,Austria,03,3031,48.21181,14.5029,False
Enzenreith,Austria,03,760,47.66839,15.95249,False
Enzersdorf an der Fischa,Austria,03,2018,48.08502,16.60832,False
Enzersfeld,Austria,03,1089,48.36338,16.42387,False
Eppenstein,Austria,06,308,47.12833,14.7375,False
Erl,Austria,07,528,47.68333,12.18333,False
Erlauf,Austria,03,716,48.18333,15.18333,False
Ernstbrunn,Austria,03,1536,48.53333,16.35,False
Ernsthofen,Austria,03,2230,48.12915,14.48058,False
Erpersdorf,Austria,03,1531,48.3421,15.91747,False
Erpfendorf,Austria,07,1141,47.58333,12.46667,False
Ertl,Austria,03,1252,47.97704,14.63134,False
Esch,Austria,05,1721,47.8403,13.09223,False
Eschenau,Austria,03,572,48.04825,15.56694,False
Essling,Austria,09,21200,48.21289,16.52442,False
Eugendorf,Austria,05,2544,47.86765,13.12609,False
Euratsfeld,Austria,03,2639,48.08181,14.93154,False
Faak am See,Austria,02,1049,46.56806,13.90972,False
Faistenau,Austria,05,559,47.77767,13.23393,False
Falkenburg,Austria,06,1063,47.5,14.08333,False
Falkenstein,Austria,03,457,48.71667,16.58333,False
Fallbach,Austria,03,180,48.65,16.41667,False
Farrach,Austria,06,1145,47.18333,14.73333,False
Favoriten,Austria,09,201882,48.16116,16.38233,False
Fehring,Austria,06,1675,46.94,16.00806,False
Feistritz am Wechsel,Austria,03,863,47.6,16.05,False
Feistritz an der Drau,Austria,02,1720,46.70157,13.66479,False
Feistritz an der Gail,Austria,02,627,46.5775,13.60667,False
Feistritz bei Knittelfeld,Austria,06,614,47.26802,14.89334,False
Feistritz im Rosental,Austria,02,1015,46.5225,14.16826,False
Feistritz ob Bleiburg,Austria,02,287,46.56148,14.76249,False
Feld am See,Austria,02,667,46.77639,13.74778,False
Feldbach,Austria,06,4829,46.95306,15.88833,False
Feldkirch,Austria,08,33420,47.23645,9.59734,False
Feldkirchen an der Donau,Austria,04,903,48.34524,14.05134,False
Feldkirchen bei Graz,Austria,06,1625,47.01667,15.45,False
Feldkirchen in Kärnten,Austria,02,2831,46.72368,14.0958,False
Felixdorf,Austria,03,4292,47.88159,16.24208,False
Fels am Wagram,Austria,03,1571,48.43333,15.81667,False
Fendels,Austria,07,259,47.0539,10.67777,False
Ferlach,Austria,02,4342,46.52694,14.30194,False
Ferndorf,Austria,02,651,46.73651,13.62661,False
Fernitz,Austria,06,3119,46.97389,15.50111,False
Ferschnitz,Austria,03,1770,48.09419,14.98454,False
Fieberbrunn,Austria,07,4287,47.47626,12.54347,False
Fiecht,Austria,07,1076,47.35,11.7,False
Filzmoos,Austria,05,761,47.43333,13.51667,False
Finkenberg,Austria,07,1413,47.15279,11.82212,False
Finkenstein,Austria,02,1402,46.56155,13.87086,False
Finkenstein am Faaker See,Austria,02,8406,46.56081,13.87115,False
Fischamend,Austria,03,5708,48.11843,16.61211,False
Fischamend-Markt,Austria,03,4688,48.11667,16.6,False
Fischbach,Austria,06,873,47.44234,15.64972,False
Fisching,Austria,04,2033,48.22301,14.42771,False
Fiss,Austria,07,1009,47.05714,10.61747,False
Flachau,Austria,05,827,47.34406,13.39148,False
Fladnitz im Raabtal,Austria,06,765,46.99167,15.78528,False
Flatschach,Austria,06,180,47.21667,14.75,False
Flattach,Austria,02,396,46.93861,13.13444,False
Flaurling,Austria,07,1285,47.29143,11.12319,False
Fliess,Austria,07,3019,47.11667,10.61667,False
Flirsch,Austria,07,990,47.15,10.4,False
Floing,Austria,06,463,47.26356,15.7465,False
Floridsdorf,Austria,09,162779,48.25,16.4,False
Fohnsdorf,Austria,06,2947,47.20798,14.67586,False
Forchach,Austria,07,259,47.41667,10.58333,False
Forchtenstein,Austria,01,2796,47.71161,16.34525,False
Fornach,Austria,04,223,48.02277,13.42941,False
Forstau,Austria,05,540,47.37842,13.55558,False
Frankenburg,Austria,04,2122,48.06844,13.49065,False
Frankenfels,Austria,03,439,47.98234,15.32593,False
Frankenmarkt,Austria,04,2185,47.98333,13.41667,False
Frannach,Austria,06,209,46.91306,15.63361,False
Frastanz,Austria,08,6434,47.21735,9.62995,False
Frauenberg,Austria,06,69,47.42855,15.34206,False
Frauenkirchen,Austria,01,2862,47.83678,16.92581,False
Frauenstein,Austria,02,7,46.81417,14.29417,False
Fraxern,Austria,08,701,47.31498,9.67391,False
Freidorf an der Laßnitz,Austria,06,1087,46.81667,15.25,False
Freiland bei Deutschlandsberg,Austria,06,150,46.83333,15.13333,False
Freindorf,Austria,04,2320,48.2257,14.2951,False
Freistadt,Austria,04,7909,48.51103,14.50453,False
Fresach,Austria,02,560,46.71556,13.69083,False
Fresen,Austria,02,7,46.70516,14.04513,False
Friedberg,Austria,06,308,47.43333,16.05,False
Friesach,Austria,02,1950,46.95528,14.40583,False
Fritzens,Austria,07,2148,47.30535,11.5895,False
Frohnleiten,Austria,06,3106,47.26667,15.31667,False
Frohsdorf,Austria,03,1163,47.75076,16.26383,False
Fulpmes,Austria,07,3038,47.15202,11.34922,False
Furth an der Triesting,Austria,03,276,47.97326,15.97326,False
Furth bei Göttweig,Austria,03,1604,48.37385,15.61408,False
Fuschl am See,Austria,05,1520,47.8,13.3,False
Fußach,Austria,08,3871,47.47933,9.66278,False
Föderlach I,Austria,02,1012,46.59998,13.96128,False
Fügen,Austria,07,2617,47.347,11.84939,False
Fügenberg,Austria,07,717,47.3521,11.84173,False
Fünfhaus,Austria,09,76396,48.19596,16.3183,False
Fürnitz,Austria,02,1520,46.56188,13.81732,False
Fürstenfeld,Austria,06,6327,47.05,16.08333,False
Gaaden,Austria,03,1624,48.05364,16.20003,False
Gaal,Austria,06,119,47.27268,14.67003,False
Gabersdorf,Austria,06,353,46.77722,15.58417,False
Gablitz,Austria,03,4968,48.22856,16.15437,False
Gaflenz,Austria,04,758,47.89511,14.72477,False
Gailitz,Austria,02,1072,46.56083,13.70444,False
Gainfarn,Austria,03,3926,47.9628,16.19368,False
Gaißau,Austria,08,1827,47.46667,9.6,False
Gallizien,Austria,02,283,46.55,14.51667,False
Gallmannsegg,Austria,06,200,47.18333,15.06667,False
Gallneukirchen,Austria,04,6492,48.35363,14.41604,False
Gallspach,Austria,04,1885,48.20992,13.80981,False
Gallzein,Austria,07,668,47.36807,11.77159,False
Galtür,Austria,07,765,46.96667,10.18333,False
Gaming,Austria,03,2082,47.929,15.08818,False
Gamlitz,Austria,06,1572,46.72028,15.55333,False
Gampern,Austria,04,718,47.98877,13.5543,False
Gams bei Hieflau,Austria,06,517,47.66667,14.78333,False
Ganz,Austria,06,134,47.6,15.68333,False
Garanas,Austria,06,182,46.76667,15.11667,False
Gars am Kamp,Austria,03,1907,48.59769,15.66073,False
Garsten,Austria,04,2284,48.0224,14.40747,False
Gaschurn,Austria,08,1091,46.98584,10.02702,False
Gasen,Austria,06,125,47.38333,15.56667,False
Gaspoltshofen,Austria,04,1313,48.14324,13.73643,False
Gastern,Austria,03,347,48.89446,15.22027,False
Gattendorf,Austria,01,1332,48.01667,16.98333,False
Gaubitsch,Austria,03,375,48.65,16.38333,False
Gaumberg,Austria,04,1628,48.28085,14.26935,False
Gaweinstal,Austria,03,1660,48.48003,16.5879,False
Geboltskirchen,Austria,04,407,48.15338,13.6336,False
Gedersdorf,Austria,03,471,48.43319,15.68865,False
Geidorf,Austria,06,24767,47.08393,15.444,False
Geistthal,Austria,06,233,47.16667,15.16667,False
Georgenberg,Austria,05,1809,47.63333,13.15,False
Geras,Austria,03,473,48.79725,15.67268,False
Gerasdorf bei Wien,Austria,03,9442,48.29447,16.46765,False
Gerersdorf,Austria,03,584,48.20088,15.55613,False
Gerlos,Austria,07,790,47.22464,12.03012,False
Gerlosberg,Austria,07,465,47.2201,11.93468,False
Gerolding,Austria,03,246,48.25,15.41667,False
Gersdorf an der Feistritz,Austria,06,583,47.16667,15.85,False
Gfangen,Austria,01,5779,47.3819,16.1011,False
Gföhl,Austria,03,2125,48.51667,15.48333,False
Gießhübl,Austria,03,2335,48.0978,16.23479,False
Glanegg,Austria,05,2154,47.75,13.0,False
Glanegg,Austria,02,245,46.72259,14.19893,False
Glasenbach,Austria,05,1605,47.76667,13.08333,False
Gleinstätten,Austria,06,1010,46.75361,15.36972,False
Gleisdorf,Austria,06,6418,47.10559,15.71011,False
Glinzendorf,Austria,03,295,48.24605,16.6406,False
Globasnitz,Austria,02,293,46.55694,14.70278,False
Gloggnitz,Austria,03,4730,47.67487,15.93893,False
Glojach,Austria,06,18,46.86667,15.66667,False
Glödnitz,Austria,02,321,46.87398,14.11915,False
Gmunden,Austria,04,13191,47.91839,13.79933,False
Gmünd,Austria,03,4674,48.7683,14.9808,False
Gmünd,Austria,02,2550,46.90722,13.52944,False
Gnadendorf,Austria,03,258,48.61667,16.4,False
Gnadenwald,Austria,07,826,47.31667,11.56667,False
Gnas,Austria,06,818,46.87306,15.82528,False
Gneixendorf,Austria,03,1150,48.43751,15.6181,False
Gnesau,Austria,02,353,46.77544,13.96251,False
Gniebing,Austria,06,1095,46.96252,15.85645,False
Going,Austria,07,358,47.51332,12.33164,False
Goldegg,Austria,05,0,47.31875,13.09922,False
Goldwörth,Austria,04,792,48.32664,14.10112,False
Golling an der Salzach,Austria,05,2014,47.6,13.16667,False
Gols,Austria,01,3835,47.89689,16.91113,False
Gosau,Austria,04,1792,47.58417,13.53447,False
Gosdorf,Austria,06,587,46.72778,15.7925,False
Gossendorf,Austria,06,630,46.91076,15.93043,False
Grabersdorf,Austria,06,330,46.84306,15.82472,False
Grafendorf bei Hartberg,Austria,06,1047,47.34028,15.9906,False
Grafenegg,Austria,03,45,48.4304,15.74907,False
Grafenschachen,Austria,01,968,47.3632,16.0663,False
Grafenschlag,Austria,03,389,48.5,15.16667,False
Grafenstein,Austria,02,989,46.61393,14.46719,False
Grafenwörth,Austria,03,1312,48.4079,15.77826,False
Gralla,Austria,06,2390,46.81404,15.5551,False
Gramais,Austria,07,45,47.26667,10.53333,False
Gramastetten,Austria,04,1592,48.38028,14.19185,False
Gramatneusiedl,Austria,03,3461,48.0304,16.48936,False
Grambach,Austria,06,1778,47.01473,15.50407,False
Gratkorn,Austria,06,6806,47.13333,15.35,False
Gratwein,Austria,06,3729,47.11667,15.31667,False
Graz,Austria,06,303270,47.06733,15.44197,False
Greifenburg,Austria,02,1012,46.75027,13.17982,False
Grein,Austria,04,2068,48.22862,14.85884,False
Greinsfurth,Austria,03,1185,48.10846,14.8439,False
Greisdorf,Austria,06,445,46.92647,15.21906,False
Gressenberg,Austria,06,286,46.8,15.11667,False
Gresten,Austria,03,1695,47.98521,15.02552,False
Gries,Austria,02,1203,46.8316,14.85103,False
Gries,Austria,06,29363,47.06236,15.42421,False
Gries am Brenner,Austria,07,1361,47.03849,11.48131,False
Gries im Sellrain,Austria,07,610,47.19554,11.15619,False
Grieskirchen,Austria,04,4515,48.23333,13.83333,False
Griffen,Austria,02,823,46.70444,14.73278,False
Grimmenstein,Austria,03,953,47.61635,16.12724,False
Grins,Austria,07,1398,47.14034,10.51409,False
Grinzens,Austria,07,1399,47.22927,11.25318,False
Grossarl,Austria,05,3825,47.23333,13.2,False
Grossgmain,Austria,05,2615,47.72416,12.90851,False
Grosshöflein,Austria,01,2048,47.83586,16.48035,False
Grosspetersdorf,Austria,01,3531,47.23895,16.31783,False
Grossraming,Austria,04,1097,47.88333,14.55,False
Grosssulz,Austria,06,1176,46.94556,15.49028,False
Groß Sankt Florian,Austria,06,911,46.82444,15.31861,False
Groß-Engersdorf,Austria,03,1478,48.35873,16.5661,False
Groß-Enzersdorf,Austria,03,6616,48.20278,16.55083,False
Groß-Gerungs,Austria,03,1121,48.57422,14.95789,False
Groß-Schweinbarth,Austria,03,1245,48.41472,16.63194,False
Groß-Siegharts,Austria,03,1992,48.7918,15.40429,False
Großdorf,Austria,08,1125,47.43361,9.91528,False
Großebersdorf,Austria,03,1108,48.36405,16.47076,False
Großharras,Austria,03,482,48.66389,16.24556,False
Großhofen,Austria,03,98,48.25834,16.6194,False
Großkirchheim,Austria,02,0,46.9727,12.89589,False
Großklein,Austria,06,639,46.73611,15.44444,False
Großkrut,Austria,03,901,48.64389,16.72361,False
Großlobming,Austria,06,1228,47.18333,14.8,False
Großmugl,Austria,03,543,48.49917,16.23056,False
Großriedenthal,Austria,03,423,48.48333,15.86667,False
Großrußbach,Austria,03,895,48.47412,16.41649,False
Großsölk,Austria,06,462,47.41667,13.96667,False
Großweikersdorf,Austria,03,1814,48.47123,15.98251,False
Grän,Austria,07,345,47.5,10.55,False
Gröbming,Austria,06,3013,47.44272,13.90122,False
Grödig,Austria,05,3751,47.73833,13.0373,False
Grünau im Almtal,Austria,04,2064,47.85493,13.95573,False
Grünbach am Schneeberg,Austria,03,1480,47.79747,15.98785,False
Grünburg,Austria,04,3824,47.97234,14.26472,False
Gschnitz,Austria,07,434,47.04469,11.35089,False
Gschwandt,Austria,04,1782,47.93515,13.84569,False
Gugging,Austria,03,1173,48.31385,16.24852,False
Gumpoldskirchen,Austria,03,3899,48.04538,16.2771,False
Gundersdorf,Austria,06,296,46.95,15.23333,False
Gunskirchen,Austria,04,3778,48.13333,13.95,False
Guntersdorf,Austria,03,806,48.65,16.05,False
Guntramsdorf,Austria,03,9179,48.04687,16.31384,False
Gurk,Austria,02,857,46.87389,14.29167,False
Gutau,Austria,04,1097,48.41724,14.61285,False
Gutenbrunn,Austria,03,452,48.3652,15.11899,False
Gutenstein,Austria,03,355,47.876,15.88881,False
Guttaring,Austria,02,878,46.88536,14.51071,False
Gänserndorf,Austria,03,11404,48.33925,16.72016,False
Göfis,Austria,08,3312,47.23356,9.63458,False
Göllersdorf,Austria,03,1391,48.49357,16.11943,False
Göpfritz an der Wild,Austria,03,770,48.72497,15.40236,False
Göss,Austria,06,3752,47.35871,15.10015,False
Gössenberg,Austria,06,0,47.41667,13.81667,False
Gössendorf,Austria,06,2539,46.99826,15.48556,False
Gösting,Austria,06,11255,47.09788,15.39777,False
Göstling an der Ybbs,Austria,03,556,47.80664,14.93797,False
Göttelsberg,Austria,06,1177,47.21667,15.6,False
Götzendorf an der Leitha,Austria,03,1520,48.01667,16.58333,False
Götzens,Austria,07,4062,47.23606,11.31154,False
Götzis,Austria,08,11473,47.33306,9.63306,False
Günselsdorf,Austria,03,1707,47.94395,16.26062,False
Güssing,Austria,01,2719,47.05936,16.32431,False
Güttenbach,Austria,01,898,47.1571,16.2923,False
Haag,Austria,04,5273,48.27063,14.26875,False
Haag,Austria,03,1005,48.19027,15.90135,False
Haag,Austria,03,2777,48.11362,14.56753,False
Haag am Hausruck,Austria,04,1144,48.18423,13.64373,False
Habach,Austria,05,1092,47.81753,13.16252,False
Hackerberg,Austria,01,357,47.19819,16.10568,False
Hadersdorf am Kamp,Austria,03,1653,48.45848,15.72051,False
Hadres,Austria,03,700,48.70965,16.13038,False
Hafendorf,Austria,06,6506,47.45653,15.31837,False
Hafnerbach,Austria,03,452,48.21667,15.48333,False
Hagenberg im Mühlkreis,Austria,04,1686,48.36788,14.51689,False
Hagenbrunn,Austria,03,1875,48.33333,16.4,False
Haibach im Mühlkreis,Austria,04,80,48.44429,14.34411,False
Haid,Austria,04,7424,48.20477,14.25107,False
Haiden,Austria,04,1556,47.7179,13.56906,False
Haidershofen,Austria,03,3670,48.07579,14.46131,False
Haidl,Austria,04,1931,48.17267,14.05297,False
Haiming,Austria,07,2428,47.25,10.88333,False
Hainburg an der Donau,Austria,03,6570,48.14627,16.94504,False
Hainersdorf,Austria,06,304,47.11506,15.94374,False
Hainfeld,Austria,03,1926,48.0339,15.77414,False
Hainsdorf im Schwarzautal,Austria,06,134,46.83583,15.64139,False
Hainzenberg,Austria,07,731,47.21788,11.90034,False
Halbenrain,Austria,06,598,46.72194,15.94667,False
Halbturn,Austria,01,1901,47.87019,16.97542,False
Hall bei Admont,Austria,06,1736,47.587,14.46372,False
Hall in Tirol,Austria,07,13334,47.28333,11.51667,False
Hallein,Austria,05,7208,47.68333,13.1,False
Hallwang,Austria,05,1348,47.85,13.08333,False
Handenberg,Austria,04,273,48.13356,13.00751,False
Hannersdorf,Austria,01,407,47.22895,16.3825,False
Hard,Austria,08,13495,47.48306,9.68306,False
Hardegg,Austria,03,82,48.85,15.85,False
Haringsee,Austria,03,673,48.1927,16.78741,False
Harland,Austria,03,1537,48.16162,15.63835,False
Harmannsdorf,Austria,03,541,48.39724,16.3722,False
Hart,Austria,03,1194,48.1532,15.61569,False
Hart,Austria,04,5610,48.26526,14.25691,False
Hart bei Graz,Austria,06,4972,47.04311,15.51527,False
Hart im Zillertal,Austria,07,789,47.35106,11.86476,False
Hartberg,Austria,06,4170,47.28333,15.96667,False
Hartheim,Austria,04,1131,48.28079,14.11426,False
Hartkirchen,Austria,04,1120,48.36349,14.00422,False
Hartl,Austria,06,796,47.18333,15.91667,False
Hartmannsdorf,Austria,06,1519,47.05461,15.83941,False
Haselbach,Austria,04,2862,48.25308,13.05614,False
Haslach an der Mühl,Austria,04,1688,48.5757,14.03984,False
Hatting,Austria,07,1368,47.2787,11.16838,False
Hatzendorf,Austria,06,762,46.97686,16.00107,False
Haugschlag,Austria,03,239,48.9967,15.05831,False
Haugsdorf,Austria,03,801,48.70762,16.07656,False
Haunoldstein,Austria,03,302,48.2,15.45,False
Haus,Austria,06,875,47.40997,13.76724,False
Haus im Ennstal,Austria,06,2429,47.41058,13.76759,False
Hausbrunn,Austria,03,857,48.62602,16.82844,False
Hauskirchen,Austria,03,597,48.61324,16.75872,False
Hausleiten,Austria,03,1488,48.38333,16.1,False
Hausmannstätten,Austria,06,2934,46.99111,15.51139,False
Hausmening,Austria,03,2043,48.07074,14.81438,False
Heidenreichstein,Austria,03,2593,48.86667,15.11667,False
Heiligenblut,Austria,02,1069,47.03979,12.84345,False
Heiligenbrunn,Austria,01,244,47.02705,16.41688,False
Heiligeneich,Austria,03,1066,48.29964,15.89413,False
Heiligenkreuz,Austria,03,509,48.05559,16.12493,False
Heiligenkreuz am Waasen,Austria,06,1462,46.95583,15.58806,False
Heiligenkreuz im Lafnitztal,Austria,01,814,46.98917,16.26083,False
Heimschuh,Austria,06,1025,46.76,15.49306,False
Heinfels,Austria,07,0,46.75,12.45,False
Heiterwang,Austria,07,532,47.45,10.75,False
Hellmonsödt,Austria,04,1551,48.43333,14.3,False
Hengsberg,Austria,06,196,46.8692,15.4505,False
Henndorf am Wallersee,Austria,05,4947,47.9,13.18333,False
Hennersdorf,Austria,03,1541,48.11173,16.36311,False
Hermagor,Austria,02,1535,46.62722,13.36722,False
Hernals,Austria,09,57546,48.22544,16.30871,False
Hernstein,Austria,03,473,47.89465,16.10561,False
Herrnbaumgarten,Austria,03,943,48.69606,16.68283,False
Herzogenburg,Austria,03,2951,48.28137,15.69431,False
Herzogsdorf,Austria,04,509,48.43011,14.1128,False
Hetzendorf,Austria,06,1035,47.18333,14.68333,False
Heugraben,Austria,01,216,47.11783,16.19041,False
Hieflau,Austria,06,580,47.60639,14.74503,False
Hietzing,Austria,09,54265,48.18623,16.2965,False
Himberg,Austria,03,5331,48.08333,16.43333,False
Himmelberg,Austria,02,563,46.75667,14.03056,False
Himmelreich,Austria,05,1186,47.79,12.987,False
Hinterberg,Austria,06,1050,47.36066,15.06951,False
Hinterbrühl,Austria,03,3466,48.08611,16.24809,False
Hinterglemm,Austria,05,1104,47.37685,12.59583,False
Hinterleiten,Austria,03,1323,48.16513,15.96654,False
Hintersee,Austria,05,252,47.7,13.28333,False
Hippach,Austria,07,1371,47.20435,11.86523,False
Hirm,Austria,01,1009,47.78652,16.4546,False
Hirnsdorf,Austria,06,667,47.19167,15.82868,False
Hirschbach,Austria,03,514,48.74329,15.12521,False
Hirschegg,Austria,08,1354,47.34813,10.17137,False
Hirtenberg,Austria,03,2586,47.93095,16.17908,False
Hittisau,Austria,08,2032,47.45781,9.95962,False
Hitzendorf,Austria,06,1129,47.03333,15.3,False
Hochburg-Ach,Austria,04,0,48.13001,12.87735,False
Hochfilzen,Austria,07,1196,47.46667,12.61667,False
Hochleithen,Austria,03,0,48.45317,16.5309,False
Hochpoint,Austria,04,1545,48.16139,14.03838,False
Hochtregist,Austria,06,1129,47.1,15.13333,False
Hochwolkersdorf,Austria,03,865,47.66127,16.28072,False
Hof,Austria,05,1295,47.35,13.31667,False
Hof,Austria,04,1187,47.86667,13.31667,False
Hof am Leithaberge,Austria,03,1549,47.95,16.58333,False
Hof bei Salzburg,Austria,05,3562,47.81929,13.21488,False
Hof bei Straden,Austria,06,380,46.8,15.93333,False
Hofamt Priel,Austria,03,475,48.19581,15.07746,False
Hofkirchen im Traunkreis,Austria,04,1266,48.14312,14.37776,False
Hofstetten,Austria,03,1141,48.09711,15.51149,False
Hofstätten an der Raab,Austria,06,574,47.06667,15.73333,False
Hohenau an der March,Austria,03,2738,48.6042,16.9047,False
Hohenau an der Raab,Austria,06,492,47.3,15.55,False
Hohenberg,Austria,03,850,47.90679,15.61998,False
Hoheneich,Austria,03,1035,48.77195,15.02857,False
Hohenems,Austria,08,16317,47.36121,9.68694,False
Hohenruppersdorf,Austria,03,910,48.46439,16.65244,False
Hohentauern,Austria,06,327,47.43333,14.48333,False
Hohenthurn,Austria,02,209,46.55774,13.66038,False
Hohenweiler,Austria,08,1271,47.58449,9.7795,False
Hollabrunn,Austria,03,6882,48.55,16.08333,False
Hollenegg,Austria,06,201,46.79147,15.21345,False
Hollenstein an der Ybbs,Austria,03,554,47.80305,14.77312,False
Hollenthon,Austria,03,422,47.58938,16.26131,False
Hollersbach im Pinzgau,Austria,05,415,47.27658,12.42326,False
Holzgau,Austria,07,412,47.26045,10.34419,False
Holzhausen,Austria,04,661,48.22296,14.09683,False
Hopfgarten im Brixental,Austria,07,5630,47.4498,12.15659,False
Hopfgarten in Defereggen,Austria,07,249,46.91917,12.53639,False
Horitschon,Austria,01,1385,47.58729,16.54696,False
Horn,Austria,03,5494,48.66274,15.65663,False
Hornstein,Austria,01,3012,47.88049,16.44447,False
Hundsheim,Austria,03,590,48.11749,16.93581,False
Hutten,Austria,03,1428,48.17856,15.98579,False
Häselgehr,Austria,07,537,47.31667,10.5,False
Höchst,Austria,08,7995,47.45934,9.6405,False
Höf,Austria,06,1027,47.13401,15.49092,False
Höfen,Austria,07,1200,47.46667,10.68333,False
Höflein,Austria,03,1234,48.06667,16.78333,False
Höfling,Austria,03,11,48.05444,15.03672,False
Hönigsberg,Austria,06,1789,47.58038,15.64808,False
Hörbranz,Austria,08,6346,47.55,9.75,False
Hörsching,Austria,04,2155,48.22627,14.17786,False
Hörtendorf,Austria,02,2437,46.63333,14.4,False
Hötting,Austria,07,35043,47.26815,11.36868,False
Hürm,Austria,03,664,48.15601,15.41262,False
Hüttau,Austria,05,410,47.4161,13.30775,False
Hüttenberg,Austria,02,338,46.94139,14.55,False
Hüttschlag,Austria,05,605,47.17635,13.23239,False
Igls,Austria,07,2444,47.23127,11.41018,False
Illitsch,Austria,02,0,46.53855,13.86681,False
Illmitz,Austria,01,2385,47.76148,16.80024,False
Ilz,Austria,06,1192,47.08649,15.92676,False
Imst,Austria,07,10504,47.24504,10.73974,False
Imsterberg,Austria,07,777,47.20517,10.69605,False
Innerbraz,Austria,08,994,47.15,9.91667,False
Innere Stadt,Austria,06,3818,47.0665,15.44051,False
Innere Stadt,Austria,09,16450,48.20906,16.37135,False
Innerschwand,Austria,04,985,47.83333,13.4,False
Innervillgraten,Austria,07,938,46.81194,12.37472,False
Innsbruck,Austria,07,132493,47.26266,11.39454,False
Inzenhof,Austria,01,334,47.01667,16.31667,False
Inzersdorf im Kremstal,Austria,04,1111,47.92808,14.08104,False
Inzing,Austria,07,3566,47.2737,11.19751,False
Irdning,Austria,06,794,47.50529,14.10155,False
Irrsdorf,Austria,05,1062,47.96667,13.28333,False
Irschen,Austria,02,430,46.75694,13.02528,False
Ischgl,Austria,07,1233,47.01257,10.29179,False
Itter,Austria,07,1150,47.47009,12.14391,False
Jabing,Austria,01,734,47.2388,16.27659,False
Jagerberg,Austria,06,355,46.85361,15.73806,False
Jaidhof,Austria,03,385,48.53333,15.48333,False
Jakomini,Austria,06,32912,47.05441,15.44984,False
Japons,Austria,03,234,48.7925,15.56831,False
Jedenspeigen,Austria,03,653,48.49807,16.87225,False
Jenbach,Austria,07,7120,47.39173,11.77245,False
Jennersdorf,Austria,01,2358,46.93848,16.14158,False
Jerzens,Austria,07,975,47.1512,10.74686,False
Jochberg,Austria,07,1577,47.3792,12.41807,False
Johnsbach,Austria,06,154,47.53333,14.58333,False
Jois,Austria,01,1612,47.96165,16.79604,False
Josefstadt,Austria,09,24499,48.21243,16.34549,False
Judenburg,Austria,06,8481,47.16667,14.66667,False
Judendorf,Austria,06,1592,47.11667,15.35,False
Judendorf,Austria,06,5475,47.4,15.1,False
Jungholz,Austria,07,301,47.57409,10.44723,False
Kaibing,Austria,06,388,47.2,15.83333,False
Kainach bei Voitsberg,Austria,06,460,47.13637,15.0953,False
Kainbach,Austria,06,1551,47.08333,15.51667,False
Kaindorf,Austria,06,1149,47.22537,15.91125,False
Kaindorf an der Sulm,Austria,06,2432,46.79248,15.53879,False
Kaisersdorf,Austria,01,620,47.53741,16.39198,False
Kals am Großglockner,Austria,07,0,47.00227,12.64552,False
Kalsdorf bei Graz,Austria,06,5171,46.96528,15.48028,False
Kaltenbach,Austria,04,1516,47.70766,13.6105,False
Kaltenbach,Austria,07,1313,47.28333,11.86667,False
Kaltenleutgeben,Austria,03,3276,48.11646,16.19956,False
Kalwang,Austria,06,772,47.42678,14.75442,False
Kammern im Liesingtal,Austria,06,885,47.39245,14.90407,False
Kapellen,Austria,06,428,47.64784,15.62863,False
Kapelln,Austria,03,296,48.25817,15.75731,False
Kapfenberg,Austria,06,3296,47.44458,15.29331,False
Kapfenstein,Austria,06,437,46.88611,15.97167,False
Kapfing,Austria,07,1006,47.33333,11.85,False
Kappel am Krappfeld,Austria,02,391,46.83861,14.48639,False
Kappl,Austria,07,2102,47.06667,10.38333,False
Kaprun,Austria,05,3177,47.27239,12.75985,False
Karlstetten,Austria,03,1353,48.2592,15.56544,False
Karres,Austria,07,609,47.21667,10.78333,False
Karrösten,Austria,07,676,47.2254,10.76561,False
Kartitsch,Austria,07,756,46.72889,12.50083,False
Kasten bei Böheimkirchen,Austria,03,457,48.1532,15.77946,False
Katsdorf,Austria,04,1289,48.31791,14.47432,False
Katzelsdorf,Austria,03,3112,47.78055,16.26985,False
Katzelsdorf,Austria,03,1008,48.28456,16.10836,False
Kaumberg,Austria,03,619,48.02415,15.89842,False
Kauns,Austria,07,502,47.07822,10.69219,False
Kautzen,Austria,03,589,48.93,15.23932,False
Kematen an der Krems,Austria,04,1613,48.1115,14.19391,False
Kematen an der Ybbs,Austria,03,2625,48.02541,14.76468,False
Kematen in Tirol,Austria,07,2822,47.25,11.26667,False
Kemeten,Austria,01,1493,47.24859,16.15213,False
Kennelbach,Austria,08,1944,47.48306,9.76667,False
Keutschach am See,Austria,02,434,46.59306,14.18889,False
Kierling,Austria,03,3243,48.30997,16.27616,False
Kilb,Austria,03,1229,48.10101,15.4085,False
Kindberg,Austria,06,5197,47.5,15.45,False
Kirchbach,Austria,02,487,46.6416,13.18454,False
Kirchbach in Steiermark,Austria,06,858,46.93167,15.66194,False
Kirchberg am Wagram,Austria,03,1277,48.43182,15.89692,False
Kirchberg am Walde,Austria,03,520,48.72477,15.08826,False
Kirchberg am Wechsel,Austria,03,1821,47.60738,15.99103,False
Kirchberg an der Pielach,Austria,03,1271,48.0269,15.42875,False
Kirchberg an der Raab,Austria,06,982,46.98583,15.76694,False
Kirchberg in Tirol,Austria,07,5245,47.44539,12.31602,False
Kirchberg ob der Donau,Austria,04,351,48.4444,13.93805,False
Kirchbichl,Austria,07,5855,47.51743,12.09629,False
Kirchdorf an der Krems,Austria,04,4502,47.90558,14.12228,False
Kirchdorf in Tirol,Austria,07,2795,47.55626,12.44511,False
Kirchenviertel,Austria,06,5791,47.13124,15.34764,False
Kirchschlag,Austria,03,240,48.39345,15.22285,False
Kirchschlag bei Linz,Austria,04,726,48.41149,14.27656,False
Kirchschlag in der Buckligen Welt,Austria,03,1554,47.5,16.28333,False
Kirchstetten,Austria,03,769,48.18333,15.81667,False
Kirnberg an der Mank,Austria,03,551,48.07246,15.32232,False
Kittsee,Austria,01,3162,48.0925,17.06389,False
Kitzbühel,Austria,07,8272,47.44637,12.39215,False
Kitzeck im Sausal,Austria,06,0,46.78072,15.45384,False
Klaffenegg,Austria,06,0,47.51813,15.76006,False
Klaffer am Hochficht,Austria,04,408,48.69544,13.88131,False
Klagenfurt am Wörthersee,Austria,02,100316,46.62472,14.30528,False
Klaus,Austria,08,3118,47.36333,9.87778,False
Klaus,Austria,08,3118,47.30913,9.64678,False
Klausen-Leopoldsdorf,Austria,03,1681,48.08771,16.01686,False
Klausner,Austria,06,0,47.5756,14.35029,False
Klein Sankt Paul,Austria,02,1030,46.83611,14.54139,False
Klein-Neusiedl,Austria,03,907,48.09379,16.60661,False
Klein-Pöchlarn,Austria,03,991,48.21667,15.21667,False
Kleinarl,Austria,05,792,47.27725,13.31955,False
Kleinedling,Austria,02,1840,46.81417,14.82778,False
Kleinhöflein im Burgenland,Austria,01,2868,47.84151,16.50413,False
Kleinlobming,Austria,06,366,47.14954,14.84875,False
Kleinmürbisch,Austria,01,226,47.03299,16.32448,False
Kleinsöding,Austria,06,1035,47.0,15.28333,False
Kleinsölk,Austria,06,562,47.39444,13.93944,False
Kleinzell,Austria,03,624,47.97993,15.7362,False
Klingenbach,Austria,01,1172,47.75202,16.54069,False
Kloster,Austria,06,108,46.88333,15.08333,False
Klosterneuburg,Austria,03,15614,48.30521,16.32522,False
Klöch,Austria,06,396,46.76472,15.96556,False
Klösterle,Austria,08,596,47.13333,10.08333,False
Knittelfeld,Austria,06,11521,47.21667,14.81667,False
Kobenz,Austria,06,651,47.25,14.85,False
Kobersdorf,Austria,01,1074,47.59572,16.39173,False
Koblach,Austria,08,4577,47.33306,9.6,False
Kohfidisch,Austria,01,919,47.17472,16.35701,False
Kohlberg,Austria,06,298,46.9,15.78333,False
Kohlschwarz,Austria,06,253,47.11667,15.11667,False
Kolsass,Austria,07,1626,47.3,11.63333,False
Kolsassberg,Austria,07,817,47.2815,11.65289,False
Kopfing im Innkreis,Austria,04,600,48.43991,13.65841,False
Koppl,Austria,05,453,47.80808,13.15561,False
Korneuburg,Austria,03,12986,48.35,16.33333,False
Kottingbrunn,Austria,03,7417,47.95096,16.22715,False
Krakaudorf,Austria,06,609,47.18131,14.02061,False
Krakauhintermühlen,Austria,06,517,47.18333,13.98333,False
Krakauschatten,Austria,06,293,47.18333,13.96667,False
Kramsach,Austria,07,0,47.44312,11.87545,False
Kraubath an der Mur,Austria,06,995,47.3,14.93333,False
Krems an der Donau,Austria,03,14473,48.40921,15.61415,False
Kremsdorf,Austria,04,1364,48.20031,14.26249,False
Kremsmünster,Austria,04,6585,48.0529,14.12919,False
Krensdorf,Austria,01,642,47.78552,16.41495,False
Kreuzstetten,Austria,03,0,48.48046,16.47323,False
Krieglach,Austria,06,3062,47.54728,15.56248,False
Krimml,Austria,05,876,47.21799,12.17487,False
Krispl,Austria,05,110,47.71667,13.18333,False
Kritzendorf,Austria,03,2457,48.32932,16.30011,False
Kronstorf,Austria,04,1617,48.14324,14.46307,False
Krottendorf,Austria,06,871,47.2,15.63333,False
Krottendorf bei Ligist,Austria,06,1211,47.01667,15.21667,False
Krumau am Kamp,Austria,03,256,48.58879,15.44914,False
Krumbach,Austria,08,1042,47.48306,9.93583,False
Krumbach Markt,Austria,03,2316,47.52183,16.19419,False
Krumegg,Austria,06,1156,47.02111,15.63139,False
Krumnussbaum,Austria,03,1135,48.20877,15.16212,False
Krumpendorf,Austria,02,3497,46.62526,14.21664,False
Krusdorf,Austria,06,256,46.83944,15.86083,False
Kuchl,Austria,05,1883,47.62647,13.1448,False
Kufstein,Austria,07,9848,47.58333,12.16667,False
Kukmirn,Austria,01,718,47.07544,16.21033,False
Kulm am Zirbitz,Austria,06,299,47.05814,14.48702,False
Kumberg,Austria,06,1707,47.16422,15.53261,False
Kundl,Austria,07,3771,47.46667,11.98333,False
Köflach,Austria,06,4375,47.06667,15.08333,False
Königsdorf,Austria,01,720,47.0025,16.1682,False
Königstetten,Austria,03,2406,48.30198,16.14492,False
Königswiesen,Austria,04,1271,48.40453,14.83824,False
Kössen,Austria,07,4346,47.6699,12.40545,False
Köstendorf,Austria,05,1055,47.95,13.2,False
Kötschach,Austria,02,1498,46.68167,13.00694,False
Köttmannsdorf,Austria,02,743,46.56139,14.23389,False
Kühnsdorf,Austria,02,1521,46.62194,14.63639,False
Laa an der Thaya,Austria,03,4777,48.71667,16.38333,False
Laab,Austria,04,3150,48.2611,13.05418,False
Laab im Walde,Austria,03,1137,48.15486,16.17359,False
Laahen,Austria,04,4836,48.17192,14.00637,False
Laakirchen,Austria,04,9861,47.98188,13.82166,False
Labuch,Austria,06,346,47.06667,15.66667,False
Lackenbach,Austria,01,1167,47.59042,16.46533,False
Lackendorf,Austria,01,604,47.58996,16.50404,False
Ladendorf,Austria,03,1339,48.53333,16.48333,False
Ladis,Austria,07,531,47.07459,10.64949,False
Lafnitz,Austria,06,967,47.36792,16.01103,False
Lambach,Austria,04,3279,48.09276,13.87453,False
Lamprechtshausen,Austria,05,1866,47.99098,12.95481,False
Landeck,Austria,07,7725,47.13988,10.56593,False
Landegg,Austria,03,1085,47.9,16.4,False
Landl,Austria,06,0,47.65666,14.73189,False
Landskron,Austria,02,4304,46.62907,13.88434,False
Landstraße,Austria,09,98389,48.2019,16.38792,False
Lang,Austria,06,183,46.83765,15.50471,False
Langau,Austria,03,627,48.83207,15.7156,False
Langegg bei Graz,Austria,06,0,47.05,15.63333,False
Langen,Austria,08,1405,47.51667,9.81667,False
Langenegg,Austria,08,1133,47.46922,9.89744,False
Langenlebarn-Oberaigen,Austria,03,1418,48.33023,16.11059,False
Langenlois,Austria,03,4777,48.46667,15.66667,False
Langenrohr,Austria,03,1320,48.30489,16.01034,False
Langenstein,Austria,04,2534,48.252,14.47655,False
Langenwang,Austria,06,3119,47.56667,15.61667,False
Langenzersdorf,Austria,03,8137,48.30432,16.36143,False
Langholzfeld,Austria,04,3622,48.24297,14.24772,False
Langkampfen,Austria,07,0,47.54878,12.10127,False
Langschlag,Austria,03,631,48.57448,14.88459,False
Lannach,Austria,06,1334,46.94611,15.33722,False
Lans,Austria,07,1096,47.23833,11.43139,False
Lanzendorf,Austria,03,1886,48.11056,16.445,False
Lanzenkirchen,Austria,03,837,47.73621,16.21985,False
Lassee,Austria,03,2379,48.22479,16.8223,False
Lassing,Austria,06,0,47.53374,14.25808,False
Lassnitzhöhe,Austria,06,2817,47.06667,15.58333,False
Launsdorf,Austria,02,1207,46.77056,14.45194,False
Laussa,Austria,04,1227,47.95,14.45,False
Lauterach,Austria,08,10267,47.47572,9.72941,False
Lavamünd,Austria,02,328,46.64019,14.94733,False
Lavant,Austria,07,320,46.79889,12.83806,False
Laxenburg,Austria,03,2828,48.06833,16.35607,False
Lech,Austria,08,1568,47.20797,10.14184,False
Lechaschau,Austria,07,2108,47.48804,10.70652,False
Ledenitzen,Austria,02,1118,46.56639,13.96139,False
Lehen,Austria,05,1046,47.87083,13.01722,False
Leiben,Austria,03,749,48.24628,15.2746,False
Leibnitz,Austria,06,8533,46.78161,15.53836,False
Leisach,Austria,07,557,46.8125,12.74861,False
Leitendorf,Austria,06,2568,47.36667,15.08333,False
Leitersdorf im Raabtal,Austria,06,699,46.94182,15.93365,False
Leithaprodersdorf,Austria,01,1193,47.93348,16.47915,False
Leitring,Austria,06,3132,46.77957,15.55915,False
Leitzersdorf,Austria,03,648,48.41918,16.24513,False
Lembach im Mühlkreis,Austria,04,1354,48.49517,13.89513,False
Lend,Austria,06,31147,47.08256,15.41589,False
Lend,Austria,05,603,47.29856,13.05176,False
Lendorf,Austria,02,920,46.83528,13.43028,False
Lengenfeld,Austria,03,1412,48.47187,15.5987,False
Lengfelden,Austria,05,1463,47.85,13.05,False
Lenzing,Austria,04,2981,47.97326,13.60846,False
Leoben,Austria,06,8264,47.3765,15.09144,False
Leobendorf,Austria,03,2802,48.38333,16.31667,False
Leobersdorf,Austria,03,4915,47.92796,16.21651,False
Leogang,Austria,05,377,47.43906,12.76109,False
Leonding,Austria,04,4657,48.27965,14.2533,False
Leonstein,Austria,04,1751,47.89666,14.23124,False
Leopoldsdorf,Austria,03,5078,48.11557,16.39126,False
Leopoldsdorf im Marchfelde,Austria,03,2391,48.22261,16.68858,False
Lerchenfeld,Austria,03,2080,48.41234,15.63183,False
Lermoos,Austria,07,1075,47.40358,10.8807,False
Leutasch,Austria,07,2380,47.3689,11.14404,False
Leutschach,Austria,06,557,46.66722,15.46889,False
Lichtenegg,Austria,03,271,47.6,16.2,False
Lichtenegg,Austria,04,6163,48.15,14.0,False
Lichtenwörth,Austria,03,2727,47.82756,16.29873,False
Liebenau,Austria,06,14447,47.03333,15.46667,False
Liebenfels,Austria,02,750,46.73778,14.28667,False
Lieboch,Austria,06,3175,46.97417,15.3375,False
Lienz,Austria,07,11572,46.8289,12.76903,False
Liesingtal,Austria,06,1824,47.34597,15.01352,False
Liezen,Austria,06,6587,47.56667,14.23333,False
Ligist,Austria,06,708,46.99389,15.21083,False
Lilienfeld,Austria,03,447,48.01312,15.59664,False
Lind,Austria,02,5252,46.62244,13.84715,False
Lingenau,Austria,08,1466,47.45033,9.92166,False
Linz,Austria,04,204846,48.30639,14.28611,False
Litschau,Austria,03,1421,48.94409,15.04483,False
Litzelsdorf,Austria,01,1181,47.20826,16.1717,False
Lochau,Austria,08,5747,47.53333,9.75,False
Lockenhaus,Austria,01,1058,47.40753,16.41623,False
Lofer,Austria,05,1185,47.58475,12.69333,False
Loich,Austria,03,216,47.99578,15.40163,False
Loipersbach im Burgenland,Austria,01,1229,47.69656,16.47919,False
Loipersdorf bei Fürstenfeld,Austria,06,779,47.0,16.1,False
Loitzenberg,Austria,04,0,48.27291,14.55259,False
Loosdorf,Austria,03,3064,48.2,15.4,False
Loretto,Austria,01,475,47.91559,16.5179,False
Lorüns,Austria,08,294,47.13306,9.85,False
Losenstein,Austria,04,1604,47.92428,14.43672,False
Ludesch,Austria,08,3371,47.2,9.78306,False
Ludmannsdorf,Austria,02,179,46.54139,14.13425,False
Luftenberg an der Donau,Austria,04,1556,48.27462,14.41303,False
Lunz am See,Austria,03,1806,47.8612,15.02998,False
Lustenau,Austria,08,22821,47.42642,9.65851,False
Lutzmannsburg,Austria,01,614,47.46373,16.63665,False
Längenfeld,Austria,07,4611,47.07398,10.96951,False
Lödersdorf,Austria,06,0,46.95861,15.94333,False
Maierdorf,Austria,06,139,46.8925,15.84972,False
Mailberg,Austria,03,558,48.67379,16.18132,False
Maishofen,Austria,05,1909,47.36667,12.8,False
Maissau,Austria,03,915,48.573,15.83005,False
Mallnitz,Austria,02,441,46.99173,13.1678,False
Mank,Austria,03,2021,48.11024,15.33915,False
Mannersdorf am Leithagebirge,Austria,03,3328,47.96667,16.6,False
Mannersdorf an der Rabnitz,Austria,01,568,47.42815,16.52678,False
Manning,Austria,04,122,48.08851,13.66682,False
Mannsdorf an der Donau,Austria,03,342,48.152,16.66506,False
Mannswörth,Austria,03,1948,48.14547,16.51374,False
Marbach an der Donau,Austria,03,280,48.21667,15.15,False
Marchegg,Austria,03,2199,48.26217,16.91045,False
Marchtrenk,Austria,04,8394,48.19022,14.10908,False
Margareten,Austria,09,54412,48.1855,16.35373,False
Margarethen am Moos,Austria,03,1145,48.03333,16.6,False
Maria Alm am Steinernen Meer,Austria,05,1032,47.40579,12.90121,False
Maria Ellend,Austria,03,1030,48.1,16.68333,False
Maria Enzersdorf,Austria,03,8829,48.1,16.28333,False
Maria Laach am Jauerling,Austria,03,256,48.30412,15.34472,False
Maria Lankowitz,Austria,06,1740,47.0622,15.06525,False
Maria Lanzendorf,Austria,03,2129,48.09923,16.41984,False
Maria Neustift,Austria,04,1592,47.93333,14.6,False
Maria Rain,Austria,02,1002,46.55389,14.29556,False
Maria Saal,Austria,02,1094,46.68083,14.34861,False
Maria Schmolln,Austria,04,323,48.1382,13.21981,False
Maria Taferl,Austria,03,264,48.22702,15.15954,False
Maria Wörth,Austria,02,151,46.61639,14.16306,False
Maria-Anzbach,Austria,03,1424,48.19012,15.93155,False
Mariahilf,Austria,09,31381,48.19571,16.35215,False
Mariahof,Austria,06,1188,47.1,14.4,False
Mariapfarr,Austria,05,1612,47.15,13.75,False
Mariasdorf,Austria,01,434,47.3658,16.23136,False
Mariastein,Austria,07,362,47.52772,12.05479,False
Mariatal,Austria,07,1505,47.44788,11.8721,False
Mariatrost,Austria,06,9631,47.09641,15.46537,False
Mariazell,Austria,06,1254,47.77306,15.31639,False
Markersdorf an der Pielach,Austria,03,1444,48.18333,15.5,False
Markgrafneusiedl,Austria,03,832,48.26667,16.63333,False
Markt Allhau,Austria,01,1287,47.28333,16.08333,False
Markt Neuhodis,Austria,01,526,47.29565,16.39564,False
Markt Piesting,Austria,03,2294,47.87358,16.1251,False
Markt Sankt Martin,Austria,01,727,47.56205,16.42508,False
Martinsberg,Austria,03,483,48.37549,15.14997,False
Marz,Austria,01,2073,47.71667,16.41667,False
Matrei am Brenner,Austria,07,959,47.12794,11.45176,False
Matrei in Osttirol,Austria,07,2482,47.0,12.53333,False
Mattersburg,Austria,01,7349,47.73333,16.4,False
Mattighofen,Austria,04,6524,48.10732,13.15081,False
Mattsee,Austria,05,3263,47.96667,13.1,False
Matzen,Austria,03,1796,48.4,16.7,False
Matzendorf,Austria,03,1734,47.89137,16.21393,False
Mauer,Austria,02,0,46.74104,14.22937,False
Mauer bei Amstetten,Austria,03,2278,48.09643,14.8006,False
Mauerbach,Austria,03,3339,48.24514,16.16793,False
Mauerkirchen,Austria,04,2384,48.19173,13.13338,False
Maurach,Austria,07,2458,47.42124,11.75305,False
Mautbrücken,Austria,02,62,46.72037,14.19399,False
Mautern,Austria,03,2917,48.39319,15.57793,False
Mautern in Steiermark,Austria,06,1184,47.4,14.83333,False
Mauterndorf,Austria,05,1261,47.13451,13.67884,False
Mayrhofen,Austria,07,3720,47.16667,11.86667,False
Medraz,Austria,07,1340,47.14256,11.34287,False
Meggenhofen,Austria,04,313,48.18017,13.79582,False
Mehrnbach,Austria,04,2363,48.20809,13.43525,False
Meidling,Austria,09,97624,48.16667,16.33333,False
Meiningen,Austria,08,2245,47.29891,9.57862,False
Melk,Austria,03,3788,48.22737,15.33186,False
Mellach,Austria,06,589,46.93333,15.51667,False
Mellau,Austria,08,1301,47.35034,9.88149,False
Merkendorf,Austria,06,393,46.85722,15.90389,False
Metnitz,Austria,02,515,46.98056,14.21667,False
Mettersdorf am Saßbach,Austria,06,487,46.80583,15.71111,False
Michaelerberg,Austria,06,434,47.41083,13.89333,False
Michaelnbach,Austria,04,383,48.28788,13.83144,False
Micheldorf,Austria,02,678,46.914,14.43061,False
Micheldorf in Kärnten,Austria,02,0,46.91465,14.42733,False
Micheldorf in Oberösterreich,Austria,04,5854,47.87764,14.13357,False
Michelhausen,Austria,03,1107,48.29085,15.93893,False
Mieders,Austria,07,1861,47.16667,11.38333,False
Mieming,Austria,07,0,47.3,10.98333,False
Miesenbach,Austria,03,703,47.84035,15.98236,False
Miesenbach bei Birkfeld,Austria,06,0,47.36961,15.76025,False
Millstatt,Austria,02,889,46.80417,13.58056,False
Mils bei Imst,Austria,07,559,47.20616,10.67485,False
Mils bei Solbad Hall,Austria,07,4377,47.28333,11.53333,False
Mischendorf,Austria,01,551,47.19277,16.31444,False
Mistelbach,Austria,03,6463,48.57,16.57667,False
Mittelberg,Austria,08,1610,47.35127,10.17197,False
Mitterbach am Erlaufsee,Austria,03,0,47.81396,15.29537,False
Mitterberghütten,Austria,05,1368,47.4,13.21667,False
Mitterdorf an der Raab,Austria,06,176,47.16667,15.6,False
Mitterdorf im Mürztal,Austria,06,1935,47.53333,15.51667,False
Mitterhofen,Austria,05,1118,47.38333,12.8,False
Mitterkirchen im Machland,Austria,04,179,48.18795,14.69593,False
Mitterlabill,Austria,06,227,46.88917,15.63556,False
Mitterndorf,Austria,07,1938,47.57728,12.16968,False
Mitterndorf an der Fischa,Austria,03,2685,47.99739,16.47357,False
Mitterndorf im Steirischen Salzkammergut,Austria,06,1043,47.55556,13.93187,False
Mitterpullendorf,Austria,01,1169,47.49325,16.52129,False
Mittersill,Austria,05,1888,47.28333,12.48333,False
Mittertreffling,Austria,04,1293,48.33868,14.36505,False
Modriach,Austria,06,202,46.95,15.05,False
Mogersdorf,Austria,01,650,46.9481,16.2321,False
Molln,Austria,04,2434,47.88723,14.25819,False
Mondsee,Austria,04,3734,47.85648,13.34908,False
Moosbrunn,Austria,03,1777,48.01667,16.45,False
Moosburg,Austria,02,1030,46.6575,14.17472,False
Moosdorf,Austria,04,445,48.04492,12.98902,False
Mooskirchen,Austria,06,614,46.98167,15.27889,False
Mortantsch,Austria,06,191,47.20752,15.57954,False
Moschendorf,Austria,01,400,47.05843,16.47728,False
Muckendorf an der Donau,Austria,03,1178,48.33183,16.1554,False
Muggendorf,Austria,03,365,47.91059,15.93533,False
Muhr,Austria,05,0,47.09893,13.49756,False
Munderfing,Austria,04,1423,48.07039,13.18162,False
Muntlix,Austria,08,1615,47.28296,9.65939,False
Murau,Austria,06,3534,47.11056,14.16944,False
Mureck,Austria,06,1529,46.70806,15.77472,False
Musau,Austria,07,391,47.53195,10.67339,False
Mutters,Austria,07,1587,47.23333,11.38333,False
Mäder,Austria,08,4031,47.35,9.61667,False
Mödling,Austria,03,20555,48.08605,16.28921,False
Möggers,Austria,08,534,47.56242,9.81696,False
Mölbling,Austria,02,199,46.85,14.43333,False
Möllbrücke,Austria,02,1176,46.83639,13.37278,False
Möllersdorf,Austria,03,4587,48.02575,16.30508,False
Mönchhof,Austria,01,2236,47.8802,16.94126,False
Mönichkirchen,Austria,03,606,47.51062,16.03425,False
Mönichwald,Austria,06,0,47.44655,15.88275,False
Mörbisch am See,Austria,01,2261,47.75,16.66667,False
Mörtschach,Austria,02,249,46.92389,12.91778,False
Mötz,Austria,07,1219,47.28333,10.95,False
Mühlau,Austria,07,5435,47.28333,11.4,False
Mühlbach am Hochkönig,Austria,05,1318,47.37746,13.12926,False
Mühlbachl,Austria,07,60,47.13333,11.45,False
Mühldorf,Austria,04,1505,47.89689,13.95049,False
Mühldorf,Austria,02,911,46.86028,13.35361,False
Mühldorf,Austria,03,346,48.37432,15.34672,False
Mühldorf bei Feldbach,Austria,06,2026,46.93861,15.9075,False
Mühlen,Austria,06,295,47.03071,14.50848,False
Mühlgraben,Austria,01,396,46.8871,16.0386,False
Müllendorf,Austria,01,1397,47.83943,16.46258,False
Münchendorf,Austria,03,2992,48.03333,16.38333,False
Münster,Austria,07,3317,47.42164,11.83356,False
Münzbach,Austria,04,1041,48.26737,14.71009,False
Münzkirchen,Austria,04,1865,48.48333,13.56667,False
Mürzhofen,Austria,06,921,47.48333,15.38333,False
Mürzsteg,Austria,06,173,47.67556,15.49145,False
Mürzzuschlag,Austria,06,5975,47.6066,15.67226,False
Naarn im Machlande,Austria,04,1563,48.22553,14.60838,False
Naas,Austria,06,257,47.25086,15.59449,False
Namlos,Austria,07,45,47.35,10.66667,False
Nassereith,Austria,07,2119,47.31667,10.83333,False
Natternbach,Austria,04,1027,48.3973,13.74965,False
Natters,Austria,07,2020,47.23414,11.37342,False
Nauders,Austria,07,1542,46.88859,10.50126,False
Navis,Austria,07,0,47.1307,11.5404,False
Nebelberg,Austria,04,144,48.62854,13.84629,False
Neckenmarkt,Austria,01,1528,47.59964,16.5467,False
Neidling,Austria,03,122,48.24005,15.55591,False
Nenzing,Austria,08,4357,47.18436,9.70539,False
Nesselwängle,Austria,07,381,47.48333,10.61667,False
Nestelbach bei Graz,Austria,06,858,47.06053,15.6114,False
Nestelbach im Ilztal,Austria,06,543,47.08333,15.86667,False
Neu-Feffernitz,Austria,02,1178,46.68772,13.67914,False
Neu-Guntramsdorf,Austria,03,9071,48.0642,16.31573,False
Neualm,Austria,05,3602,47.69336,13.08758,False
Neubau,Austria,09,31521,48.20172,16.34715,False
Neubau,Austria,04,1182,48.21901,14.19301,False
Neuberg an der Mürz,Austria,06,0,47.66423,15.57226,False
Neuberg im Burgenland,Austria,01,978,47.16894,16.26054,False
Neudau,Austria,06,1246,47.17554,16.10184,False
Neudorf im Weinviertel,Austria,03,1082,48.72083,16.49139,False
Neudörfl,Austria,01,4564,47.79655,16.2977,False
Neue Heimat,Austria,04,1037,48.24565,13.04172,False
Neufeld an der Leitha,Austria,01,3418,47.86558,16.37856,False
Neufurth,Austria,03,1667,48.07894,14.8118,False
Neuhaus,Austria,02,101,46.63333,14.88333,False
Neuhaus am Klausenbach,Austria,01,489,46.86667,16.03333,False
Neuhofen an der Krems,Austria,04,6269,48.13866,14.22764,False
Neuhofen an der Ybbs,Austria,03,1054,48.05795,14.85489,False
Neukirchen,Austria,04,2555,47.87502,13.71111,False
Neukirchen am Großvenediger,Austria,05,1400,47.25046,12.27585,False
Neukirchen am Walde,Austria,04,754,48.40584,13.78158,False
Neukirchen an der Vöckla,Austria,04,333,48.04053,13.5376,False
Neukirchen bei Lambach,Austria,04,186,48.1,13.81667,False
Neulengbach,Austria,03,1601,48.19745,15.90219,False
Neumarkt am Wallersee,Austria,05,4456,47.95,13.23333,False
Neumarkt an der Ybbs,Austria,03,1207,48.14103,15.05758,False
Neumarkt im Hausruckkreis,Austria,04,1377,48.2728,13.72836,False
Neumarkt im Mühlkreis,Austria,04,1167,48.42818,14.48444,False
Neumarkt in Steiermark,Austria,06,1678,47.07398,14.42728,False
Neunkirchen,Austria,03,11461,47.72096,16.08107,False
Neurisshof,Austria,03,1934,47.9267,16.30268,False
Neusiedl,Austria,03,1103,47.88769,15.96313,False
Neusiedl am See,Austria,01,8235,47.94901,16.8417,False
Neusiedl an der Zaya,Austria,03,1119,48.5992,16.7799,False
Neustift an der Lafnitz,Austria,01,793,47.36667,16.03333,False
Neustift bei Güssing,Austria,01,474,47.02474,16.26041,False
Neustift im Stubaital,Austria,07,4747,47.11667,11.31667,False
Neutal,Austria,01,1094,47.54548,16.44619,False
Neutillmitsch,Austria,06,1277,46.81667,15.53333,False
Neuzeug,Austria,04,5346,48.05,14.33333,False
Nickelsdorf,Austria,01,1772,47.94056,17.06944,False
Niederalm,Austria,05,1575,47.72872,13.06223,False
Niederau,Austria,07,1043,47.45,12.08333,False
Niederbreitenbach,Austria,07,1132,47.53333,12.08333,False
Niederdorf,Austria,02,1006,46.61667,14.4,False
Niederhollabrunn,Austria,03,641,48.449,16.301,False
Niederleis,Austria,03,619,48.55,16.4,False
Niederndorf,Austria,07,2736,47.65,12.21667,False
Niederneukirchen,Austria,04,1083,48.16093,14.33965,False
Niedernsill,Austria,05,835,47.28333,12.65,False
Niederschöckl,Austria,06,1237,47.15,15.5,False
Niederstraß,Austria,04,1363,48.01398,13.72956,False
Niederthalheim,Austria,04,478,48.09901,13.7687,False
Niederwölz,Austria,06,596,47.15126,14.37479,False
Niederöblarn,Austria,06,459,47.47667,14.01937,False
Nikitsch,Austria,01,687,47.53615,16.66017,False
Niklasdorf,Austria,06,2515,47.38333,15.15,False
Nikolsdorf,Austria,07,598,46.78583,12.91333,False
Nitscha,Austria,06,750,47.11667,15.75,False
Nußdorf am Haunsberg,Austria,05,970,47.95944,13.00917,False
Nöchling,Austria,03,699,48.22433,14.98123,False
Nöstlbach,Austria,04,1499,48.1666,14.24609,False
Nüziders,Austria,08,4962,47.16667,9.8,False
Obdach,Austria,06,1537,47.06667,14.68333,False
Ober-Grafendorf,Austria,03,3228,48.1504,15.54531,False
Oberaich,Austria,06,523,47.4,15.21667,False
Oberalm,Austria,05,4117,47.7,13.1,False
Oberau,Austria,07,2054,47.44336,12.04891,False
Oberdorf am Hochegg,Austria,06,446,46.97861,15.72167,False
Oberdorf im Burgenland,Austria,01,996,47.21667,16.21667,False
Oberdrauburg,Austria,02,331,46.74306,12.97028,False
Obergäu,Austria,05,1292,47.58955,13.17621,False
Oberhaag,Austria,06,716,46.6869,15.33202,False
Oberhaid,Austria,04,5100,48.17593,14.01495,False
Oberhart,Austria,04,1059,48.18464,14.05497,False
Oberhausen,Austria,03,2007,48.1769,16.58506,False
Oberhofen am Irrsee,Austria,04,173,47.95,13.3,False
Oberhofen im Inntal,Austria,07,1857,47.29823,11.08611,False
Oberkurzheim,Austria,06,118,47.23333,14.58333,False
Oberlienz,Austria,07,889,46.84722,12.73139,False
Oberloisdorf,Austria,01,806,47.44736,16.50764,False
Obermieming,Austria,07,1458,47.30851,10.97435,False
Obernberg am Brenner,Austria,07,363,47.01667,11.41667,False
Obernberg am Inn,Austria,04,1633,48.32133,13.33427,False
Oberndorf an der Melk,Austria,03,644,48.06386,15.2243,False
Oberndorf bei Salzburg,Austria,05,5794,47.93911,12.95108,False
Oberndorf bei Schwanenstadt,Austria,04,667,48.05559,13.75677,False
Oberndorf in Tirol,Austria,07,2194,47.5,12.38333,False
Oberndorf in der Ebene,Austria,03,2151,48.2704,15.68985,False
Oberneukirchen,Austria,04,1134,48.46404,14.22275,False
Oberperfuss,Austria,07,3043,47.24451,11.24755,False
Oberpremstätten,Austria,06,1243,46.97444,15.40444,False
Oberpullendorf,Austria,01,2019,47.50352,16.50447,False
Oberrettenbach,Austria,06,273,47.15,15.8,False
Oberschützen,Austria,01,1110,47.35138,16.20732,False
Obersdorf,Austria,03,1702,48.36667,16.51667,False
Obersiebenbrunn,Austria,03,1708,48.26537,16.71076,False
Oberstorcha,Austria,06,146,46.96667,15.8,False
Obertilliach,Austria,07,443,46.71056,12.61444,False
Obertrum am See,Austria,05,3966,47.93722,13.07722,False
Obervellach,Austria,02,654,46.93667,13.20417,False
Obervogau,Austria,06,871,46.745,15.58472,False
Oberwagram,Austria,03,4135,48.20157,15.64917,False
Oberwaltersdorf,Austria,03,4618,47.97567,16.32191,False
Oberwang,Austria,04,608,47.86667,13.43333,False
Oberwart,Austria,01,7288,47.28971,16.20595,False
Oberweg,Austria,06,513,47.15,14.63333,False
Oberwölbling,Austria,03,1151,48.31719,15.59166,False
Oberwölz Stadt,Austria,06,396,47.20117,14.28321,False
Oberzeiring,Austria,06,611,47.25,14.48333,False
Obsteig,Austria,07,1316,47.3,10.93333,False
Oedt,Austria,04,3046,48.21335,14.21013,False
Oehling,Austria,03,1200,48.1,14.8,False
Oepping,Austria,04,299,48.60284,13.94586,False
Oetz,Austria,07,2402,47.2,10.9,False
Oeynhausen,Austria,03,1159,47.98533,16.29187,False
Offenhausen,Austria,04,1010,48.15,13.83333,False
Oggau,Austria,01,1739,47.83333,16.66667,False
Ohlsdorf,Austria,04,1093,47.96073,13.79145,False
Olbendorf,Austria,01,1449,47.18333,16.2,False
Ollersdorf im Burgenland,Austria,01,933,47.18333,16.16667,False
Oppenberg,Austria,06,232,47.48333,14.26667,False
Opponitz,Austria,03,0,47.87776,14.82283,False
Ort im Innkreis,Austria,04,781,48.31654,13.43362,False
Ortgraben,Austria,06,1236,47.45,16.05,False
Orth an der Donau,Austria,03,2086,48.14524,16.70089,False
Oslip,Austria,01,1243,47.82906,16.61957,False
Ossiach,Austria,02,116,46.67435,13.98358,False
Ostermiething,Austria,04,2154,48.04636,12.82937,False
Osterwitz,Austria,06,135,46.85943,15.08998,False
Ottakring,Austria,09,104627,48.21667,16.3,False
Ottenschlag,Austria,03,785,48.42393,15.21924,False
Ottenschlag im Mühlkreis,Austria,04,164,48.46632,14.38471,False
Ottensheim,Austria,04,3228,48.33246,14.17425,False
Ottenthal,Austria,03,428,48.761,16.57914,False
Otterthal,Austria,03,592,47.61667,15.93333,False
Ottnang am Hausruck,Austria,04,1003,48.09568,13.65841,False
Pabneukirchen,Austria,04,497,48.32367,14.81747,False
Pack,Austria,06,410,46.97917,14.98417,False
Paldau,Austria,06,897,46.94222,15.79583,False
Palfau,Austria,06,369,47.7,14.8,False
Palting,Austria,04,87,48.01542,13.12712,False
Pama,Austria,01,1204,48.0473,17.0332,False
Pamhagen,Austria,01,1623,47.70092,16.90779,False
Parbasdorf,Austria,03,169,48.28333,16.6,False
Parndorf,Austria,01,4689,47.99963,16.86049,False
Parschlug,Austria,06,1104,47.4809,15.28645,False
Pasching,Austria,04,2409,48.25931,14.20369,False
Passail,Austria,06,1488,47.28333,15.51667,False
Paternion,Austria,02,676,46.71417,13.63611,False
Patsch,Austria,07,1014,47.20527,11.4151,False
Pattigham,Austria,04,427,48.15521,13.48443,False
Paudorf,Austria,03,895,48.35416,15.61853,False
Payerbach,Austria,03,1093,47.69209,15.8634,False
Peggau,Austria,06,1949,47.2,15.35,False
Pennewang,Austria,04,107,48.13333,13.85,False
Penz,Austria,03,1905,48.03333,14.48333,False
Penzing,Austria,09,98176,48.2,16.26667,False
Perchau am Sattel,Austria,06,304,47.1,14.45,False
Perchtoldsdorf,Austria,03,15047,48.11935,16.26607,False
Perg,Austria,04,5812,48.25,14.63333,False
Perlsdorf,Austria,06,337,46.91361,15.81417,False
Pernegg,Austria,03,207,48.737,15.629,False
Pernegg an der Mur,Austria,06,706,47.35979,15.34236,False
Pernersdorf,Austria,03,348,48.7,16.01667,False
Pernitz,Austria,03,2356,47.89759,15.96022,False
Persenbeug,Austria,03,1303,48.18733,15.08809,False
Pertlstein,Austria,06,801,46.94056,15.96167,False
Perwang am Grabensee,Austria,04,381,48.00692,13.083,False
Petronell-Carnuntum,Austria,03,1245,48.11296,16.86582,False
Pettenbach,Austria,04,1506,47.96016,14.01692,False
Pettnau,Austria,07,1047,47.29204,11.15962,False
Pettneu,Austria,07,1141,47.14595,10.33655,False
Petzenkirchen,Austria,03,1311,48.14693,15.15465,False
Peuerbach,Austria,04,1475,48.3453,13.77205,False
Pfaffenhofen,Austria,07,1102,47.3,11.08333,False
Pfaffing,Austria,04,150,48.018,13.47507,False
Pfaffstätten,Austria,03,3458,48.01737,16.26354,False
Pfarrkirchen bei Bad Hall,Austria,04,801,48.03046,14.19914,False
Pfarrwerfen,Austria,05,0,47.45729,13.20531,False
Pflach,Austria,07,888,47.51667,10.71667,False
Pfons,Austria,07,602,47.14201,11.46071,False
Pfunds,Austria,07,2602,46.96667,10.55,False
Pians,Austria,07,609,47.13486,10.51237,False
Piberegg,Austria,06,174,47.09424,15.11658,False
Pichl,Austria,05,1230,47.28333,12.85,False
Pichl bei Wels,Austria,04,707,48.18515,13.89882,False
Pichling bei Köflach,Austria,06,3562,47.04785,15.07098,False
Pierbach,Austria,04,274,48.34815,14.75575,False
Piesendorf,Austria,05,2062,47.29077,12.71839,False
Pilgersdorf,Austria,01,594,47.44106,16.3492,False
Pill,Austria,07,1174,47.32352,11.68018,False
Pillichsdorf,Austria,03,1157,48.35,16.53333,False
Pinggau,Austria,06,1338,47.44232,16.06713,False
Pinkafeld,Austria,01,5438,47.3709,16.1241,False
Pinsdorf,Austria,04,3849,47.9298,13.77068,False
Pirching am Traubenberg,Austria,06,614,46.95,15.6,False
Piringsdorf,Austria,01,847,47.44826,16.41516,False
Pirka,Austria,06,2213,47.0,15.38333,False
Pischelsdorf in der Steiermark,Austria,06,1545,47.17417,15.80572,False
Pistorf,Austria,06,611,46.76667,15.36667,False
Pitschgau,Austria,06,171,46.7,15.26667,False
Pitten,Austria,03,1956,47.71667,16.18333,False
Pitzenberg,Austria,04,118,48.07361,13.72484,False
Plainfeld,Austria,05,1237,47.83333,13.18333,False
Plankenau,Austria,05,1722,47.32673,13.19282,False
Plesching,Austria,04,1016,48.32099,14.33802,False
Podersdorf am See,Austria,01,2135,47.85412,16.83706,False
Poggersdorf,Austria,02,829,46.65,14.45,False
Polling in Tirol,Austria,07,945,47.28333,11.15,False
Poppendorf,Austria,06,281,46.85611,15.85639,False
Pottenbrunn,Austria,03,2390,48.23333,15.7,False
Pottendorf,Austria,03,4508,47.9,16.38333,False
Pottenstein,Austria,03,2495,47.9582,16.0948,False
Pottschach,Austria,03,4826,47.69856,16.00725,False
Potzneusiedl,Austria,01,602,48.04504,16.9477,False
Poysdorf,Austria,03,2620,48.66667,16.63333,False
Pradl,Austria,07,32588,47.26539,11.4152,False
Pram,Austria,04,660,48.23536,13.60579,False
Prambachkirchen,Austria,04,1164,48.31711,13.90449,False
Pramet,Austria,04,410,48.14295,13.48752,False
Preding,Austria,06,860,46.85861,15.40972,False
Pregarten,Austria,04,2846,48.35488,14.53217,False
Preitenegg,Austria,02,271,46.94,14.92583,False
Prellenkirchen,Austria,03,1036,48.07401,16.95233,False
Pressbaum,Austria,03,6237,48.18333,16.08333,False
Priel,Austria,02,3034,46.82758,14.8333,False
Prigglitz,Austria,03,264,47.70318,15.92794,False
Prinzersdorf,Austria,03,1554,48.2,15.51667,False
Proleb,Austria,06,1146,47.4,15.13333,False
Prottes,Austria,03,1445,48.3868,16.7389,False
Pruggern,Austria,06,754,47.4237,13.87625,False
Prutz,Austria,07,1825,47.08333,10.66667,False
Prägraten,Austria,07,0,47.01667,12.38333,False
Puch bei Hallein,Austria,05,4065,47.71536,13.09296,False
Puch bei Weiz,Austria,06,589,47.22413,15.72504,False
Puchberg am Schneeberg,Austria,03,2683,47.78709,15.91352,False
Puchenau,Austria,04,2663,48.31214,14.23614,False
Puchenstuben,Austria,03,195,47.92819,15.28748,False
Puchheim,Austria,04,2904,48.0,13.71667,False
Puchkirchen am Trattberg,Austria,04,1036,48.04478,13.57198,False
Pucking,Austria,04,1751,48.18886,14.18824,False
Pulkau,Austria,03,1017,48.70484,15.86031,False
Puntigam,Austria,06,8647,47.03333,15.43333,False
Purbach am Neusiedler See,Austria,01,2901,47.91289,16.69561,False
Purgstall,Austria,03,2605,48.05841,15.13478,False
Purkersdorf,Austria,03,9701,48.20769,16.17539,False
Pusterwald,Austria,06,450,47.30611,14.37556,False
Pyhra,Austria,03,1179,48.1591,15.68624,False
Pöchlarn,Austria,03,3515,48.2,15.2,False
Pöggstall,Austria,03,929,48.31734,15.20405,False
Pöllau,Austria,06,6014,47.3,15.83333,False
Pöllauberg,Austria,06,0,47.31667,15.85,False
Pöls,Austria,06,1485,47.21667,14.58333,False
Pörtschach am Wörthersee,Austria,02,2751,46.63639,14.14639,False
Pöttelsdorf,Austria,01,735,47.75369,16.43864,False
Pötting,Austria,04,243,48.28325,13.77059,False
Pöttsching,Austria,01,2950,47.80445,16.37109,False
Pühret,Austria,04,49,48.03488,13.72252,False
Raab,Austria,04,1429,48.35243,13.64691,False
Raaba,Austria,06,2194,47.03333,15.5,False
Raabau,Austria,06,602,46.96278,15.91167,False
Raabs an der Thaya,Austria,03,807,48.85,15.5,False
Raach am Hochgebirge,Austria,03,151,47.63333,15.93333,False
Raasdorf,Austria,03,633,48.24657,16.56532,False
Rabensburg,Austria,03,1100,48.65,16.9,False
Rabenstein an der Pielach,Austria,03,841,48.06535,15.46772,False
Rabenwald,Austria,06,600,47.4,15.9,False
Rachau,Austria,06,299,47.21667,14.9,False
Radenthein,Austria,02,1846,46.80056,13.71167,False
Radfeld,Austria,07,2495,47.44806,11.91424,False
Radstadt,Austria,05,2410,47.38333,13.45,False
Raffelstetten,Austria,04,1013,48.23759,14.40273,False
Raggal,Austria,08,673,47.21082,9.83688,False
Ragnitz,Austria,06,335,46.83667,15.59278,False
Raiding,Austria,01,865,47.56581,16.53056,False
Rain,Austria,02,1081,46.60528,14.38611,False
Rainbach im Mühlkreis,Austria,04,989,48.55758,14.47449,False
Ramingstein,Austria,05,553,47.07462,13.83642,False
Ramsau,Austria,03,635,48.00313,15.80332,False
Ramsau am Dachstein,Austria,06,2812,47.4215,13.65545,False
Ramsau im Zillertal,Austria,07,1617,47.20383,11.87545,False
Randegg,Austria,03,326,48.01198,14.97334,False
Rangersdorf,Austria,02,387,46.86001,12.94923,False
Ranggen,Austria,07,1072,47.25727,11.2112,False
Raning,Austria,06,510,46.85,15.81667,False
Rankweil,Austria,08,11855,47.27108,9.64308,False
Rannersdorf,Austria,03,3144,48.12772,16.46379,False
Ranshofen,Austria,04,2319,48.23308,13.01571,False
Ranten,Austria,06,621,47.15949,14.08349,False
Rappottenstein,Austria,03,307,48.52161,15.07925,False
Rassach,Austria,06,333,46.86028,15.27,False
Rastenfeld,Austria,03,503,48.57348,15.33176,False
Ratsch an der Weinstraße,Austria,06,334,46.68944,15.57111,False
Ratschendorf,Austria,06,601,46.74222,15.81583,False
Ratten,Austria,06,0,47.48333,15.71667,False
Rattenberg,Austria,07,411,47.43941,11.89407,False
Ratzersdorf an der Traisen,Austria,03,1645,48.22639,15.66629,False
Rauchenwarth,Austria,03,742,48.0833,16.52794,False
Rauris,Austria,05,1146,47.22656,12.99459,False
Ravelsbach,Austria,03,657,48.55,15.85,False
Raxendorf,Austria,03,319,48.34108,15.27666,False
Rechnitz,Austria,01,3054,47.30467,16.44095,False
Reding,Austria,02,2914,46.81667,14.85,False
Redlham,Austria,04,389,48.02443,13.74738,False
Regau,Austria,04,702,47.99078,13.68811,False
Rehberg,Austria,03,1766,48.43114,15.58702,False
Reichenau an der Rax,Austria,03,1276,47.69509,15.84572,False
Reichenau im Mühlkreis,Austria,04,838,48.45704,14.34875,False
Reichendorf,Austria,06,614,47.18922,15.7616,False
Reichenfels,Austria,02,1060,47.00718,14.74425,False
Reichenthal,Austria,04,915,48.54286,14.38471,False
Reichraming,Austria,04,1103,47.88333,14.45,False
Reifling,Austria,06,60,47.13333,14.66667,False
Reinbach,Austria,05,2253,47.34673,13.19072,False
Reingers,Austria,03,194,48.96667,15.13333,False
Reinsberg,Austria,03,477,47.98567,15.07067,False
Reisenberg,Austria,03,1689,47.99406,16.52018,False
Reitberg,Austria,05,1156,47.85269,13.1573,False
Reiterndorf,Austria,04,2481,47.70364,13.62914,False
Reith bei Kitzbühel,Austria,07,1662,47.46667,12.35,False
Reith bei Seefeld,Austria,07,1370,47.3,11.2,False
Reith im Alpbachtal,Austria,07,2181,47.41694,11.87785,False
Rennweg am Katschberg,Austria,02,353,47.01667,13.61667,False
Rettenegg,Austria,06,575,47.52694,15.78104,False
Rettenschöss,Austria,07,513,47.65718,12.26872,False
Retz,Austria,03,2493,48.75712,15.95485,False
Retznei,Austria,06,365,46.73333,15.56667,False
Reuthe,Austria,08,658,47.37113,9.89481,False
Reutte,Austria,07,6704,47.48333,10.71667,False
Ried im Innkreis,Austria,04,11903,48.21123,13.48855,False
Ried im Oberinntal,Austria,07,1261,47.05,10.65,False
Ried im Traunkreis,Austria,04,1368,48.02581,14.07452,False
Ried im Zillertal,Austria,07,1280,47.3,11.86667,False
Ried in der Riedmark,Austria,04,1306,48.27114,14.52796,False
Riedlingsdorf,Austria,01,1619,47.35,16.13333,False
Riefensberg,Austria,08,1086,47.50137,9.95838,False
Riegersburg,Austria,06,646,47.0,15.93028,False
Ries,Austria,06,5819,47.08315,15.485,False
Rietz,Austria,07,2313,47.28593,11.03075,False
Riezlern,Austria,08,2043,47.35778,10.18759,False
Rinn,Austria,07,1877,47.25,11.5,False
Ritzing,Austria,01,902,47.61316,16.49546,False
Rohr im Burgenland,Austria,01,380,47.11667,16.16667,False
Rohr im Gebirge,Austria,03,476,47.89471,15.73603,False
Rohr im Kremstal,Austria,04,1142,48.06864,14.19306,False
Rohrau,Austria,03,451,48.06667,16.85,False
Rohrbach an der Gölsen,Austria,03,1199,48.04699,15.74169,False
Rohrbach an der Lafnitz,Austria,06,994,47.38333,16.0,False
Rohrbach bei Mattersburg,Austria,01,2707,47.7052,16.43005,False
Rohrbach in Oberösterreich,Austria,04,2432,48.57275,13.98834,False
Rohrberg,Austria,07,574,47.23333,11.91667,False
Rohrendorf bei Krems,Austria,03,2091,48.41935,15.65772,False
Roitham,Austria,04,1017,48.02432,13.82166,False
Roppen,Austria,07,1800,47.21667,10.81667,False
Rosegg,Austria,02,468,46.58833,14.01718,False
Rosenau am Sonntagberg,Austria,03,1213,48.00778,14.73927,False
Rosental an der Kainach,Austria,06,1678,47.05192,15.122,False
Rotenturm an der Pinka,Austria,01,954,47.25,16.25,False
Rottenmann,Austria,06,2209,47.52529,14.35747,False
Ruden,Austria,02,189,46.65833,14.77639,False
Rudersdorf,Austria,01,1688,47.0513,16.12,False
Rufling,Austria,04,1359,48.27839,14.21674,False
Rum,Austria,07,9190,47.28333,11.45,False
Ruprechtshofen,Austria,03,1089,48.13648,15.27675,False
Rust,Austria,01,1921,47.80122,16.67158,False
Rutzenham,Austria,04,36,48.06076,13.71883,False
Röhrenbach,Austria,03,152,48.65,15.5,False
Röns,Austria,08,352,47.21667,9.7,False
Röschitz,Austria,03,675,48.66569,15.88659,False
Röthelstein,Austria,06,201,47.31667,15.36667,False
Röthis,Austria,08,1942,47.29332,9.65484,False
Rüstorf,Austria,04,498,48.04326,13.78982,False
Saalbach,Austria,05,1755,47.39138,12.63642,False
Saalfelden am Steinernen Meer,Austria,05,16790,47.42681,12.848,False
Sachsenburg,Austria,02,1026,46.82917,13.355,False
Salla,Austria,06,258,47.1,14.96667,False
Sallingberg,Austria,03,387,48.46667,15.23333,False
Salzburg,Austria,05,157245,47.79941,13.04399,False
Sammersdorf,Austria,04,1005,48.18091,14.1667,False
Sankt Aegidi,Austria,04,263,48.47929,13.73737,False
Sankt Aegyd am Neuwalde,Austria,03,1901,47.85383,15.56969,False
Sankt Andrä,Austria,02,1271,46.76829,14.81991,False
Sankt Andrä am Zicksee,Austria,01,1371,47.7841,16.94195,False
Sankt Andrä im Lungau,Austria,05,761,47.15,13.78333,False
Sankt Andrä vor dem Hagenthale,Austria,03,1692,48.32202,16.20724,False
Sankt Anna am Aigen,Austria,06,0,46.83111,15.97139,False
Sankt Anton im Montafon,Austria,08,715,47.11667,9.86667,False
Sankt Bartholomä,Austria,06,522,47.05457,15.25889,False
Sankt Blasen,Austria,06,525,47.08333,14.3,False
Sankt Corona am Wechsel,Austria,03,390,47.58333,16.0,False
Sankt Dionysen,Austria,04,3012,48.22439,14.25485,False
Sankt Florian,Austria,04,3209,48.20568,14.37836,False
Sankt Gallen,Austria,06,792,47.68631,14.61705,False
Sankt Gallenkirch,Austria,08,1465,47.02102,9.97335,False
Sankt Georgen am Fillmannsbach,Austria,04,96,48.1256,13.00811,False
Sankt Georgen am Leithagebirge,Austria,01,2391,47.85,16.55,False
Sankt Georgen am Ybbsfelde,Austria,03,1338,48.12892,14.95364,False
Sankt Georgen an der Gusen,Austria,04,3779,48.27183,14.44951,False
Sankt Georgen an der Leys,Austria,03,463,48.03149,15.22722,False
Sankt Georgen an der Stiefing,Austria,06,540,46.87333,15.57972,False
Sankt Georgen bei Obernberg am Inn,Austria,04,140,48.29193,13.3332,False
Sankt Georgen bei Salzburg,Austria,05,2954,47.99078,12.88499,False
Sankt Georgen im Attergau,Austria,04,2986,47.93595,13.48306,False
Sankt Georgen ob Judenburg,Austria,06,366,47.20744,14.49736,False
Sankt Georgen ob Murau,Austria,06,339,47.10506,14.09383,False
Sankt Gilgen,Austria,05,1113,47.76667,13.36667,False
Sankt Gotthard im Mühlkreis,Austria,04,317,48.3802,14.13185,False
Sankt Ilgen,Austria,06,269,47.55,15.16667,False
Sankt Jakob im Walde,Austria,06,0,47.46667,15.78333,False
Sankt Jakob in Defereggen,Austria,07,0,46.91972,12.33139,False
Sankt Jakob-Breitenau,Austria,06,1127,47.39229,15.4297,False
Sankt Johann am Tauern,Austria,06,0,47.35,14.46667,False
Sankt Johann bei Herberstein,Austria,06,395,47.2,15.8,False
Sankt Johann im Pongau,Austria,05,4690,47.35,13.2,False
Sankt Johann im Saggautal,Austria,06,380,46.70389,15.40278,False
Sankt Johann in Tirol,Austria,07,9428,47.5233,12.4232,False
Sankt Johann in der Haide,Austria,06,862,47.2808,16.02579,False
Sankt Josef (Weststeiermark),Austria,06,727,46.90917,15.33639,False
Sankt Katharein an der Laming,Austria,06,274,47.47069,15.16319,False
Sankt Kathrein am Hauenstein,Austria,06,525,47.48943,15.69414,False
Sankt Kathrein am Offenegg,Austria,06,1086,47.30078,15.57764,False
Sankt Lambrecht,Austria,06,1316,47.06667,14.3,False
Sankt Leonhard,Austria,05,1081,47.72587,13.04577,False
Sankt Leonhard,Austria,02,1789,46.62528,13.85865,False
Sankt Leonhard,Austria,06,15853,47.06924,15.45784,False
Sankt Leonhard am Forst,Austria,03,1438,48.14232,15.28464,False
Sankt Leonhard am Hornerwald,Austria,03,316,48.6,15.53333,False
Sankt Lorenz,Austria,04,1554,47.8324,13.34839,False
Sankt Lorenzen am Wechsel,Austria,06,514,47.44153,15.95498,False
Sankt Lorenzen bei Knittelfeld,Austria,06,510,47.25078,14.89549,False
Sankt Lorenzen bei Scheifling,Austria,06,328,47.14556,14.40583,False
Sankt Lorenzen im Mürztal,Austria,06,2457,47.48333,15.36667,False
Sankt Magdalen,Austria,02,1358,46.61667,13.88333,False
Sankt Marein bei Graz,Austria,06,0,47.01583,15.68389,False
Sankt Marein bei Knittelfeld,Austria,06,303,47.27396,14.86085,False
Sankt Marein bei Neumarkt,Austria,06,401,47.06591,14.42908,False
Sankt Marein im Mürztal,Austria,06,1436,47.46667,15.36667,False
Sankt Margareten im Rosental,Austria,02,268,46.54417,14.42444,False
Sankt Margarethen an der Raab,Austria,06,1114,47.05,15.75,False
Sankt Margarethen an der Sierning,Austria,03,550,48.1591,15.49055,False
Sankt Margarethen bei Knittelfeld,Austria,06,830,47.21667,14.86667,False
Sankt Margarethen im Burgenland,Austria,01,2636,47.80335,16.60875,False
Sankt Margarethen im Lungau,Austria,05,725,47.07927,13.69613,False
Sankt Marien,Austria,04,1481,48.14805,14.27759,False
Sankt Martin,Austria,04,6984,48.23091,14.26781,False
Sankt Martin,Austria,02,2416,46.61721,13.82879,False
Sankt Martin,Austria,02,20000,46.61667,14.28333,False
Sankt Martin,Austria,06,2417,47.44667,15.2849,False
Sankt Martin am Grimming,Austria,06,211,47.48873,13.98105,False
Sankt Martin am Ybbsfelde,Austria,03,1025,48.16425,15.02076,False
Sankt Martin an der Raab,Austria,01,564,46.92022,16.13379,False
Sankt Martin bei Lofer,Austria,05,832,47.56667,12.7,False
Sankt Martin im Innkreis,Austria,04,0,48.29387,13.43868,False
Sankt Martin im Mühlkreis,Austria,04,1111,48.41553,14.03821,False
Sankt Martin im Sulmtal,Austria,06,0,46.75611,15.29722,False
Sankt Michael im Burgenland,Austria,01,720,47.12852,16.27148,False
Sankt Michael im Lungau,Austria,05,2059,47.1,13.63333,False
Sankt Michael in Obersteiermark,Austria,06,972,47.33839,15.01784,False
Sankt Nikolai im Sausal,Austria,06,294,46.82111,15.45194,False
Sankt Nikolai im Sölktal,Austria,06,470,47.31667,14.05,False
Sankt Nikolai ob Draßling,Austria,06,738,46.80841,15.66054,False
Sankt Oswald bei Freistadt,Austria,04,1454,48.5,14.58333,False
Sankt Oswald bei Plankenwarth,Austria,06,716,47.08701,15.27703,False
Sankt Oswald ob Eibiswald,Austria,06,292,46.70833,15.14667,False
Sankt Pantaleon,Austria,03,1745,48.21058,14.56804,False
Sankt Paul im Lavanttal,Austria,02,3303,46.70056,14.87556,False
Sankt Peter,Austria,06,15187,47.05,15.46667,False
Sankt Peter,Austria,02,20320,46.62978,14.34016,False
Sankt Peter am Hart,Austria,04,412,48.25268,13.09613,False
Sankt Peter am Kammersberg,Austria,06,661,47.18706,14.18464,False
Sankt Peter am Ottersbach,Austria,06,740,46.79778,15.75917,False
Sankt Peter im Sulmtal,Austria,06,465,46.75,15.25,False
Sankt Peter in der Au Markt,Austria,03,2040,48.044,14.62182,False
Sankt Peter ob Judenburg,Austria,06,377,47.18417,14.58639,False
Sankt Peter-Freienstein,Austria,06,1086,47.38333,15.01667,False
Sankt Pölten,Austria,03,21911,48.20762,15.63725,False
Sankt Radegund bei Graz,Austria,06,814,47.18172,15.49192,False
Sankt Roman,Austria,04,0,48.48183,13.61056,False
Sankt Ruprecht,Austria,02,7442,46.6,14.31667,False
Sankt Ruprecht an der Raab,Austria,06,1231,47.15336,15.66256,False
Sankt Stefan,Austria,02,1743,46.8075,14.85167,False
Sankt Stefan im Rosental,Austria,06,3929,46.90389,15.71,False
Sankt Stefan ob Leoben,Austria,06,1022,47.31672,14.97831,False
Sankt Stefan ob Stainz,Austria,06,807,46.92861,15.25889,False
Sankt Ulrich am Pillersee,Austria,07,1819,47.5274,12.57239,False
Sankt Ulrich am Waasen,Austria,06,785,46.93333,15.53333,False
Sankt Ulrich bei Steyr,Austria,04,1379,48.02116,14.43685,False
Sankt Valentin,Austria,03,9340,48.16667,14.51667,False
Sankt Veit am Vogau,Austria,06,636,46.74048,15.64217,False
Sankt Veit an der Glan,Austria,02,10841,46.76806,14.36028,False
Sankt Veit an der Gölsen,Austria,03,725,48.0432,15.66942,False
Sankt Veit im Pongau,Austria,05,3788,47.33333,13.15,False
Sankt Veit in Defereggen,Austria,07,0,46.92722,12.42972,False
Sankt Wolfgang im Salzkammergut,Austria,04,2770,47.73932,13.44666,False
Sarleinsbach,Austria,04,1115,48.54525,13.90491,False
Satteins,Austria,08,2703,47.21667,9.66667,False
Sattledt,Austria,04,1255,48.07372,14.05478,False
Sautens,Austria,07,1601,47.20775,10.86452,False
Schachen bei Vorau,Austria,06,1190,47.3801,15.85816,False
Schachendorf,Austria,01,440,47.2655,16.4342,False
Schafwiesen,Austria,04,2200,48.17194,14.07067,False
Schalchen,Austria,04,1618,48.11924,13.15716,False
Schalchham,Austria,04,1448,47.99825,13.67188,False
Schandorf,Austria,01,276,47.24183,16.42267,False
Schardenberg,Austria,04,882,48.52058,13.49791,False
Scharndorf,Austria,03,408,48.09399,16.79883,False
Scharnitz,Austria,07,1403,47.38899,11.26455,False
Scharnstein,Austria,04,1287,47.90426,13.96135,False
Schattendorf,Austria,01,2379,47.70973,16.50979,False
Schattwald,Austria,07,106,47.51427,10.46143,False
Scheffau am Tennengebirge,Austria,05,1119,47.58831,13.2202,False
Scheffau am Wilden Kaiser,Austria,07,1449,47.52943,12.25139,False
Scheibbs,Austria,03,4196,48.00474,15.16817,False
Scheifling,Austria,06,978,47.15044,14.41278,False
Schenkenfelden,Austria,04,1129,48.50273,14.36188,False
Schiefling am See,Austria,02,864,46.60444,14.0975,False
Schildorn,Austria,04,463,48.14564,13.46314,False
Schladming,Austria,06,3452,47.39289,13.68699,False
Schlaiten,Austria,07,474,46.87944,12.65417,False
Schlatt,Austria,04,167,48.07177,13.78904,False
Schleben,Austria,02,27,46.62039,13.93301,False
Schleedorf,Austria,05,1069,47.95,13.15,False
Schleinbach,Austria,03,1031,48.41992,16.47809,False
Schlierbach,Austria,04,1773,47.93636,14.12018,False
Schlins,Austria,08,2404,47.2,9.7,False
Schlitters,Austria,07,1481,47.38045,11.83888,False
Schlüsslberg,Austria,04,898,48.21861,13.87161,False
Schmirn,Austria,07,0,47.08333,11.56667,False
Schnepfau,Austria,08,272,47.35206,9.9452,False
Schnifis,Austria,08,798,47.21667,9.73306,False
Schoppernau,Austria,08,950,47.31205,10.01646,False
Schottwien,Austria,03,462,47.65683,15.8725,False
Schrattenbach,Austria,03,45,47.77902,15.9906,False
Schrattenberg,Austria,03,810,48.72359,16.72201,False
Schrattenthal,Austria,03,293,48.71815,15.90939,False
Schrems,Austria,03,3248,48.78333,15.06667,False
Schrems bei Frohnleiten,Austria,06,299,47.28109,15.35932,False
Schruns,Austria,08,3818,47.08028,9.91917,False
Schröcken,Austria,08,224,47.25755,10.09197,False
Schwadorf,Austria,03,2180,48.06936,16.57957,False
Schwanberg,Austria,06,1363,46.75833,15.20833,False
Schwanenstadt,Austria,04,4264,48.05537,13.77505,False
Schwarzach,Austria,08,3949,47.44904,9.76213,False
Schwarzach im Pongau,Austria,05,3515,47.32048,13.15171,False
Schwarzau am Steinfeld,Austria,03,1345,47.73183,16.17094,False
Schwarzau im Gebirge,Austria,03,169,47.81223,15.70581,False
Schwarzau im Schwarzautal,Austria,06,259,46.87886,15.66421,False
Schwarzenau,Austria,03,858,48.74436,15.25838,False
Schwarzenbach,Austria,03,941,47.63547,16.35109,False
Schwarzenbach an der Pielach,Austria,03,0,47.93333,15.38333,False
Schwarzenberg,Austria,08,1850,47.41415,9.85154,False
Schwaz,Austria,07,13728,47.35169,11.71014,False
Schwechat,Austria,03,12351,48.13333,16.46667,False
Schweiggers,Austria,03,746,48.66667,15.06667,False
Schweinbach,Austria,04,1454,48.34033,14.42247,False
Schwendau,Austria,07,1725,47.19753,11.85897,False
Schwendt,Austria,07,823,47.63182,12.39266,False
Schwertberg,Austria,04,3895,48.2734,14.58474,False
Schwoich,Austria,07,2515,47.546,12.14049,False
Schäffern,Austria,06,432,47.47771,16.10956,False
Schärding,Austria,04,5253,48.45294,13.43722,False
Schärding Vorstadt,Austria,04,3246,48.45195,13.43946,False
Schöder,Austria,06,433,47.18333,14.1,False
Schönau an der Triesting,Austria,03,1467,47.93452,16.25376,False
Schönbach,Austria,03,278,48.45,15.03333,False
Schönberg im Stubaital,Austria,07,1101,47.18333,11.41667,False
Schöndorf,Austria,04,1654,48.00167,13.6588,False
Schönering,Austria,04,1013,48.29838,14.16103,False
Schönkirchen-Reyersdorf,Austria,03,1963,48.35477,16.69115,False
Schönwies,Austria,07,1697,47.19665,10.65742,False
Schörfling,Austria,04,1680,47.94544,13.60408,False
Schützen am Gebirge,Austria,01,1392,47.85233,16.62334,False
Sebersdorf,Austria,06,750,47.1865,15.9936,False
Seckau,Austria,06,601,47.26667,14.78333,False
See,Austria,07,1265,47.08333,10.46667,False
Seebach,Austria,02,3938,46.61667,13.86667,False
Seebenstein,Austria,03,924,47.69936,16.14484,False
Seeboden,Austria,02,3123,46.81909,13.5143,False
Seefeld in Tirol,Austria,07,3440,47.33016,11.18786,False
Seeham,Austria,05,1354,47.96746,13.07699,False
Seekirchen am Wallersee,Austria,05,3579,47.9,13.13333,False
Seewalchen,Austria,04,2780,47.95246,13.58382,False
Seewalchen,Austria,05,1054,47.90293,13.1313,False
Seggauberg,Austria,06,525,46.76667,15.51667,False
Seibersdorf,Austria,03,533,47.95858,16.51842,False
Seiersberg,Austria,06,7728,47.0,15.4,False
Seitenberg,Austria,02,73,46.74801,14.08825,False
Seitenstetten Markt,Austria,03,3394,48.03333,14.65,False
Sellrain,Austria,07,1333,47.21667,11.21667,False
Selzthal,Austria,06,1023,47.54988,14.31201,False
Semmering,Austria,03,544,47.63347,15.82993,False
Semriach,Austria,06,1392,47.21667,15.4,False
Senftenberg,Austria,03,1015,48.45222,15.54452,False
Serfaus,Austria,07,1134,47.04018,10.60339,False
Seyring,Austria,03,1713,48.33333,16.48333,False
Sibratsgfäll,Austria,08,401,47.42667,10.03806,False
Siegendorf im Burgenland,Austria,01,2963,47.78098,16.54232,False
Siegersdorf bei Herberstein,Austria,06,298,47.2,15.78333,False
Sieggraben,Austria,01,1248,47.65128,16.37993,False
Sieghartskirchen,Austria,03,2042,48.25531,16.01223,False
Sierndorf,Austria,03,1502,48.43024,16.16658,False
Sierning,Austria,04,4025,48.04343,14.30935,False
Siezenheim,Austria,05,2951,47.81529,12.99039,False
Sigless,Austria,01,1183,47.77533,16.39503,False
Sigmundsherberg,Austria,03,635,48.68333,15.75,False
Silbertal,Austria,08,834,47.09368,9.98314,False
Sillian,Austria,07,1604,46.75278,12.42111,False
Silz,Austria,07,2536,47.26667,10.93333,False
Simmering,Austria,09,101420,48.18333,16.43333,False
Sinabelkirchen,Austria,06,981,47.102,15.82795,False
Sistrans,Austria,07,2255,47.23333,11.45,False
Sittersdorf,Austria,02,173,46.54444,14.60583,False
Sitzendorf an der Schmida,Austria,03,622,48.59841,15.94254,False
Soboth,Austria,06,291,46.68139,15.07833,False
Sollenau,Austria,03,5038,47.89834,16.24833,False
Sommerein,Austria,03,1947,47.98333,16.65,False
Sonnberg im Mühlkreis,Austria,04,0,48.4608,14.31167,False
Sonntag,Austria,08,0,47.23857,9.89765,False
Sonntagberg,Austria,03,488,47.99561,14.76065,False
Sooss,Austria,03,1050,47.98464,16.21737,False
Spannberg,Austria,03,1010,48.46393,16.73647,False
Spatenhof,Austria,06,1021,46.9625,15.36111,False
Spielberg bei Knittelfeld,Austria,06,4228,47.21667,14.78333,False
Spielfeld,Austria,06,698,46.70556,15.63722,False
Spillern,Austria,03,2222,48.38333,16.25,False
Spital am Pyhrn,Austria,04,1435,47.66487,14.34014,False
Spital am Semmering,Austria,06,906,47.61345,15.75096,False
Spittal an der Drau,Austria,02,12880,46.8,13.5,False
Spitz,Austria,03,1270,48.3656,15.41416,False
Spratzern,Austria,03,6376,48.17044,15.61844,False
St Anton am Arlberg,Austria,07,1763,47.1275,10.26372,False
St. Agathen und Perau,Austria,02,3230,46.60627,13.85615,False
St. Georgen am Längsee,Austria,02,167,46.78061,14.43033,False
St. Martin of Tennengebirge,Austria,05,1083,47.465,13.37761,False
St. Ruprecht-Falkendorf,Austria,06,0,47.1011,14.01752,False
St. Veiter Vorstadt,Austria,02,3674,46.6317,14.30579,False
Staatz,Austria,03,0,48.67617,16.48726,False
Stadl an der Mur,Austria,06,433,47.08333,13.96667,False
Stadl-Hausruck,Austria,04,1284,48.08255,13.85213,False
Stadl-Paura,Austria,04,0,48.08333,13.86667,False
Stadl-Traun,Austria,04,3643,48.07963,13.8614,False
Stadtschlaining,Austria,01,668,47.31667,16.28333,False
Stainach,Austria,06,1893,47.53343,14.10872,False
Stainz,Austria,06,1677,46.89444,15.26722,False
Stainz bei Straden,Austria,06,275,46.82444,15.89222,False
Stall,Austria,02,505,46.89056,13.03694,False
Stallehr,Austria,08,289,47.14043,9.85609,False
Stallhof,Austria,06,534,46.88333,15.28333,False
Stallhofen,Austria,06,1231,47.05,15.21667,False
Stambach,Austria,06,274,47.33333,15.93333,False
Stams,Austria,07,1495,47.27603,10.98315,False
Stans,Austria,07,1928,47.36667,11.71667,False
Stanz bei Landeck,Austria,07,577,47.14758,10.5534,False
Stanzach,Austria,07,455,47.38333,10.56667,False
Stattegg,Austria,06,0,47.13333,15.41667,False
Stattersdorf,Austria,03,1963,48.18333,15.63333,False
Statzendorf,Austria,03,299,48.30752,15.64127,False
Steeg,Austria,07,254,47.24393,10.29436,False
Stegersbach,Austria,01,2658,47.16667,16.16667,False
Stein,Austria,06,458,46.99778,16.08694,False
Stein an der Donau,Austria,03,2024,48.40163,15.58102,False
Steinabrückl,Austria,03,1906,47.87053,16.20277,False
Steinach am Brenner,Austria,07,2716,47.08333,11.46667,False
Steinakirchen am Forst,Austria,03,945,48.06965,15.04801,False
Steinbach am Attersee,Austria,04,155,47.83087,13.54613,False
Steinbrunn,Austria,01,2614,47.83333,16.41667,False
Steindorf am Ossiacher See,Austria,02,507,46.69833,14.00917,False
Steinerkirchen an der Traun,Austria,04,803,48.07911,13.95796,False
Steinfeld,Austria,04,1033,47.71254,13.6326,False
Steinfeld,Austria,02,1337,46.75812,13.24934,False
Steinhaus,Austria,04,990,48.11614,14.0189,False
Stenzengreith,Austria,06,212,47.2,15.51667,False
Stephanshart,Austria,03,1034,48.15,14.81667,False
Stetteldorf am Wagram,Austria,03,542,48.40815,16.01862,False
Stetten,Austria,03,1357,48.36667,16.38333,False
Steuerberg,Austria,02,144,46.78804,14.1129,False
Steyr,Austria,04,38331,48.04274,14.42127,False
Steyregg,Austria,04,4889,48.28513,14.36995,False
Sticklberg,Austria,06,0,47.53036,15.77911,False
Stinatz,Austria,01,1263,47.20266,16.13312,False
Stiwoll,Austria,06,722,47.1,15.21667,False
Stockenboi,Austria,02,253,46.72385,13.49213,False
Stockerau,Austria,03,16292,48.38333,16.21667,False
Stollhofen,Austria,03,1022,48.35226,15.75963,False
Stoob,Austria,01,1386,47.52845,16.4776,False
Stotzing,Austria,01,840,47.90688,16.5458,False
Straden,Austria,06,283,46.80917,15.86806,False
Strallegg,Austria,06,911,47.41165,15.72534,False
Strass,Austria,03,1678,48.46667,15.73333,False
Strass im Zillertal,Austria,07,836,47.39556,11.81966,False
Strassen,Austria,07,808,46.75389,12.48417,False
Strassengel,Austria,06,2822,47.11573,15.33288,False
Strassham,Austria,04,1877,48.28348,14.14524,False
Strasshof an der Nordbahn,Austria,03,10009,48.31667,16.66667,False
Strasswalchen,Austria,05,3765,47.97947,13.25535,False
Stratzing,Austria,03,827,48.45,15.6,False
Straß in Steiermark,Austria,06,1552,46.72722,15.62444,False
Straßburg-Stadt,Austria,02,1255,46.89444,14.32861,False
Straßgang,Austria,06,16268,47.03333,15.4,False
Strem,Austria,01,599,47.04498,16.41426,False
Strengberg,Austria,03,520,48.14685,14.65147,False
Strengen,Austria,07,1213,47.12589,10.46199,False
Strobl,Austria,05,1393,47.71667,13.48333,False
Stronsdorf,Austria,03,671,48.65157,16.2989,False
Stubenberg,Austria,06,695,47.2446,15.80027,False
Studenzen,Austria,06,449,47.00583,15.75417,False
Stuhlfelden,Austria,05,1143,47.28761,12.52755,False
Stumm,Austria,07,1885,47.29052,11.88755,False
Stummerberg,Austria,07,556,47.28333,11.91667,False
Stössing,Austria,03,256,48.12267,15.81379,False
Sulz,Austria,08,2527,47.28721,9.65183,False
Sulzberg,Austria,08,1450,47.52178,9.91353,False
Sulztal an der Weinstraße,Austria,06,114,46.68333,15.55,False
Söchau,Austria,06,724,47.03333,16.01667,False
Södingberg,Austria,06,774,47.10703,15.17169,False
Sölden,Austria,07,2205,46.96667,11.0,False
Söll,Austria,07,3631,47.50378,12.19221,False
Tadten,Austria,01,1186,47.7642,16.9865,False
Taiskirchen im Innkreis,Austria,04,772,48.26468,13.57318,False
Tamsweg,Austria,05,3509,47.12808,13.81102,False
Tannheim,Austria,07,1067,47.49934,10.51641,False
Tarrenz,Austria,07,1894,47.26667,10.76667,False
Tattendorf,Austria,03,1439,47.95,16.3,False
Taufkirchen an der Trattnach,Austria,04,394,48.24731,13.74767,False
Taugl,Austria,05,1196,47.64747,13.20282,False
Tauplitz,Austria,06,615,47.56005,14.01293,False
Taxach,Austria,05,3724,47.7261,13.07184,False
Taxenbach,Austria,05,907,47.29116,12.96215,False
Teesdorf,Austria,03,1822,47.95,16.28333,False
Telfes im Stubai,Austria,07,891,47.16667,11.36667,False
Telfs,Austria,07,15229,47.30707,11.06817,False
Terfens,Austria,07,417,47.32355,11.64388,False
Ternberg,Austria,04,3367,47.94518,14.3587,False
Ternitz,Austria,03,7378,47.71565,16.03575,False
Teufenbach,Austria,06,786,47.1287,14.35913,False
Thal,Austria,06,2261,47.07644,15.36052,False
Thalgau,Austria,05,2424,47.84142,13.25325,False
Thalheim bei Wels,Austria,04,4294,48.15,14.03333,False
Thaur,Austria,07,3979,47.29476,11.47529,False
Thaya,Austria,03,611,48.85489,15.28902,False
Theresienfeld,Austria,03,3485,47.85,16.23333,False
Thiersee,Austria,07,0,47.59424,12.11758,False
Thomasberg,Austria,03,442,47.56667,16.13333,False
Thomatal,Austria,05,298,47.06667,13.75,False
Thumersbach,Austria,05,1010,47.32952,12.81675,False
Thurn,Austria,07,270,46.85056,12.76861,False
Thörl,Austria,06,235,47.51952,15.22276,False
Thüringen,Austria,08,2222,47.2,9.76667,False
Tiefenbach,Austria,03,25,47.5354,16.21346,False
Tiefgraben,Austria,04,1585,47.87385,13.30591,False
Tieschen,Austria,06,333,46.78611,15.94222,False
Tillmitsch,Austria,06,1426,46.81195,15.51679,False
Tillmitsch Links der Laßnitz,Austria,06,1026,46.80955,15.52394,False
Timelkam,Austria,04,3061,48.00394,13.6076,False
Tobadill,Austria,07,516,47.12513,10.51404,False
Tobaj,Austria,01,285,47.08333,16.3,False
Traboch,Austria,06,478,47.37705,14.98647,False
Tragwein,Austria,04,1534,48.33314,14.62237,False
Trahütten,Austria,06,173,46.825,15.15694,False
Traisen,Austria,03,3453,48.03333,15.6,False
Traiskirchen,Austria,03,6608,48.01485,16.29324,False
Traismauer,Austria,03,2750,48.35,15.73333,False
Trattenbach,Austria,03,545,47.6,15.86667,False
Traun,Austria,04,25345,48.22086,14.23833,False
Traunkirchen,Austria,04,1624,47.84462,13.78939,False
Trausdorf an der Wulka,Austria,01,2064,47.8135,16.5576,False
Trautmannsdorf an der Leitha,Austria,03,966,48.02357,16.63266,False
Trautmannsdorf in Oststeiermark,Austria,06,759,46.8753,15.88451,False
Trebesing,Austria,02,174,46.88639,13.51028,False
Treglwang,Austria,06,342,47.47458,14.59083,False
Treibach,Austria,02,1093,46.86667,14.46667,False
Tribuswinkel,Austria,03,4295,48.00623,16.27075,False
Trieben,Austria,06,2408,47.48574,14.48744,False
Triebendorf,Austria,06,2,47.11667,14.23333,False
Trins,Austria,07,1277,47.08333,11.41667,False
Tristach,Austria,07,1437,46.81611,12.78972,False
Trofaiach,Austria,06,7728,47.42524,15.00681,False
Trumau,Austria,03,3640,47.99348,16.34268,False
Trössing,Austria,06,257,46.81667,15.81667,False
Tschagguns,Austria,08,2195,47.07391,9.90267,False
Tschanigraben,Austria,01,62,47.01667,16.3,False
Tulbing,Austria,03,807,48.29336,16.12226,False
Tulfes,Austria,07,1089,47.25806,11.53333,False
Tulln,Austria,03,12421,48.32829,16.05858,False
Tullnerbach-Lawies,Austria,03,1625,48.18912,16.09117,False
Turnau,Austria,06,916,47.55776,15.33739,False
Tux,Austria,07,1941,47.15559,11.72872,False
Tweng,Austria,05,276,47.18333,13.6,False
Türnitz,Austria,03,1439,47.93095,15.49295,False
Uderns,Austria,07,848,47.31667,11.86667,False
Ufer,Austria,04,1566,48.24842,14.49977,False
Ulrichsberg,Austria,04,1121,48.67498,13.91049,False
Ulrichskirchen,Austria,03,1137,48.4,16.48333,False
Umhausen,Austria,07,1840,47.13503,10.92826,False
Ungenach,Austria,04,194,48.04756,13.61472,False
Ungerdorf,Austria,06,900,47.08333,15.66667,False
Unken,Austria,05,426,47.64966,12.72946,False
Unterauersbach,Austria,06,218,46.86556,15.77028,False
Unterbergla,Austria,06,272,46.80746,15.31516,False
Untere Fellach,Austria,02,3307,46.62504,13.82681,False
Untereisenfeld,Austria,04,1021,48.168,14.041,False
Unterfladnitz,Austria,06,312,47.18333,15.66667,False
Unterfrauenhaid,Austria,01,681,47.57116,16.49885,False
Unterjosefstal,Austria,04,8,48.29216,14.57525,False
Unterkohlstätten,Austria,01,228,47.38333,16.31667,False
Unterlamm,Austria,06,647,46.97694,16.06389,False
Unterlangkampfen,Austria,07,1965,47.55,12.1,False
Unternberg,Austria,05,1035,47.11269,13.74261,False
Unterperfuss,Austria,07,224,47.26667,11.25,False
Unterpremstätten,Austria,06,2196,46.96472,15.40417,False
Untersiebenbrunn,Austria,03,1736,48.25674,16.74526,False
Unterstinkenbrunn,Austria,03,560,48.6677,16.34607,False
Untertauern,Austria,05,257,47.30411,13.50683,False
Untertilliach,Austria,07,237,46.70346,12.67758,False
Unterwagram,Austria,03,2283,48.21243,15.64951,False
Unterwaltersdorf,Austria,03,2829,47.961,16.43,False
Unterwart,Austria,01,700,47.26399,16.22901,False
Utschtal,Austria,06,1202,47.4,15.2,False
Uttendorf,Austria,05,1789,47.28333,12.56667,False
Uttendorf,Austria,04,1361,48.15887,13.1218,False
Utzenaich,Austria,04,631,48.27622,13.46091,False
Vals,Austria,07,532,47.04507,11.53281,False
Vandans,Austria,08,2636,47.09569,9.86525,False
Vasoldsberg,Austria,06,4572,47.01634,15.55835,False
Veitsch,Austria,06,360,47.57815,15.4945,False
Velden am Wörther See,Austria,02,2325,46.61301,14.0413,False
Velm,Austria,03,1295,48.03333,16.43333,False
Viechtwang,Austria,04,1349,47.91531,13.96345,False
Viehhausen,Austria,05,2136,47.78333,12.98333,False
Viehhofen,Austria,05,603,47.36667,12.73333,False
Viehofen,Austria,03,4507,48.229,15.643,False
Vienna,Austria,09,1691468,48.20849,16.37208,True
Viktorsberg,Austria,08,411,47.30092,9.67484,False
Viktring,Austria,02,9407,46.59194,14.26917,False
Viktringer Vorstadt,Austria,02,3436,46.61773,14.30931,False
Villach,Austria,02,58882,46.61028,13.85583,False
Villach-Innere Stadt,Austria,02,8189,46.61275,13.84638,False
Villacher Vorstadt,Austria,02,8421,46.62368,14.28892,False
Vils,Austria,07,1535,47.55,10.63333,False
Virgen,Austria,07,1117,47.00367,12.45741,False
Vitis,Austria,03,1244,48.75964,15.18259,False
Vogau,Austria,06,1133,46.73187,15.60837,False
Voitsberg,Austria,06,9403,47.04445,15.15313,False
Volders,Austria,07,3754,47.28333,11.56667,False
Voldöpp,Austria,07,3386,47.44469,11.88343,False
Vomp,Austria,07,5283,47.33333,11.68333,False
Vorau,Austria,06,1321,47.40548,15.88754,False
Vorchdorf,Austria,04,7475,48.00388,13.92122,False
Vorderhornbach,Austria,07,245,47.37009,10.53947,False
Vordernberg,Austria,06,1045,47.48809,14.99436,False
Vorderthiersee,Austria,07,1262,47.58333,12.1,False
Vöcklabruck,Austria,04,3789,48.00279,13.65652,False
Vöcklamarkt,Austria,04,2112,48.0025,13.48383,False
Völkendorf,Austria,02,5474,46.60806,13.83153,False
Völkermarkt,Austria,02,4653,46.66222,14.63444,False
Völkermarkter Vorstadt,Austria,02,4511,46.62418,14.32081,False
Völs,Austria,07,6738,47.25,11.33333,False
Vösendorf,Austria,03,6990,48.12107,16.34036,False
Wagna,Austria,06,2277,46.76682,15.55906,False
Wagnergraben,Austria,05,21,48.02036,13.02395,False
Wagnitz,Austria,06,2286,46.98333,15.46667,False
Wagrain,Austria,05,372,47.33528,13.29889,False
Wagrain,Austria,04,1429,48.00503,13.67163,False
Wagram,Austria,04,1054,48.23828,14.22996,False
Waidhofen an der Thaya,Austria,03,4280,48.81667,15.28333,False
Waidhofen an der Ybbs,Austria,03,3811,47.96004,14.77361,False
Waidmannsfeld,Austria,03,390,47.87042,15.98116,False
Waidring,Austria,07,2019,47.58333,12.56667,False
Waiern,Austria,02,1028,46.73028,14.08194,False
Waizenkirchen,Austria,04,1298,48.33018,13.85754,False
Walbersdorf,Austria,01,7514,47.74198,16.42053,False
Walchen,Austria,05,1003,47.28822,12.68739,False
Walchsee,Austria,07,717,47.65163,12.31868,False
Wald am Schoberpaß,Austria,06,565,47.44936,14.67567,False
Wald im Pinzgau,Austria,05,373,47.24643,12.22731,False
Waldegg,Austria,03,408,47.86852,16.05154,False
Waldenstein,Austria,03,370,48.72845,15.01419,False
Waldhausen,Austria,03,208,48.52183,15.2625,False
Walding,Austria,04,4095,48.35209,14.1576,False
Waldkirchen am Wesen,Austria,04,174,48.44059,13.82174,False
Waldkirchen an der Thaya,Austria,03,170,48.93333,15.35,False
Waldneukirchen,Austria,04,1154,47.99854,14.25879,False
Waldprechting,Austria,05,1474,47.9,13.11667,False
Waldzell,Austria,04,687,48.13562,13.42701,False
Wallern an der Trattnach,Austria,04,1965,48.23296,13.9462,False
Wallern im Burgenland,Austria,01,1702,47.72847,16.93706,False
Wallsee,Austria,03,2006,48.16667,14.71667,False
Walpersbach,Austria,03,766,47.71667,16.23333,False
Wals,Austria,05,3626,47.78333,12.96667,False
Walserfeld,Austria,05,1050,47.789,12.977,False
Waltendorf,Austria,06,11960,47.06667,15.46667,False
Wang,Austria,03,588,48.04538,15.02672,False
Warmbad-Judendorf,Austria,02,2302,46.60126,13.82241,False
Wartberg,Austria,06,1958,47.52717,15.48095,False
Wartberg an der Krems,Austria,04,1382,47.98909,14.11863,False
Wartberg ob der Aist,Austria,04,1206,48.34792,14.50796,False
Warth,Austria,03,553,47.65,16.11667,False
Warth,Austria,08,148,47.25,10.18333,False
Wartmannstetten,Austria,03,566,47.69359,16.07506,False
Wasserburg,Austria,04,0,48.27425,14.56152,False
Wattenberg,Austria,07,739,47.28333,11.6,False
Wattens,Austria,07,7881,47.29419,11.5907,False
Weer,Austria,07,1539,47.30375,11.64498,False
Weerberg,Austria,07,2482,47.29841,11.66592,False
Weibern,Austria,04,711,48.18333,13.7,False
Weichselbaum,Austria,01,133,46.9416,16.1871,False
Weiden am See,Austria,01,2426,47.92532,16.86899,False
Weiden bei Rechnitz,Austria,01,123,47.3,16.35,False
Weidling,Austria,03,3212,48.291,16.30865,False
Weigelsdorf,Austria,03,2680,47.95,16.4,False
Weikendorf,Austria,03,1132,48.34438,16.76651,False
Weikersdorf am Steinfelde,Austria,03,1066,47.80612,16.14389,False
Weilbach,Austria,04,176,48.27725,13.37165,False
Weiler,Austria,08,2075,47.29972,9.65,False
Weinburg,Austria,03,708,48.11351,15.53295,False
Weinburg am Saßbach,Austria,06,364,46.75361,15.72111,False
Weingraben,Austria,01,363,47.51393,16.36375,False
Weinzierl am Walde,Austria,03,239,48.43211,15.4321,False
Weissach,Austria,07,2047,47.57091,12.16255,False
Weissenbach am Lech,Austria,07,1231,47.44162,10.64071,False
Weissenbach an der Triesting,Austria,03,941,47.98211,16.03935,False
Weisskirchen an der Traun,Austria,04,1081,48.16202,14.12395,False
Weistrach,Austria,03,2216,48.05,14.58333,False
Weiten,Austria,03,368,48.29564,15.2601,False
Weitensfeld,Austria,02,565,46.84743,14.19213,False
Weitersfeld,Austria,03,630,48.78097,15.81345,False
Weitersfelden,Austria,04,342,48.4773,14.72546,False
Weitra,Austria,03,1599,48.7,14.88333,False
Weiz,Austria,06,9221,47.21667,15.61667,False
Weißenbach bei Liezen,Austria,06,1144,47.57265,14.20451,False
Weißenkirchen im Attergau,Austria,04,31,47.94964,13.41843,False
Weißenkirchen in der Wachau,Austria,03,939,48.3979,15.46931,False
Weißkirchen in Steiermark,Austria,06,1279,47.15409,14.73882,False
Wels,Austria,04,16857,48.16667,14.03333,False
Wendling,Austria,04,372,48.23182,13.66622,False
Weng im Innkreis,Austria,04,664,48.23508,13.17801,False
Wenns,Austria,07,2044,47.16667,10.73333,False
Weppersdorf,Austria,01,976,47.57954,16.42679,False
Werfen,Austria,05,1570,47.47585,13.1902,False
Werfenweng,Austria,05,694,47.46204,13.25582,False
Wernberg,Austria,02,584,46.61667,13.93333,False
Werndorf,Austria,06,2365,46.92417,15.49083,False
Wernersdorf,Austria,06,161,46.71592,15.20718,False
Wernstein am Inn,Austria,04,645,48.50802,13.461,False
Westendorf,Austria,07,3652,47.43208,12.21406,False
Wettmannstätten,Austria,06,599,46.83056,15.38722,False
Wetzelsdorf,Austria,06,15687,47.05293,15.39923,False
Weyer,Austria,04,3296,47.85717,14.66409,False
Weyregg,Austria,04,799,47.90294,13.57193,False
Wiener Neudorf,Austria,03,9405,48.08278,16.31384,False
Wiener Neustadt,Austria,03,44820,47.80485,16.23196,False
Wienersdorf,Austria,03,2971,48.00819,16.29169,False
Wies,Austria,06,409,46.72028,15.27194,False
Wieselburg,Austria,03,4143,48.13333,15.13333,False
Wiesen,Austria,01,2691,47.73776,16.33798,False
Wiesfleck,Austria,01,794,47.38458,16.14552,False
Wiesing,Austria,07,947,47.40486,11.79708,False
Wiesmath,Austria,03,1509,47.61667,16.28333,False
Wildalpen,Austria,06,464,47.65,14.98333,False
Wildermieming,Austria,07,935,47.31667,11.01667,False
Wildon,Austria,06,2652,46.88333,15.51667,False
Wildschönau,Austria,07,0,47.40619,12.03784,False
Wilfersdorf,Austria,03,1168,48.58333,16.63333,False
Wilfleinsdorf,Austria,03,1106,48.01667,16.71667,False
Wilhelmsburg,Austria,03,6557,48.10571,15.60539,False
Willendorf am Steinfelde,Austria,03,684,47.78929,16.05686,False
Wilten,Austria,07,18142,47.25829,11.38808,False
Wimpassing,Austria,04,5748,48.16667,13.98333,False
Wimpassing an der Leitha,Austria,01,1549,47.91667,16.43333,False
Wimpassing im Schwarzatale,Austria,03,1616,47.70295,16.03334,False
Wimsbach,Austria,04,1164,48.06667,13.9,False
Winden am See,Austria,01,1315,47.9501,16.7556,False
Windhaag bei Freistadt,Austria,04,477,48.58774,14.56186,False
Windhaag bei Perg,Austria,04,642,48.28582,14.68091,False
Windhag,Austria,03,1748,47.97906,14.80245,False
Windigsteig,Austria,03,302,48.76667,15.28333,False
Windischgarsten,Austria,04,2392,47.72223,14.32755,False
Winklarn,Austria,03,1323,48.09135,14.84819,False
Winklern,Austria,02,690,46.87361,12.87472,False
Winklern bei Oberwölz,Austria,06,314,47.2,14.23333,False
Winzendorf,Austria,03,1282,47.81154,16.113,False
Wippenham,Austria,04,162,48.2225,13.3792,False
Wispl,Austria,04,1967,48.16488,13.99753,False
Wolfau,Austria,01,1436,47.25,16.1,False
Wolfern,Austria,04,2374,48.08278,14.37201,False
Wolfpassing,Austria,03,493,48.07785,15.06453,False
Wolfsbach,Austria,03,2011,48.07893,14.67029,False
Wolfsberg,Austria,02,25035,46.84056,14.84417,False
Wolfsberg im Schwarzautal,Austria,06,551,46.84389,15.65889,False
Wolfsegg am Hausruck,Austria,04,995,48.10669,13.67274,False
Wolfsgraben,Austria,03,1700,48.1587,16.12098,False
Wolfsthal,Austria,03,1032,48.13333,17.0,False
Wolfurt,Austria,08,8446,47.46667,9.75,False
Wolkersdorf im Weinviertel,Austria,03,4115,48.38333,16.51667,False
Wudmath,Austria,02,60,46.59634,13.98067,False
Wulkaprodersdorf,Austria,01,1944,47.79753,16.50447,False
Wullersdorf,Austria,03,737,48.62792,16.10089,False
Wundschuh,Austria,06,777,46.92639,15.45111,False
WÖS,Austria,04,5000,48.16553,14.03651,False
Währing,Austria,09,51402,48.22611,16.34484,False
Wängle,Austria,07,552,47.48658,10.68995,False
Wölfnitz,Austria,02,5316,46.66639,14.25806,False
Wöllersdorf,Austria,03,2567,47.865,16.17119,False
Wördern,Austria,03,3509,48.334,16.21016,False
Wörgl,Austria,07,13811,47.48906,12.06174,False
Wörschach,Austria,06,717,47.55,14.15,False
Wörterberg,Austria,01,488,47.21667,16.1,False
Wörth an der Lafnitz,Austria,06,381,47.21368,16.08081,False
Würflach,Austria,03,1009,47.77648,16.05463,False
Würmla,Austria,03,669,48.25497,15.86031,False
Ybbs an der Donau,Austria,03,4310,48.16667,15.08333,False
Ybbsitz,Austria,03,1721,47.94745,14.8918,False
Ysper,Austria,03,1149,48.28865,15.06131,False
Zagersdorf,Austria,01,1027,47.76471,16.51382,False
Zams,Austria,07,3148,47.15844,10.5897,False
Zederhaus,Austria,05,583,47.1557,13.50576,False
Zeillern,Austria,03,1865,48.13029,14.8076,False
Zeiselmauer,Austria,03,1376,48.32852,16.17565,False
Zell,Austria,07,2551,47.58333,12.15,False
Zell am Moos,Austria,04,631,47.9,13.31667,False
Zell am Pettenfirst,Austria,04,193,48.08009,13.59936,False
Zell am See,Austria,05,7619,47.32306,12.79839,False
Zell am Ziller,Austria,07,1758,47.23333,11.88333,False
Zell an der Pram,Austria,04,1228,48.31625,13.62923,False
Zell-Arzberg,Austria,03,1536,47.95191,14.79322,False
Zell-Markt,Austria,03,1119,47.95878,14.78318,False
Zellberg,Austria,07,383,47.23333,11.85,False
Zellerndorf,Austria,03,1144,48.69657,15.95841,False
Zeltweg,Austria,06,4463,47.18333,14.75,False
Zerlach,Austria,06,361,46.94593,15.65093,False
Zettling,Austria,06,444,46.9522,15.4342,False
Zeutschach,Austria,06,213,47.06667,14.36667,False
Ziersdorf,Austria,03,1653,48.5303,15.92691,False
Zillingdorf,Austria,03,1239,47.85,16.33333,False
Zillingtal,Austria,01,933,47.81442,16.40928,False
Zirl,Austria,07,8162,47.2741,11.23961,False
Zistersdorf,Austria,03,2792,48.54252,16.76136,False
Zurndorf,Austria,01,2247,47.98314,17.00315,False
Zwentendorf,Austria,03,1039,48.3453,15.91026,False
Zwettl Stadt,Austria,03,3900,48.60726,15.16714,False
Zwettl an der Rodl,Austria,04,870,48.46552,14.27133,False
Zwölfaxing,Austria,03,1744,48.1099,16.46267,False
Zöbern,Austria,03,729,47.51459,16.13111,False
Zöblen,Austria,07,231,47.50772,10.47971,False
Öblarn,Austria,06,1059,47.45938,13.99023,False
Ötztal-Bahnhof,Austria,07,1534,47.23333,10.85,False
Übelbach,Austria,06,1078,47.22534,15.23615,False
Übersaxen,Austria,08,629,47.25284,9.6708,False
Übersbach,Austria,06,668,47.02318,16.05517,False
Astraviec,Belarus,03,15116,54.61378,25.95537,False
Baranovichi,Belarus,01,171361,53.13255,26.00775,False
Baran’,Belarus,07,10245,54.47737,30.30936,False
Barysaw,Belarus,05,135696,54.2279,28.505,False
Bierazino,Belarus,05,11366,53.8391,28.9879,False
Bobruysk,Belarus,06,207351,53.14676,29.20548,False
Brest,Belarus,01,347138,52.10894,23.71749,False
Byaroza,Belarus,01,28376,52.53129,24.9782,False
Byarozawka,Belarus,03,11800,53.72406,25.49709,False
Byelaazyorsk,Belarus,01,10984,52.4731,25.1784,False
Bykhov,Belarus,06,16349,53.52131,30.23078,False
Dobrush,Belarus,02,18083,52.41471,31.31429,False
Drogichin,Belarus,01,14804,52.1874,25.1597,False
Dzyarzhynsk,Belarus,05,29796,53.68477,27.13171,False
Fanipol,Belarus,05,18252,53.74998,27.33338,False
Gorodok,Belarus,07,11533,55.4624,29.98451,False
Hantsavichy,Belarus,01,13355,52.75786,26.4309,False
Hlybokaye,Belarus,07,17746,55.13933,27.69143,False
Homyel',Belarus,02,501193,52.4345,30.9754,False
Horad Zhodzina,Belarus,05,63744,54.0985,28.3331,False
Horki,Belarus,06,28961,54.28606,30.98604,False
Hrodna,Belarus,03,363718,53.6758,23.82887,False
Ivanovo,Belarus,01,16172,52.14724,25.53198,False
Ivatsevichi,Belarus,01,22377,52.70793,25.33509,False
Kalinkovichi,Belarus,02,36941,52.1323,29.3257,False
Kalodzishchy,Belarus,05,17000,53.944,27.7823,False
Kastsyukowka,Belarus,02,10552,52.5387,30.9173,False
Khoyniki,Belarus,02,13167,51.90773,29.98258,False
Kletsk,Belarus,05,11248,53.0635,26.6321,False
Klimovichi,Belarus,06,15020,53.60492,31.95632,False
Kobryn,Belarus,01,52635,52.21173,24.3563,False
Kostyukovichi,Belarus,06,14870,53.35488,32.05128,False
Krychaw,Belarus,06,23264,53.71924,31.71356,False
Lida,Belarus,03,103916,53.88333,25.29972,False
Logoysk,Belarus,05,15565,54.2064,27.8512,False
Luninyets,Belarus,01,23592,52.24864,26.80061,False
Lyakhovichi,Belarus,01,10605,53.03931,26.26314,False
Lyasny,Belarus,05,15000,54.0072,27.6963,False
Lyepyel’,Belarus,07,17400,54.8814,28.699,False
Lyuban’,Belarus,05,11339,52.7985,28.0048,False
Machulishchy,Belarus,05,10583,53.7788,27.5948,False
Mahilyow,Belarus,06,352896,53.90876,30.34044,False
Maladziečna,Belarus,05,89068,54.3167,26.854,False
Malorita,Belarus,01,12735,51.79467,24.07461,False
Mar’ina Gorka,Belarus,05,20096,53.509,28.147,False
Mazyr,Belarus,02,105152,52.04162,29.21631,False
Mikashevichy,Belarus,01,12395,52.2173,27.476,False
Minsk,Belarus,04,1742124,53.90019,27.56653,True
Mosty,Belarus,03,14447,53.4122,24.5387,False
Mscislau,Belarus,06,10019,54.0185,31.7217,False
Nesvizh,Belarus,05,15968,53.22186,26.67679,False
Novogrudok,Belarus,03,27936,53.5942,25.8191,False
Novolukoml’,Belarus,07,11841,54.66192,29.15016,False
Novopolotsk,Belarus,07,95717,55.52618,28.59308,False
Orsha,Belarus,07,102759,54.51362,30.40365,False
Oshmyany,Belarus,03,16787,54.41815,25.93734,False
Osipovichi,Belarus,06,29103,53.30588,28.62872,False
Pastavy,Belarus,07,18618,55.11676,26.83263,False
Petrikov,Belarus,02,10401,52.1299,28.49625,False
Pinsk,Belarus,01,124295,52.12153,26.06726,False
Polotsk,Belarus,07,79579,55.4879,28.7856,False
Pruzhany,Belarus,01,18994,52.55464,24.45483,False
Rahachow,Belarus,02,31821,53.09255,30.04862,False
Rechytsa,Belarus,02,65213,52.3617,30.3916,False
Shchuchyn,Belarus,03,15371,53.6014,24.7465,False
Shklov,Belarus,06,14870,54.21298,30.28724,False
Slonim,Belarus,03,48907,53.08751,25.31707,False
Slutsk,Belarus,05,60056,53.01522,27.54159,False
Smaliavičy,Belarus,05,22679,54.0249,28.0894,False
Smarhoń,Belarus,03,35422,54.4798,26.3957,False
Soligorsk,Belarus,05,97818,52.78981,27.53583,False
Staryye Dorogi,Belarus,05,10898,53.0402,28.267,False
Stolin,Belarus,01,13785,51.89008,26.83596,False
Stowbtsy,Belarus,05,17737,53.47994,26.7351,False
Svetlogorsk,Belarus,02,62602,52.6329,29.7389,False
Uzda,Belarus,05,10619,53.4627,27.2137,False
Vaukavysk,Belarus,03,47300,53.1561,24.4513,False
Vileyka,Belarus,05,26625,54.4914,26.9111,False
Vitebsk,Belarus,07,358927,55.1904,30.2049,False
Volozhin,Belarus,05,10015,54.08911,26.52731,False
Zaslawye,Belarus,05,17404,54.0114,27.2695,False
Zhabinka,Belarus,01,14418,52.19857,24.01064,False
Zhlobin,Belarus,02,76844,52.8926,30.024,False
Červień,Belarus,05,10545,53.7059,28.4313,False
Žytkavičy,Belarus,02,15950,52.2168,27.8561,False
Aalst,Belgium,VLG,77534,50.93604,4.0355,False
Aalter,Belgium,VLG,18802,51.09017,3.44693,False
Aarschot,Belgium,VLG,27656,50.98715,4.83695,False
Aartselaar,Belgium,VLG,14193,51.13412,4.38678,False
Aiseau,Belgium,WAL,10906,50.41158,4.58671,False
Alken,Belgium,VLG,10933,50.87553,5.30558,False
Amay,Belgium,WAL,13307,50.54829,5.30974,False
Andenne,Belgium,WAL,24055,50.48941,5.09513,False
Anderlecht,Belgium,BRU,160553,50.83619,4.31454,False
Anderlues,Belgium,WAL,11597,50.40704,4.27136,False
Angleur,Belgium,WAL,10647,50.6113,5.59942,False
Ans,Belgium,WAL,27297,50.6623,5.52029,False
Antwerp,Belgium,VLG,529247,51.22047,4.40026,False
Anzegem,Belgium,VLG,13920,50.837,3.47786,False
Arendonk,Belgium,VLG,12247,51.32267,5.08289,False
Arlon,Belgium,WAL,26179,49.68333,5.81667,False
Asse,Belgium,VLG,28985,50.91011,4.19836,False
Assebroek,Belgium,VLG,19772,51.19367,3.2623,False
Assenede,Belgium,VLG,13495,51.22598,3.75085,False
Ath,Belgium,WAL,26681,50.62937,3.77801,False
Aubange,Belgium,WAL,14932,49.56652,5.80492,False
Auderghem,Belgium,BRU,33984,50.81667,4.43333,False
Aywaille,Belgium,WAL,10636,50.47411,5.67684,False
Balen,Belgium,VLG,19978,51.16837,5.17027,False
Basse Lasne,Belgium,WAL,13861,50.69503,4.49218,False
Bastogne,Belgium,WAL,14395,50.00347,5.71844,False
Beernem,Belgium,VLG,14512,51.13981,3.33896,False
Beerse,Belgium,VLG,16208,51.31927,4.85304,False
Beersel,Belgium,VLG,23228,50.76589,4.3002,False
Beloeil,Belgium,WAL,13405,50.55047,3.73484,False
Belsele,Belgium,VLG,10489,51.14598,4.08859,False
Berchem,Belgium,VLG,43511,51.19021,4.43264,False
Berchem-Sainte-Agathe,Belgium,BRU,25162,50.86567,4.29557,False
Beringen,Belgium,VLG,40930,51.04954,5.22606,False
Berlaar,Belgium,VLG,10370,51.1176,4.65835,False
Berlare,Belgium,VLG,13853,51.03333,4.0,False
Bernissart,Belgium,WAL,11588,50.4746,3.64961,False
Bevere,Belgium,VLG,15311,50.8496,3.5873,False
Beveren,Belgium,VLG,45179,51.21187,4.25633,False
Beyne-Heusay,Belgium,WAL,11608,50.62251,5.66508,False
Bilzen,Belgium,VLG,29622,50.87325,5.5184,False
Binche,Belgium,WAL,32030,50.41155,4.16469,False
Blankenberge,Belgium,VLG,18000,51.31306,3.13227,False
Blauwput,Belgium,VLG,30215,50.88587,4.72415,False
Blégny,Belgium,WAL,12745,50.67255,5.72508,False
Bocholt,Belgium,VLG,12346,51.17337,5.57994,False
Boechout,Belgium,VLG,12145,51.15959,4.49195,False
Boom,Belgium,VLG,15810,51.09242,4.3717,False
Boortmeerbeek,Belgium,VLG,11570,50.97929,4.57443,False
Borgerhout,Belgium,VLG,46087,51.20957,4.43539,False
Bornem,Belgium,VLG,19997,51.09716,4.24364,False
Borsbeek,Belgium,VLG,10334,51.19661,4.48543,False
Boussu,Belgium,WAL,20058,50.43417,3.7944,False
Braine-l'Alleud,Belgium,WAL,37512,50.68363,4.36784,False
Braine-le-Comte,Belgium,WAL,20133,50.60979,4.14658,False
Brasschaat,Belgium,VLG,37040,51.2912,4.49182,False
Brecht,Belgium,VLG,14007,51.35024,4.63829,False
Bredene,Belgium,VLG,14862,51.23489,2.97559,False
Bree,Belgium,VLG,14363,51.14152,5.5969,False
Bressoux,Belgium,WAL,12588,50.63988,5.60629,False
Brugge,Belgium,VLG,118509,51.20892,3.22424,False
Brussels,Belgium,BRU,1019022,50.85045,4.34878,True
Buggenhout,Belgium,VLG,13510,51.0159,4.20173,False
Chapelle-lez-Herlaimont,Belgium,WAL,14353,50.4713,4.28227,False
Charleroi,Belgium,WAL,200132,50.41136,4.44448,False
Chaudfontaine,Belgium,WAL,20960,50.5828,5.6341,False
Chaumont-Gistoux,Belgium,WAL,10943,50.67753,4.7212,False
Châtelet,Belgium,WAL,35238,50.40338,4.52826,False
Châtelineau,Belgium,WAL,17166,50.41499,4.52016,False
Ciney,Belgium,WAL,14830,50.29449,5.10015,False
Colfontaine,Belgium,WAL,19964,50.4141,3.85569,False
Couillet,Belgium,WAL,11365,50.39139,4.45908,False
Courcelles,Belgium,WAL,29473,50.46379,4.3747,False
Couvin,Belgium,WAL,13518,50.05284,4.49495,False
Damme,Belgium,VLG,10924,51.25147,3.28144,False
De Haan,Belgium,VLG,11766,51.27261,3.03446,False
De Pinte,Belgium,VLG,10020,50.99339,3.64747,False
Deerlijk,Belgium,VLG,11292,50.85337,3.35416,False
Deinze,Belgium,VLG,29815,50.98175,3.53096,False
Denderleeuw,Belgium,VLG,16969,50.88506,4.07601,False
Dendermonde,Belgium,VLG,45673,51.02869,4.10106,False
Destelbergen,Belgium,VLG,16853,51.05952,3.79899,False
Deurne,Belgium,VLG,78747,51.22134,4.46595,False
Diepenbeek,Belgium,VLG,17699,50.90769,5.41875,False
Diest,Belgium,VLG,22516,50.98923,5.05062,False
Diksmuide,Belgium,VLG,15515,51.03248,2.86384,False
Dilbeek,Belgium,VLG,39482,50.84799,4.25972,False
Dinant,Belgium,WAL,12875,50.25807,4.91166,False
Dison,Belgium,WAL,13642,50.61004,5.8534,False
Dour,Belgium,WAL,16861,50.39583,3.77792,False
Drongen,Belgium,VLG,13016,51.05067,3.65649,False
Duffel,Belgium,VLG,16011,51.09554,4.50903,False
Durbuy,Belgium,WAL,10251,50.35291,5.45631,False
Edegem,Belgium,VLG,21839,51.15662,4.44504,False
Eeklo,Belgium,VLG,19116,51.18703,3.55654,False
Eisden,Belgium,VLG,10152,50.98463,5.71433,False
Ekeren,Belgium,VLG,23300,51.28087,4.41813,False
Enghien,Belgium,WAL,11367,50.69375,4.03788,False
Erembodegem,Belgium,VLG,12152,50.91905,4.05041,False
Ertvelde,Belgium,VLG,10730,51.17921,3.74722,False
Esneux,Belgium,WAL,13497,50.53596,5.56775,False
Essen,Belgium,VLG,10000,51.46791,4.46901,False
Etterbeek,Belgium,BRU,48344,50.83272,4.38835,False
Eupen,Belgium,WAL,18029,50.6279,6.03647,False
Evere,Belgium,BRU,41667,50.87441,4.39905,False
Evergem,Belgium,VLG,31615,51.11306,3.70976,False
Farciennes,Belgium,WAL,11488,50.43006,4.54152,False
Fleurus,Belgium,WAL,22080,50.48351,4.55006,False
Florennes,Belgium,WAL,10723,50.25127,4.60636,False
Flémalle-Grande,Belgium,WAL,13738,50.60906,5.47668,False
Flémalle-Haute,Belgium,WAL,25144,50.59994,5.44471,False
Fléron,Belgium,WAL,15994,50.61516,5.68062,False
Forest,Belgium,BRU,56254,50.81678,4.32775,False
Frameries,Belgium,WAL,20598,50.40578,3.89603,False
Frasnes-lez-Buissenal,Belgium,WAL,10936,50.66783,3.62047,False
Ganshoren,Belgium,BRU,24859,50.87065,4.31531,False
Gavere,Belgium,VLG,11888,50.92917,3.66184,False
Geel,Belgium,VLG,34697,51.16557,4.98917,False
Gembloux,Belgium,WAL,21676,50.56149,4.69889,False
Genappe,Belgium,WAL,14266,50.61173,4.45152,False
Genk,Belgium,VLG,63666,50.965,5.50082,False
Gent,Belgium,VLG,265086,51.05,3.71667,False
Gentbrugge,Belgium,VLG,15885,51.03692,3.76509,False
Geraardsbergen,Belgium,VLG,30807,50.77343,3.88223,False
Gilly,Belgium,WAL,20043,50.42449,4.4789,False
Gistel,Belgium,VLG,11084,51.15612,2.96387,False
Gosselies,Belgium,WAL,11017,50.46936,4.43324,False
Grez-Doiceau,Belgium,WAL,12367,50.73901,4.69829,False
Grimbergen,Belgium,VLG,37000,50.93409,4.37213,False
Grivegnée,Belgium,WAL,21057,50.62148,5.61101,False
Grobbendonk,Belgium,VLG,10724,51.19043,4.73562,False
Grâce-Berleur,Belgium,WAL,10758,50.64032,5.50329,False
Haaltert,Belgium,VLG,17129,50.90634,4.00093,False
Halle,Belgium,VLG,34479,50.73385,4.23454,False
Hamme,Belgium,VLG,22891,51.09822,4.13705,False
Hannut,Belgium,WAL,14129,50.67142,5.07898,False
Harelbeke,Belgium,VLG,25978,50.85343,3.30935,False
Hasselt,Belgium,VLG,77651,50.93106,5.33781,False
Heist,Belgium,VLG,12951,51.33867,3.23882,False
Heist-op-den-Berg,Belgium,VLG,37873,51.07537,4.72827,False
Helchteren,Belgium,VLG,30050,51.05591,5.38244,False
Herent,Belgium,VLG,19218,50.90861,4.67056,False
Herentals,Belgium,VLG,25912,51.17655,4.83248,False
Herk-de-Stad,Belgium,VLG,11566,50.94013,5.16636,False
Herselt,Belgium,VLG,13493,51.05159,4.88231,False
Herstal,Belgium,WAL,36503,50.66415,5.62346,False
Herve,Belgium,WAL,16544,50.64083,5.79353,False
Herzele,Belgium,VLG,16523,50.88681,3.89014,False
Heule,Belgium,VLG,11873,50.83752,3.23818,False
Heusden,Belgium,VLG,31017,51.03664,5.28013,False
Heusy,Belgium,WAL,15420,50.57457,5.86618,False
Heverlee,Belgium,VLG,23278,50.86426,4.69597,False
Hoboken,Belgium,VLG,34443,51.17611,4.34844,False
Hoeilaart,Belgium,VLG,10272,50.7673,4.46835,False
Hollogne-aux-Pierres,Belgium,WAL,14944,50.64059,5.47179,False
Hoogstraten,Belgium,VLG,18524,51.40029,4.76034,False
Houdeng-Goegnies,Belgium,WAL,14312,50.49032,4.17513,False
Houthalen,Belgium,VLG,30050,51.03427,5.37429,False
Huy,Belgium,WAL,19973,50.51894,5.23284,False
Ichtegem,Belgium,VLG,13582,51.09572,3.01549,False
Ieper,Belgium,VLG,35089,50.85114,2.88569,False
Ingelmunster,Belgium,VLG,10603,50.92081,3.25571,False
Ixelles,Belgium,BRU,86671,50.83333,4.36667,False
Izegem,Belgium,VLG,26382,50.91396,3.21378,False
Jabbeke,Belgium,VLG,13488,51.18185,3.08935,False
Jambes,Belgium,WAL,19658,50.45636,4.87166,False
Jemappes,Belgium,WAL,10809,50.44914,3.89096,False
Jemeppe-sur-Meuse,Belgium,WAL,11312,50.61701,5.49849,False
Jette,Belgium,BRU,52490,50.87309,4.33419,False
Jodoigne,Belgium,WAL,11930,50.72357,4.86914,False
Jumet,Belgium,WAL,24510,50.4422,4.43745,False
Jupille-sur-Meuse,Belgium,WAL,10604,50.64587,5.63307,False
Kalmthout,Belgium,VLG,17485,51.38442,4.47556,False
Kapellen,Belgium,VLG,26410,51.31377,4.43539,False
Kasterlee,Belgium,VLG,17765,51.24118,4.96651,False
Kessel-Lo,Belgium,VLG,30215,50.88549,4.73717,False
Kinrooi,Belgium,VLG,11946,51.14543,5.74207,False
Knokke,Belgium,VLG,14449,51.35113,3.28744,False
Knokke-Heist,Belgium,VLG,33781,51.35,3.26667,False
Koekelberg,Belgium,BRU,21984,50.86117,4.33136,False
Koersel,Belgium,VLG,18076,51.05909,5.27121,False
Koksijde,Belgium,VLG,21957,51.11642,2.63772,False
Kontich,Belgium,VLG,20290,51.13213,4.44706,False
Kortemark,Belgium,VLG,11937,51.02951,3.04112,False
Kortenberg,Belgium,VLG,17774,50.88982,4.54353,False
Kortrijk,Belgium,VLG,73879,50.82803,3.26487,False
Kraainem,Belgium,VLG,12815,50.86155,4.46946,False
Kruibeke,Belgium,VLG,14815,51.17048,4.31444,False
Kuringen,Belgium,VLG,11409,50.94426,5.29902,False
Kuurne,Belgium,VLG,12638,50.85143,3.2824,False
La Calamine,Belgium,WAL,10232,50.71809,6.01107,False
La Louvière,Belgium,WAL,76668,50.48657,4.18785,False
Laarne,Belgium,VLG,11600,51.03078,3.85077,False
Lanaken,Belgium,VLG,24771,50.89318,5.6468,False
Landen,Belgium,VLG,14458,50.75267,5.082,False
Lebbeke,Belgium,VLG,17372,51.00464,4.13457,False
Lede,Belgium,VLG,16813,50.96626,3.98594,False
Leopoldsburg,Belgium,VLG,14149,51.11667,5.25,False
Lessines,Belgium,WAL,17687,50.71104,3.83579,False
Leuven,Belgium,VLG,101032,50.87959,4.70093,False
Liedekerke,Belgium,VLG,11980,50.86892,4.08743,False
Lier,Belgium,VLG,33272,51.13128,4.57041,False
Lille,Belgium,VLG,15466,51.24197,4.82313,False
Liège,Belgium,WAL,195278,50.63373,5.56749,False
Lochristi,Belgium,VLG,19696,51.09644,3.83194,False
Lokeren,Belgium,VLG,41438,51.10364,3.99339,False
Lommel,Belgium,VLG,31993,51.23074,5.31349,False
Louvain-la-Neuve,Belgium,WAL,29521,50.66829,4.61443,False
Lubbeek,Belgium,VLG,13574,50.88278,4.83896,False
Lummen,Belgium,VLG,13689,50.98772,5.19121,False
Maaseik,Belgium,VLG,25201,51.09802,5.78379,False
Maasmechelen,Belgium,VLG,36251,50.96545,5.69452,False
Machelen,Belgium,VLG,12252,50.91061,4.44174,False
Maldegem,Belgium,VLG,22092,51.20737,3.44511,False
Malmédy,Belgium,WAL,12654,50.42686,6.02794,False
Manage,Belgium,WAL,22196,50.50312,4.23589,False
Marche-en-Famenne,Belgium,WAL,16856,50.22678,5.34416,False
Marchienne-au-Pont,Belgium,WAL,15154,50.40573,4.3953,False
Marcinelle,Belgium,WAL,23696,50.39216,4.44388,False
Mariakerke,Belgium,VLG,17062,51.07476,3.68289,False
Mechelen,Belgium,VLG,77530,51.02574,4.47762,False
Mechelen-aan-de-Maas,Belgium,VLG,15374,50.96589,5.69144,False
Meise,Belgium,VLG,18497,50.93934,4.32655,False
Melle,Belgium,VLG,10687,51.00232,3.80526,False
Melsele,Belgium,VLG,10941,51.22285,4.28201,False
Menen,Belgium,VLG,31916,50.79722,3.12245,False
Merchtem,Belgium,VLG,14660,50.95129,4.23197,False
Merelbeke,Belgium,VLG,16684,50.99447,3.74621,False
Merksem,Belgium,VLG,44435,51.24623,4.44903,False
Mettet,Belgium,WAL,12014,50.32119,4.66232,False
Meulebeke,Belgium,VLG,10948,50.95136,3.28804,False
Middelkerke,Belgium,VLG,17789,51.18532,2.82077,False
Mol,Belgium,VLG,32659,51.19188,5.11662,False
Molenbeek-Saint-Jean,Belgium,BRU,97037,50.8499,4.31248,False
Mons,Belgium,WAL,95299,50.45413,3.95229,False
Mont-sur-Marchienne,Belgium,WAL,12761,50.38997,4.40732,False
Montegnée,Belgium,WAL,11417,50.64576,5.51411,False
Montignies-sur-Sambre,Belgium,WAL,18765,50.41081,4.49109,False
Moorslede,Belgium,VLG,10720,50.8919,3.06117,False
Morlanwelz-Mariemont,Belgium,WAL,18233,50.45502,4.24519,False
Mortsel,Belgium,VLG,24525,51.16697,4.45127,False
Mouscron,Belgium,WAL,52069,50.74497,3.20639,False
Namur,Belgium,WAL,110939,50.4669,4.86746,False
Nazareth,Belgium,VLG,10890,50.95686,3.59425,False
Neerpelt,Belgium,VLG,16122,51.22807,5.4427,False
Nevele,Belgium,VLG,11153,51.03531,3.54574,False
Nieuwpoort,Belgium,VLG,10845,51.13008,2.75135,False
Nijlen,Belgium,VLG,20792,51.16096,4.67008,False
Ninove,Belgium,VLG,34795,50.82776,4.02657,False
Nivelles,Belgium,WAL,24149,50.59833,4.32848,False
Oosterzele,Belgium,VLG,13151,50.95261,3.79826,False
Oostkamp,Belgium,VLG,21489,51.15432,3.23128,False
Opwijk,Belgium,VLG,12045,50.96724,4.18442,False
Ostend,Belgium,VLG,69011,51.21551,2.927,False
Oud-Heverlee,Belgium,VLG,10533,50.83522,4.66421,False
Oud-Turnhout,Belgium,VLG,12354,51.31978,4.9841,False
Oudenaarde,Belgium,VLG,31866,50.85168,3.60891,False
Ougrée,Belgium,WAL,11975,50.60149,5.5444,False
Oupeye,Belgium,WAL,23594,50.71184,5.6468,False
Overijse,Belgium,VLG,23486,50.77436,4.53461,False
Overpelt,Belgium,VLG,13344,51.21038,5.41557,False
Paal,Belgium,VLG,11935,51.03988,5.17233,False
Peer,Belgium,VLG,15551,51.1303,5.45952,False
Petegem-aan-de-Leie,Belgium,VLG,10332,50.96667,3.53333,False
Pont-à-Celles,Belgium,WAL,15909,50.50518,4.36887,False
Poperinge,Belgium,VLG,19537,50.85386,2.72659,False
Profondeville,Belgium,WAL,11401,50.37581,4.86506,False
Putte,Belgium,VLG,15276,51.05337,4.63263,False
Puurs,Belgium,VLG,15944,51.07409,4.28844,False
Péruwelz,Belgium,WAL,16647,50.50819,3.59373,False
Quaregnon,Belgium,WAL,18491,50.44067,3.8653,False
Ranst,Belgium,VLG,17405,51.18983,4.56533,False
Ravels,Belgium,VLG,13560,51.37274,4.9921,False
Rebecq-Rognon,Belgium,WAL,10049,50.65147,4.10683,False
Riemst,Belgium,VLG,15809,50.80995,5.60131,False
Rijkevorsel,Belgium,VLG,10606,51.34795,4.76053,False
Rixensart,Belgium,WAL,21616,50.71229,4.52529,False
Rochefort,Belgium,WAL,11978,50.1631,5.2216,False
Roeselare,Belgium,VLG,56016,50.94653,3.12269,False
Ronse,Belgium,VLG,24204,50.74574,3.6005,False
Rotselaar,Belgium,VLG,15007,50.95302,4.71665,False
Rumbeke,Belgium,VLG,14265,50.93248,3.16716,False
Rumst,Belgium,VLG,14521,51.08153,4.42217,False
Saint-Ghislain,Belgium,WAL,22500,50.44816,3.81886,False
Saint-Gilles,Belgium,BRU,50221,50.82763,4.34389,False
Saint-Josse-ten-Noode,Belgium,BRU,27366,50.8538,4.37282,False
Saint-Nicolas,Belgium,WAL,22586,50.62837,5.53243,False
Schaerbeek,Belgium,BRU,132761,50.86935,4.37737,False
Schilde,Belgium,VLG,20373,51.24107,4.58336,False
Schoten,Belgium,VLG,33622,51.25251,4.50268,False
Seneffe,Belgium,WAL,11025,50.53135,4.26301,False
Seraing,Belgium,WAL,60737,50.58362,5.50115,False
Sint-Amandsberg,Belgium,VLG,32115,51.05947,3.74943,False
Sint-Andries,Belgium,VLG,19336,51.19696,3.17891,False
Sint-Genesius-Rode,Belgium,VLG,17990,50.74645,4.35754,False
Sint-Gillis-Waas,Belgium,VLG,17658,51.21914,4.12374,False
Sint-Gillis-bij-Dendermonde,Belgium,VLG,12953,51.01905,4.11146,False
Sint-Katelijne-Waver,Belgium,VLG,19487,51.06691,4.53469,False
Sint-Kruis,Belgium,VLG,16000,51.21399,3.24949,False
Sint-Michiels,Belgium,VLG,12297,51.18806,3.21142,False
Sint-Niklaas,Belgium,VLG,69010,51.16509,4.1437,False
Sint-Pieters-Leeuw,Belgium,VLG,30446,50.77926,4.24355,False
Sint-Truiden,Belgium,VLG,37859,50.81679,5.18647,False
Soignies,Belgium,WAL,24869,50.57904,4.07129,False
Soumagne,Belgium,WAL,15237,50.61385,5.74679,False
Spa,Belgium,WAL,10756,50.48375,5.86674,False
Sprimont,Belgium,WAL,12945,50.50922,5.6595,False
Stabroek,Belgium,VLG,17294,51.33189,4.37127,False
Staden,Belgium,VLG,10786,50.97456,3.01469,False
Steenokkerzeel,Belgium,VLG,10566,50.91851,4.50989,False
Stekene,Belgium,VLG,16989,51.2099,4.03651,False
Strombeek-Bever,Belgium,VLG,13727,50.91039,4.35582,False
Temse,Belgium,VLG,26054,51.12794,4.21372,False
Ternat,Belgium,VLG,14569,50.86654,4.16682,False
Tervuren,Belgium,VLG,20623,50.82372,4.51418,False
Tessenderlo,Belgium,VLG,16574,51.06513,5.08856,False
Theux,Belgium,WAL,11587,50.53323,5.81245,False
Thuin,Belgium,WAL,14682,50.33933,4.28604,False
Tielt,Belgium,VLG,19299,50.99931,3.32707,False
Tielt-Winge,Belgium,VLG,10707,50.91743,4.88368,False
Tienen,Belgium,VLG,31743,50.80745,4.9378,False
Tongeren,Belgium,VLG,29816,50.78054,5.46484,False
Torhout,Belgium,VLG,18933,51.0656,3.10085,False
Tournai,Belgium,WAL,69554,50.60715,3.38932,False
Tremelo,Belgium,VLG,13721,50.99231,4.70807,False
Tubize,Belgium,WAL,18000,50.69059,4.2009,False
Turnhout,Belgium,VLG,44000,51.32254,4.94471,False
Uccle,Belgium,BRU,82929,50.80225,4.33943,False
Verviers,Belgium,WAL,52824,50.58907,5.86241,False
Veurne,Belgium,VLG,11983,51.07316,2.66803,False
Vilvoorde,Belgium,VLG,36955,50.92814,4.42938,False
Virton,Belgium,WAL,11259,49.56824,5.53259,False
Visé,Belgium,WAL,17054,50.7376,5.69907,False
Vosselaar,Belgium,VLG,10317,51.30856,4.8896,False
Waasmunster,Belgium,VLG,10460,51.10572,4.08573,False
Walcourt,Belgium,WAL,17501,50.25401,4.43796,False
Wanze,Belgium,WAL,12918,50.53907,5.20846,False
Waregem,Belgium,VLG,35896,50.88898,3.42756,False
Waremme,Belgium,WAL,13737,50.6976,5.25524,False
Wasmes,Belgium,WAL,11731,50.41464,3.8471,False
Waterloo,Belgium,WAL,29778,50.71469,4.3991,False
Watermael-Boitsfort,Belgium,BRU,25157,50.80154,4.41436,False
Wavre,Belgium,WAL,34305,50.71717,4.60138,False
Wemmel,Belgium,VLG,14406,50.90812,4.30613,False
Wervik,Belgium,VLG,17340,50.78069,3.03854,False
Westerlo,Belgium,VLG,22579,51.09049,4.91544,False
Wetteren,Belgium,VLG,22930,51.00526,3.88341,False
Wevelgem,Belgium,VLG,30954,50.8,3.16667,False
Wezembeek-Oppem,Belgium,VLG,13245,50.8395,4.49427,False
Wichelen,Belgium,VLG,11014,51.00526,3.97683,False
Willebroek,Belgium,VLG,22808,51.06041,4.36019,False
Wilrijk,Belgium,VLG,41403,51.16734,4.39513,False
Wingene,Belgium,VLG,12887,51.05782,3.27359,False
Woluwe-Saint-Lambert,Belgium,BRU,56584,50.84389,4.42912,False
Wommelgem,Belgium,VLG,11917,51.20452,4.5225,False
Wondelgem,Belgium,VLG,23546,51.08705,3.70909,False
Wuustwezel,Belgium,VLG,15000,51.39214,4.59546,False
Zandhoven,Belgium,VLG,12306,51.21488,4.66164,False
Zaventem,Belgium,VLG,28188,50.88365,4.47298,False
Zedelgem,Belgium,VLG,21968,51.14236,3.1368,False
Zele,Belgium,VLG,20236,51.06566,4.0403,False
Zellik,Belgium,VLG,10874,50.88408,4.27325,False
Zelzate,Belgium,VLG,11901,51.18963,3.80777,False
Zemst,Belgium,VLG,21096,50.98318,4.46079,False
Zoersel,Belgium,VLG,10000,51.26825,4.71296,False
Zolder,Belgium,VLG,17289,51.02455,5.30983,False
Zonhoven,Belgium,VLG,19922,50.99064,5.36819,False
Zonnebeke,Belgium,VLG,11581,50.8726,2.98725,False
Zottegem,Belgium,VLG,24434,50.86955,3.81052,False
Zulte,Belgium,VLG,14670,50.91954,3.44859,False
Zwevegem,Belgium,VLG,23358,50.81268,3.33848,False
Zwijndrecht,Belgium,VLG,18249,51.21979,4.32664,False
Éghezée,Belgium,WAL,14352,50.59076,4.91175,False
Banja Luka,Bosnia and Herzegovina,02,221106,44.77879,17.20629,False
Bihać,Bosnia and Herzegovina,01,75641,44.81694,15.87083,False
Bijeljina,Bosnia and Herzegovina,02,37692,44.75874,19.21437,False
Bileća,Bosnia and Herzegovina,02,13257,42.87645,18.42967,False
Bosanska Krupa,Bosnia and Herzegovina,01,15193,44.8825,16.15139,False
Brčko,Bosnia and Herzegovina,BRC,38968,44.87162,18.8163,False
Bugojno,Bosnia and Herzegovina,01,41378,44.05722,17.45083,False
Cazin,Bosnia and Herzegovina,01,21741,44.96694,15.94306,False
Doboj,Bosnia and Herzegovina,02,27235,44.73179,18.08698,False
Foča,Bosnia and Herzegovina,02,14615,43.50646,18.77854,False
Goražde,Bosnia and Herzegovina,01,17650,43.66795,18.97564,False
Gradačac,Bosnia and Herzegovina,01,15659,44.87851,18.42764,False
Gradiška,Bosnia and Herzegovina,02,13346,45.14484,17.25453,False
Gračanica,Bosnia and Herzegovina,01,15758,44.70307,18.3101,False
Ilidža,Bosnia and Herzegovina,01,71277,43.83148,18.30697,False
Kakanj,Bosnia and Herzegovina,01,12406,44.13311,18.12292,False
Konjic,Bosnia and Herzegovina,01,15950,43.65126,17.96082,False
Livno,Bosnia and Herzegovina,01,11748,43.82695,17.00746,False
Lukavac,Bosnia and Herzegovina,01,44520,44.54245,18.52618,False
Mostar,Bosnia and Herzegovina,01,104518,43.34333,17.80806,False
Mrkonjić Grad,Bosnia and Herzegovina,02,14737,44.41729,17.08288,False
Novi Travnik,Bosnia and Herzegovina,01,10006,44.17133,17.65816,False
Odžak,Bosnia and Herzegovina,01,11621,45.02461,18.32107,False
Prijedor,Bosnia and Herzegovina,02,36347,44.97991,16.71401,False
Prozor,Bosnia and Herzegovina,01,10349,43.82222,17.60917,False
Sanski Most,Bosnia and Herzegovina,01,13551,44.7667,16.667,False
Sarajevo,Bosnia and Herzegovina,01,696731,43.84864,18.35644,True
Stijena,Bosnia and Herzegovina,01,10844,44.9363,16.02224,False
Travnik,Bosnia and Herzegovina,01,31127,44.22637,17.66583,False
Trebinje,Bosnia and Herzegovina,02,33178,42.71197,18.34362,False
Tuzla,Bosnia and Herzegovina,01,142486,44.53842,18.66709,False
Velika Kladuša,Bosnia and Herzegovina,01,19330,45.18497,15.80579,False
Visoko,Bosnia and Herzegovina,01,17890,43.98889,18.17806,False
Zavidovići,Bosnia and Herzegovina,01,14380,44.44583,18.14972,False
Zenica,Bosnia and Herzegovina,01,164423,44.20169,17.90397,False
Šipovo,Bosnia and Herzegovina,02,10738,44.28237,17.08597,False
Živinice,Bosnia and Herzegovina,01,13641,44.44929,18.64978,False
Asenovgrad,Bulgaria,51,54778,42.01667,24.86667,False
Asparuhovo,Bulgaria,61,27000,43.18067,27.88823,False
Aytos,Bulgaria,39,20986,42.70322,27.25464,False
Balchik,Bulgaria,40,13000,43.42166,28.15848,False
Berkovitsa,Bulgaria,47,15027,43.23741,23.12509,False
Blagoevgrad,Bulgaria,38,67810,42.01457,23.09804,False
Botevgrad,Bulgaria,58,20909,42.90799,23.79274,False
Burgas,Bulgaria,39,210646,42.50651,27.46886,False
Byala Slatina,Bulgaria,64,10282,43.46667,23.93333,False
Cherven Bryag,Bulgaria,50,13000,43.27884,24.08251,False
Chirpan,Bulgaria,59,15109,42.2,25.33333,False
Dimitrovgrad,Bulgaria,43,38015,42.05,25.6,False
Dobrich,Bulgaria,40,69434,43.56491,27.83138,False
Dupnitsa,Bulgaria,45,34764,42.26478,23.11723,False
Elhovo,Bulgaria,65,10424,42.16667,26.56667,False
Etropole,Bulgaria,58,11031,42.8328,23.99636,False
Gabrovo,Bulgaria,41,48133,42.87419,25.31823,False
Gorna Oryahovitsa,Bulgaria,62,32792,43.12778,25.70167,False
Gotse Delchev,Bulgaria,38,20522,41.56667,23.73333,False
Harmanli,Bulgaria,43,18931,41.93233,25.90172,False
Haskovo,Bulgaria,43,64564,41.93415,25.55557,False
Ihtiman,Bulgaria,58,14154,42.43821,23.81608,False
Kardzhali,Bulgaria,44,44071,41.64502,25.36578,False
Karlovo,Bulgaria,51,30340,42.63333,24.8,False
Karnobat,Bulgaria,39,19709,42.65,26.98333,False
Kavarna,Bulgaria,40,11205,43.43601,28.33953,False
Kazanlak,Bulgaria,59,47918,42.61667,25.4,False
Kostinbrod,Bulgaria,58,12175,42.81667,23.21667,False
Kozloduy,Bulgaria,64,11331,43.77691,23.73001,False
Kyustendil,Bulgaria,45,46856,42.28314,22.69224,False
Levski,Bulgaria,50,11467,43.36667,25.13333,False
Lom,Bulgaria,47,18593,43.8317,23.23793,False
Lovech,Bulgaria,46,27910,43.13227,24.71763,False
Mezdra,Bulgaria,64,11975,43.1448,23.71415,False
Montana,Bulgaria,47,47445,43.41285,23.22174,False
Nesebar,Bulgaria,39,13347,42.65921,27.73602,False
Nova Zagora,Bulgaria,56,23625,42.48333,26.01667,False
Novi Pazar,Bulgaria,54,13276,43.35,27.2,False
Panagyurishte,Bulgaria,48,19389,42.49518,24.19021,False
Parvomay,Bulgaria,51,17000,42.1,25.21667,False
Pavlikeni,Bulgaria,62,11151,43.24278,25.32194,False
Pazardzhik,Bulgaria,48,55220,42.19934,24.33318,False
Pernik,Bulgaria,49,82467,42.59671,23.03318,False
Peshtera,Bulgaria,48,18676,42.03372,24.29995,False
Petrich,Bulgaria,38,30722,41.39846,23.20702,False
Pleven,Bulgaria,50,90209,43.41791,24.61666,False
Plovdiv,Bulgaria,51,329489,42.15387,24.75001,False
Pomorie,Bulgaria,39,13714,42.56326,27.62986,False
Popovo,Bulgaria,60,16571,43.35,26.23333,False
Provadia,Bulgaria,61,13755,43.18333,27.43333,False
Radnevo,Bulgaria,59,14667,42.3,25.93333,False
Radomir,Bulgaria,49,14494,42.54565,22.96553,False
Rakovski,Bulgaria,51,15782,42.28819,24.96779,False
Razgrad,Bulgaria,52,28931,43.53331,26.51849,False
Razlog,Bulgaria,38,12486,41.8863,23.46714,False
Ruse,Bulgaria,53,121168,43.84872,25.9534,False
Samokov,Bulgaria,58,26765,42.33855,23.55805,False
Sandanski,Bulgaria,38,28510,41.56667,23.28333,False
Sevlievo,Bulgaria,41,24582,43.02295,25.10364,False
Shumen,Bulgaria,54,72342,43.27064,26.92286,False
Silistra,Bulgaria,55,29498,44.1171,27.26056,False
Sliven,Bulgaria,56,83740,42.68607,26.32558,False
Smolyan,Bulgaria,57,30689,41.57439,24.71204,False
Sofia,Bulgaria,42,1152556,42.69751,23.32415,True
Stamboliyski,Bulgaria,51,12070,42.13333,24.53333,False
Stara Zagora,Bulgaria,59,121582,42.43205,25.64262,False
Svilengrad,Bulgaria,43,16959,41.76836,26.19775,False
Svishtov,Bulgaria,62,30157,43.61875,25.35033,False
Targovishte,Bulgaria,60,34793,43.2512,26.57215,False
Teteven,Bulgaria,46,10790,42.91667,24.26667,False
Troyan,Bulgaria,46,21162,42.89427,24.71589,False
Tryavna,Bulgaria,41,13818,42.86667,25.5,False
Varna,Bulgaria,61,318737,43.21912,27.91024,False
Veliko Tŭrnovo,Bulgaria,62,59166,43.08124,25.62904,False
Velingrad,Bulgaria,48,20286,42.02754,23.99155,False
Vidin,Bulgaria,63,34797,43.99159,22.88236,False
Vratsa,Bulgaria,64,49569,43.21052,23.56312,False
Yambol,Bulgaria,65,63656,42.48243,26.50006,False
Bjelovar,Croatia,01,24392,45.89789,16.85071,False
Centar,Croatia,21,37000,45.81313,15.97753,False
Dubrovnik,Croatia,03,26922,42.64125,18.10909,False
Dugo Selo,Croatia,20,11097,45.80611,16.24444,False
Karlovac,Croatia,05,41869,45.49167,15.55,False
Kastav,Croatia,12,10202,45.37528,14.34861,False
Koprivnica,Croatia,06,22262,46.16364,16.8297,False
Križevci,Croatia,06,10522,46.02194,16.5425,False
Kutina,Croatia,14,12012,45.475,16.78194,False
Makarska,Croatia,15,12809,43.29694,17.01778,False
Metković,Croatia,03,13971,43.05417,17.64833,False
Osijek,Croatia,10,75535,45.55066,18.6942,False
Petrinja,Croatia,14,12963,45.4375,16.29,False
Požega,Croatia,11,16867,45.34028,17.68528,False
Pula,Croatia,04,52220,44.86833,13.84806,False
Rijeka,Croatia,12,107964,45.32673,14.44241,False
Rovinj,Croatia,04,11629,45.08268,13.63457,False
Samobor,Croatia,20,16911,45.80306,15.71806,False
Sesvete,Croatia,21,55313,45.83111,16.11639,False
Sinj,Croatia,15,10771,43.70361,16.63944,False
Sisak,Croatia,14,27859,45.46608,16.37748,False
Slavonski Brod,Croatia,02,45005,45.16158,18.0163,False
Solin,Croatia,15,20996,43.5432,16.49314,False
Split,Croatia,15,149830,43.50891,16.43915,False
Trogir,Croatia,15,10107,43.5125,16.25167,False
Varaždin,Croatia,16,36187,46.30444,16.33778,False
Velika Gorica,Croatia,20,30036,45.7125,16.07556,False
Vinkovci,Croatia,18,28111,45.28833,18.80472,False
Virovitica,Croatia,17,13486,45.83448,17.38555,False
Vukovar,Croatia,18,22255,45.35161,19.00225,False
Zadar,Croatia,19,67309,44.11578,15.22514,False
Zagreb,Croatia,21,663592,45.81444,15.97798,True
Zaprešić,Croatia,20,18768,45.85639,15.80778,False
Čakovec,Croatia,09,15078,46.38444,16.43389,False
Đakovo,Croatia,10,16875,45.30833,18.41056,False
Šibenik,Croatia,13,31115,43.73429,15.8942,False
Aglantziá,Cyprus,04,21543,35.15422,33.39643,False
Aradíppou,Cyprus,03,22934,34.94779,33.58813,False
Dáli,Cyprus,04,12350,35.02294,33.42195,False
Famagusta,Cyprus,01,42526,35.12489,33.94135,False
Germasógeia,Cyprus,05,17325,34.72073,33.08447,False
Kyrenia,Cyprus,02,26701,35.33634,33.31729,False
Káto Lakatámeia,Cyprus,04,40000,35.11755,33.32539,False
Káto Polemídia,Cyprus,05,23231,34.69721,32.99324,False
Larnaca,Cyprus,03,72000,34.9221,33.62794,False
Limassol,Cyprus,05,154000,34.68406,33.03794,False
Mórfou,Cyprus,04,24070,35.19869,32.99338,False
Nicosia,Cyprus,04,200452,35.17284,33.35397,True
Paphos,Cyprus,06,35961,34.77679,32.42451,False
Paralímni,Cyprus,01,11836,35.03945,33.98181,False
Protaras,Cyprus,01,20230,35.0125,34.05833,False
Pérgamos,Cyprus,03,15000,35.04167,33.70833,False
Stróvolos,Cyprus,04,67904,35.14867,33.33384,False
Ágios Dométios,Cyprus,04,12904,35.17346,33.34045,False
Égkomi,Cyprus,01,20502,35.16272,33.88322,False
Aš,Czech Republic,81,12684,50.22387,12.19499,False
Benešov,Czech Republic,88,17043,49.78162,14.68697,False
Beroun,Czech Republic,88,21521,49.96382,14.072,False
Blansko,Czech Republic,78,20002,49.36304,16.64446,False
Bohnice,Czech Republic,52,16444,50.13333,14.41667,False
Bohumín,Czech Republic,85,20315,49.90411,18.35755,False
Bohunice,Czech Republic,78,11961,49.16734,16.57751,False
Boskovice,Czech Republic,78,12508,49.48751,16.65997,False
Brandýs nad Labem-Stará Boleslav,Czech Republic,88,20313,50.18709,14.66326,False
Braník,Czech Republic,52,17777,50.03498,14.41518,False
Brno,Czech Republic,78,379466,49.19522,16.60796,False
Brno střed,Czech Republic,78,86685,49.19343,16.60712,False
Bruntál,Czech Republic,85,15037,49.98844,17.4647,False
Bystrc,Czech Republic,78,22685,49.22645,16.5303,False
Bílina,Czech Republic,89,14497,50.54854,13.77535,False
Břeclav,Czech Republic,78,25789,48.75897,16.88203,False
Cheb,Czech Republic,81,32808,50.07963,12.37392,False
Chodov,Czech Republic,52,50043,50.03669,14.50444,False
Chodov,Czech Republic,81,12609,50.24018,12.74551,False
Chomutov,Czech Republic,89,46771,50.46048,13.41779,False
Chrudim,Czech Republic,86,23630,49.95109,15.79558,False
Dejvice,Czech Republic,52,23401,50.10079,14.39071,False
Domažlice,Czech Republic,87,10944,49.44049,12.92976,False
Dvůr Králové nad Labem,Czech Republic,82,16150,50.43172,15.81402,False
Děčín,Czech Republic,89,46376,50.78215,14.21478,False
Frenštát pod Radhoštěm,Czech Republic,85,10554,49.54835,18.21078,False
Frýdek-Místek,Czech Republic,85,53590,49.68333,18.35,False
Havlíčkův Brod,Czech Republic,80,24356,49.6069,15.57937,False
Havířov,Czech Republic,85,82768,49.77984,18.43688,False
Hlinsko,Czech Republic,86,10411,49.76213,15.90756,False
Hloubětín,Czech Republic,52,14074,50.10621,14.53723,False
Hlubočepy,Czech Republic,52,23461,50.04364,14.40162,False
Hlučín,Czech Republic,85,14228,49.89795,18.19196,False
Hodonín,Czech Republic,78,23517,48.84893,17.13244,False
Holešov,Czech Republic,90,11616,49.33331,17.57832,False
Holešovice,Czech Republic,52,37664,50.10468,14.44946,False
Horní Měcholupy,Czech Republic,52,15303,50.05,14.56667,False
Horní Počernice,Czech Republic,52,14296,50.1121,14.61036,False
Hostivař,Czech Republic,52,19161,50.04862,14.5244,False
Hradec Králové,Czech Republic,82,90596,50.20923,15.83277,False
Hranice,Czech Republic,84,17969,49.54796,17.73469,False
Humpolec,Czech Republic,80,10914,49.54152,15.35932,False
Háje,Czech Republic,52,22059,50.03611,14.52672,False
Jablonec nad Nisou,Czech Republic,83,46209,50.72431,15.17108,False
Jaroměř,Czech Republic,82,12831,50.3562,15.92136,False
Jesenice,Czech Republic,88,10460,49.96814,14.5135,False
Jeseník,Czech Republic,84,10456,50.22937,17.20464,False
Jihlava,Czech Republic,80,50108,49.3961,15.59124,False
Jindřichův Hradec,Czech Republic,79,22812,49.14404,15.00301,False
Jirkov,Czech Republic,89,19240,50.49979,13.44769,False
Jičín,Czech Republic,82,16328,50.43723,15.35162,False
Kadaň,Czech Republic,89,18759,50.38333,13.26667,False
Karlovy Vary,Czech Republic,81,45500,50.23271,12.87117,False
Karlín,Czech Republic,52,12261,50.09272,14.44711,False
Karviná,Czech Republic,85,48637,49.854,18.54169,False
Kladno,Czech Republic,88,69664,50.14734,14.10285,False
Klatovy,Czech Republic,87,22763,49.39552,13.29505,False
Klášterec nad Ohří,Czech Republic,89,14068,50.3886,13.18342,False
Kobylisy,Czech Republic,52,27030,50.12366,14.45209,False
Kohoutovice,Czech Republic,78,11597,49.19449,16.54146,False
Kolín,Czech Republic,88,33444,50.02806,15.1998,False
Kopřivnice,Czech Republic,85,23424,49.59947,18.1448,False
Košíře,Czech Republic,52,16145,50.06708,14.36328,False
Kralupy nad Vltavou,Czech Republic,88,17373,50.24107,14.31149,False
Krnov,Czech Republic,85,22518,50.08967,17.70385,False
Kroměříž,Czech Republic,90,27917,49.29785,17.39312,False
Krupka,Czech Republic,89,13687,50.68449,13.85815,False
Královo Pole,Czech Republic,78,24212,49.22522,16.58987,False
Královské Vinohrady,Czech Republic,52,48805,50.07438,14.44367,False
Krč,Czech Republic,52,27344,50.0416,14.44573,False
Kunratice,Czech Republic,52,10091,50.01364,14.48341,False
Kutná Hora,Czech Republic,88,21642,49.94839,15.26816,False
Kuřim,Czech Republic,78,11860,49.29852,16.53144,False
Kyje,Czech Republic,52,10031,50.09729,14.5477,False
Kyjov,Czech Republic,78,10645,49.01018,17.12253,False
Letňany,Czech Republic,52,21702,50.13333,14.51667,False
Liberec,Czech Republic,83,102951,50.76711,15.05619,False
Libeň,Czech Republic,52,36151,50.10819,14.47457,False
Litomyšl,Czech Republic,86,10146,49.86809,16.31298,False
Litoměřice,Czech Republic,89,24489,50.53348,14.1318,False
Litovel,Czech Republic,84,10062,49.70121,17.07615,False
Litvínov,Czech Republic,89,22387,50.6042,13.61812,False
Louny,Czech Republic,89,18068,50.35699,13.79667,False
Líšeň,Czech Republic,78,24563,49.20711,16.69484,False
Malešice,Czech Republic,52,11237,50.08471,14.50938,False
Mariánské Lázně,Czech Republic,81,14052,49.96459,12.70118,False
Michle,Czech Republic,52,21402,50.04795,14.46217,False
Milovice,Czech Republic,88,14270,50.22596,14.88863,False
Mladá Boleslav,Czech Republic,88,43684,50.41135,14.90318,False
Modřany,Czech Republic,52,33574,50.01116,14.4096,False
Most,Czech Republic,89,63474,50.50301,13.63617,False
Mělník,Czech Republic,88,19231,50.3505,14.47411,False
Neratovice,Czech Republic,88,16427,50.25926,14.51759,False
Nové Město,Czech Republic,52,27105,50.07829,14.42089,False
Nové Město na Moravě,Czech Republic,80,10098,49.56144,16.07418,False
Nové Město nad Metují,Czech Republic,82,10126,50.34456,16.15147,False
Nový Bor,Czech Republic,83,11318,50.75761,14.55555,False
Nový Jičín,Czech Republic,85,26547,49.59438,18.01028,False
Nusle,Czech Republic,52,35150,50.06458,14.4399,False
Nymburk,Czech Republic,88,14373,50.18605,15.04167,False
Náchod,Czech Republic,82,21263,50.4167,16.16289,False
Olomouc,Czech Republic,84,99496,49.59552,17.25175,False
Opava,Czech Republic,85,60252,49.93866,17.90257,False
Orlová,Czech Republic,85,27540,49.84527,18.43011,False
Ostrava,Czech Republic,85,279791,49.83465,18.28204,False
Ostrov,Czech Republic,81,15681,50.30592,12.93907,False
Otrokovice,Czech Republic,90,17401,49.20934,17.53944,False
Pardubice,Czech Republic,86,88520,50.04075,15.77659,False
Pelhřimov,Czech Republic,80,16541,49.43134,15.22336,False
Pilsen,Czech Republic,87,168733,49.74747,13.37759,False
Podolí,Czech Republic,52,13611,50.05504,14.42033,False
Poděbrady,Czech Republic,88,15232,50.14242,15.11881,False
Prachatice,Czech Republic,79,11119,49.01292,13.99752,False
Prague,Czech Republic,52,1165581,50.08804,14.42076,True
Prosek,Czech Republic,52,16850,50.11525,14.50685,False
Prostějov,Czech Republic,84,43408,49.47188,17.11184,False
Písek,Czech Republic,79,29774,49.3088,14.1475,False
Přerov,Czech Republic,84,40906,49.45511,17.4509,False
Příbram,Czech Republic,88,32773,49.68988,14.01043,False
Rakovník,Czech Republic,88,15682,50.1037,13.7334,False
Rokycany,Czech Republic,87,14381,49.7427,13.59459,False
Roudnice nad Labem,Czech Republic,89,13084,50.42528,14.26175,False
Rožnov pod Radhoštěm,Czech Republic,90,17238,49.45853,18.14302,False
Rumburk,Czech Republic,89,10815,50.95151,14.55699,False
Rychnov nad Kněžnou,Czech Republic,82,11695,50.16284,16.27488,False
Slaný,Czech Republic,88,15070,50.23046,14.08693,False
Smíchov,Czech Republic,52,34987,50.07204,14.40415,False
Sokolov,Czech Republic,81,22007,50.1813,12.6401,False
Staré Strašnice,Czech Republic,52,37665,50.07649,14.51037,False
Starý Bohumín,Czech Republic,85,23034,49.9169,18.33619,False
Starý Lískovec,Czech Republic,78,11538,49.16425,16.56146,False
Stodůlky,Czech Republic,52,60758,50.05,14.31667,False
Strakonice,Czech Republic,79,22355,49.26141,13.90237,False
Studénka,Czech Republic,85,10341,49.72342,18.07853,False
Střížkov,Czech Republic,52,15705,50.12674,14.49363,False
Sušice,Czech Republic,87,10740,49.23106,13.52018,False
Svitavy,Czech Republic,86,16073,49.75594,16.46829,False
Tachov,Czech Republic,87,12640,49.79528,12.63365,False
Teplice,Czech Republic,89,50912,50.6404,13.82451,False
Troja,Czech Republic,52,14303,50.11659,14.42458,False
Trutnov,Czech Republic,82,31398,50.56101,15.9127,False
Turnov,Czech Republic,83,14507,50.58356,15.15186,False
Tábor,Czech Republic,79,36264,49.41441,14.6578,False
Třebíč,Czech Republic,80,34530,49.21492,15.88166,False
Třinec,Czech Republic,85,38415,49.67763,18.67078,False
Uherské Hradiště,Czech Republic,90,24887,49.06975,17.45969,False
Uherský Brod,Czech Republic,90,16367,49.02513,17.64715,False
Uhříněves,Czech Republic,52,10992,50.02885,14.59948,False
Uničov,Czech Republic,84,11237,49.77092,17.12144,False
Valašské Meziříčí,Czech Republic,90,27481,49.47181,17.97113,False
Varnsdorf,Czech Republic,89,14704,50.91154,14.61824,False
Velké Meziříčí,Czech Republic,80,11753,49.35522,16.01224,False
Veselí nad Moravou,Czech Republic,78,12081,48.95363,17.37648,False
Vinohrady,Czech Republic,78,11202,49.20655,16.66317,False
Vlašim,Czech Republic,88,12225,49.70632,14.89881,False
Vokovice,Czech Republic,52,11083,50.09856,14.34488,False
Vrchlabí,Czech Republic,82,12898,50.62697,15.60937,False
Vršovice,Czech Republic,52,36836,50.06732,14.46026,False
Vsetín,Czech Republic,90,25185,49.33871,17.99619,False
Vysoké Mýto,Czech Republic,86,12293,49.9532,16.16169,False
Vysočany,Czech Republic,52,17465,50.10938,14.51667,False
Vyškov,Czech Republic,78,20645,49.27747,16.99897,False
Zlín,Czech Republic,90,72973,49.22645,17.67065,False
Znojmo,Czech Republic,78,35280,48.8555,16.0488,False
Záběhlice,Czech Republic,52,35228,50.0573,14.5038,False
Zábřeh,Czech Republic,84,13320,49.8826,16.87223,False
Újezd nad Lesy,Czech Republic,52,10429,50.07648,14.6595,False
Ústí nad Labem,Czech Republic,89,90378,50.6607,14.03227,False
Ústí nad Orlicí,Czech Republic,86,15151,49.97387,16.39361,False
Čelákovice,Czech Republic,88,12474,50.16038,14.75005,False
Černý Most,Czech Republic,52,22466,50.10475,14.57974,False
Česká Lípa,Czech Republic,83,36815,50.68551,14.53764,False
Česká Třebová,Czech Republic,86,15010,49.90436,16.44413,False
České Budějovice,Czech Republic,79,93426,48.97447,14.47434,False
Český Krumlov,Czech Republic,79,12797,48.81091,14.31521,False
Český Těšín,Czech Republic,85,25750,49.74613,18.62613,False
Čáslav,Czech Republic,88,10025,49.91099,15.38972,False
Řepy,Czech Republic,52,22461,50.07064,14.30051,False
Řečkovice,Czech Republic,78,13423,49.25212,16.58146,False
Říčany,Czech Republic,88,17143,49.99168,14.65427,False
Šternberk,Czech Republic,84,13239,49.73044,17.29889,False
Šumperk,Czech Republic,84,28768,49.96528,16.97061,False
Žabovřesky,Czech Republic,78,19387,49.21395,16.57253,False
Žatec,Czech Republic,89,18959,50.32717,13.54577,False
Židenice,Czech Republic,78,18920,49.19654,16.64738,False
Žižkov,Czech Republic,52,58267,50.08333,14.45,False
Žďár nad Sázavou,Czech Republic,80,20404,49.56263,15.93924,False
Aabenraa,Denmark,21,16401,55.04434,9.41741,False
Aalborg,Denmark,19,142937,57.048,9.9187,False
Albertslund,Denmark,17,30000,55.65691,12.36381,False
Allerød,Denmark,17,25867,55.87035,12.35737,False
Avedøre,Denmark,17,53443,55.62722,12.45644,False
Ballerup,Denmark,17,40000,55.73165,12.36328,False
Birkerød,Denmark,17,20877,55.84759,12.42791,False
Brøndby Strand,Denmark,17,11915,55.61782,12.42219,False
Brøndbyvester,Denmark,17,20000,55.6455,12.41008,False
Brønderslev,Denmark,19,12549,57.27021,9.94102,False
Charlottenlund,Denmark,17,40000,55.75238,12.5745,False
Christianshavn,Denmark,17,10140,55.67383,12.59541,False
Copenhagen,Denmark,17,1153615,55.67594,12.56553,True
Dragør,Denmark,17,12401,55.5928,12.67221,False
Esbjerg,Denmark,21,71698,55.47028,8.45187,False
Espergærde,Denmark,17,11358,55.99464,12.54733,False
Farum,Denmark,17,20312,55.80858,12.36066,False
Fløng,Denmark,17,11108,55.66212,12.18698,False
Fredericia,Denmark,21,40886,55.56568,9.75257,False
Frederiksberg,Denmark,17,95029,55.67938,12.53463,False
Frederikshavn,Denmark,19,22672,57.44073,10.53661,False
Frederikssund,Denmark,17,16850,55.83956,12.06896,False
Frederiksværk,Denmark,17,12718,55.97073,12.0225,False
Gjellerup,Denmark,18,11406,56.15683,10.13008,False
Glostrup,Denmark,17,23128,55.6666,12.40377,False
Grenaa,Denmark,18,14176,56.41578,10.87825,False
Greve,Denmark,20,47671,55.58333,12.3,False
Haderslev,Denmark,21,22011,55.24943,9.48771,False
Haslev,Denmark,20,12119,55.32346,11.96389,False
Hedehusene,Denmark,17,13663,55.64951,12.19827,False
Hedensted,Denmark,18,47099,55.77043,9.7011,False
Helsingør,Denmark,17,35048,56.03606,12.6136,False
Herning,Denmark,18,50565,56.13615,8.97662,False
Hillerød,Denmark,17,35357,55.92791,12.30081,False
Hjørring,Denmark,19,25644,57.46417,9.98229,False
Hobro,Denmark,19,12071,56.64306,9.79029,False
Holbæk,Denmark,20,29608,55.7175,11.71279,False
Holstebro,Denmark,18,32072,56.36009,8.61607,False
Horsens,Denmark,18,61074,55.86066,9.85034,False
Hvidovre,Denmark,17,53527,55.64297,12.47708,False
Hørsholm,Denmark,17,47680,55.88098,12.50111,False
Ikast,Denmark,18,14692,56.13883,9.15768,False
Indre By,Denmark,17,26223,55.67772,12.57302,False
Ishøj,Denmark,17,19453,55.61543,12.35182,False
Jyllinge,Denmark,20,10134,55.75295,12.10315,False
Kalundborg,Denmark,20,16211,55.67954,11.08864,False
Klinteby Frihed,Denmark,20,53443,55.19705,11.59603,False
Kolding,Denmark,21,61638,55.4904,9.47216,False
Kongens Lyngby,Denmark,17,10600,55.77044,12.50378,False
Korsør,Denmark,20,14463,55.32993,11.13857,False
Køge,Denmark,20,38304,55.45802,12.18214,False
Lillerød,Denmark,17,16741,55.87496,12.34579,False
Lystrup,Denmark,18,10273,56.49839,10.46887,False
Lystrup,Denmark,18,10273,56.2375,10.23778,False
Løsning,Denmark,18,12220,55.80236,9.69539,False
Middelfart,Denmark,21,16277,55.50591,9.73054,False
Nakskov,Denmark,20,12495,54.83038,11.13567,False
Nyborg,Denmark,21,17525,55.31274,10.78964,False
Nykøbing Falster,Denmark,20,19976,54.76906,11.87425,False
Næstved,Denmark,20,44331,55.22992,11.76092,False
Nørresundby,Denmark,19,23718,57.05877,9.92284,False
Odder,Denmark,18,12454,55.97313,10.153,False
Odense,Denmark,21,180863,55.39594,10.38831,False
Randers,Denmark,18,62802,56.4607,10.03639,False
Ringsted,Denmark,20,23086,55.4426,11.79011,False
Roskilde,Denmark,20,51916,55.64152,12.08035,False
Rødovre,Denmark,17,40652,55.68062,12.45373,False
Rønne,Denmark,17,13807,55.10091,14.70664,False
Silkeborg,Denmark,18,49747,56.1697,9.54508,False
Skanderborg,Denmark,18,13543,56.03434,9.93177,False
Skive,Denmark,18,20190,56.56699,9.02707,False
Slagelse,Denmark,20,31896,55.40276,11.35459,False
Solrød Strand,Denmark,20,17337,55.53285,12.22227,False
Stenløse,Denmark,17,19998,55.76828,12.19723,False
Struer,Denmark,18,11317,56.49205,8.59397,False
Svendborg,Denmark,21,27300,55.05982,10.60677,False
Sønderborg,Denmark,21,27766,54.90896,9.78917,False
Taastrup,Denmark,17,35238,55.65006,12.3016,False
Thisted,Denmark,19,13461,56.95523,8.69491,False
Tilst,Denmark,18,15617,56.19376,10.11283,False
Tranekær,Denmark,21,12367,54.9976,10.84381,False
Tårnby,Denmark,17,10000,55.6303,12.60035,False
Tønder,Denmark,21,16401,54.93306,8.86674,False
Valby,Denmark,17,46161,55.66613,12.51388,False
Vallensbæk,Denmark,17,16515,55.62199,12.38511,False
Vanløse,Denmark,17,37115,55.68361,12.48713,False
Varde,Denmark,21,14039,55.62112,8.48069,False
Vejle,Denmark,21,60231,55.70927,9.5357,False
Viborg,Denmark,18,41239,56.45319,9.40201,False
Viby,Denmark,18,31756,56.12259,10.15145,False
Vordingborg,Denmark,20,17868,55.00801,11.91057,False
Værløse,Denmark,17,13069,55.78251,12.36856,False
Århus,Denmark,18,285273,56.15674,10.21076,False
Haabersti,Estonia,01,51423,59.42334,24.64654,False
Jõhvi,Estonia,03,10130,59.35917,27.42111,False
Keila,Estonia,01,10068,59.30361,24.41306,False
Kesklinn,Estonia,01,67766,59.4355,24.75748,False
Kohtla-Järve,Estonia,03,35395,59.39861,27.27306,False
Kristiine,Estonia,01,34306,59.415,24.70915,False
Kuressaare,Estonia,14,12698,58.25382,22.49217,False
Lasnamäe,Estonia,01,115008,59.4336,24.86017,False
Maardu,Estonia,01,16630,59.46529,24.98215,False
Mustamäe,Estonia,01,67968,59.40482,24.68119,False
Narva,Estonia,03,54409,59.37722,28.19028,False
Nõmme,Estonia,01,39422,59.37757,24.68587,False
Pirita,Estonia,01,18310,59.469,24.838,False
Pärnu,Estonia,11,40228,58.38588,24.49711,False
Põhja-Tallinn,Estonia,01,63240,59.44901,24.69812,False
Rakvere,Estonia,08,14984,59.34808,26.35784,False
Sillamäe,Estonia,03,12480,59.39697,27.76331,False
Tallinn,Estonia,01,394024,59.43696,24.75353,True
Tartu,Estonia,18,91407,58.38062,26.72509,False
Tori,Estonia,11,11879,58.47889,24.82417,False
Valga,Estonia,19,11792,57.77781,26.0473,False
Viljandi,Estonia,20,17407,58.36319,25.59159,False
Võru,Estonia,21,12367,57.83389,27.01944,False
Alavus,Finland,14,10722,62.58333,23.61667,False
Alppiharju,Finland,01,11481,60.18909,24.94879,False
Anjala,Finland,08,16779,60.68333,26.83333,False
East Helsinki,Finland,01,170557,60.21043,25.08289,False
Ekenäs,Finland,01,14377,59.97359,23.43389,False
Espoo,Finland,01,323910,60.2052,24.6522,False
Espoonlahti,Finland,01,17697,60.15054,24.65307,False
Etelä-Haaga,Finland,01,12555,60.21347,24.89536,False
Etu-Töölö,Finland,01,14728,60.17298,24.92515,False
Eura,Finland,04,11093,61.13333,22.13333,False
Forssa,Finland,05,16368,60.81462,23.62146,False
Haaga,Finland,01,27761,60.22132,24.89759,False
Hakunila,Finland,01,12435,60.27822,25.10342,False
Hamina,Finland,08,19305,60.56974,27.19794,False
Haukipudas,Finland,17,17298,65.17654,25.35233,False
Heinola,Finland,07,17746,61.20564,26.03811,False
Helsinki,Finland,01,658864,60.16952,24.93545,True
Herttoniemi,Finland,01,26047,60.19471,25.03535,False
Hervanta,Finland,06,25231,61.44792,23.85301,False
Hervanta luode,Finland,06,11451,61.4507,23.83526,False
Hollola,Finland,07,22843,61.0,25.5,False
Hollola,Finland,07,20405,61.05,25.43333,False
Hyvinge,Finland,01,43515,60.63333,24.86667,False
Hämeenkyrö,Finland,06,10351,61.63913,23.19531,False
Hämeenlinna,Finland,05,68473,60.99596,24.46434,False
Iisalmi,Finland,11,20330,63.55915,27.19067,False
Ilmajoki,Finland,14,12473,62.73333,22.56667,False
Imatra,Finland,09,24581,61.17185,28.75242,False
Jakobstad,Finland,15,19668,63.67486,22.70256,False
Janakkala,Finland,05,15995,60.9,24.6,False
Joensuu,Finland,12,78398,62.60118,29.76316,False
Joutseno,Finland,09,10603,61.11796,28.50763,False
Jyväskylä,Finland,13,148744,62.24147,25.72088,False
Jämsä,Finland,13,19209,61.8642,25.19002,False
Järvenpää,Finland,01,46942,60.47369,25.08992,False
Jätkäsaari,Finland,01,14718,60.15857,24.91691,False
Kaarela,Finland,01,26414,60.25174,24.88111,False
Kaarina,Finland,02,36631,60.40724,22.36904,False
Kajaani,Finland,18,36458,64.22728,27.72846,False
Kalajoki,Finland,17,12231,64.25,23.95,False
Kallio,Finland,01,27051,60.18427,24.95034,False
Kamppi,Finland,01,12098,60.1676,24.93038,False
Kangasala,Finland,06,34315,61.46383,24.07602,False
Kankaanpää,Finland,04,12571,61.8,22.41667,False
Kannelmäki,Finland,01,13272,60.24181,24.88575,False
Karhula,Finland,08,22867,60.52156,26.93125,False
Kauhajoki,Finland,14,12500,62.43333,22.18333,False
Kauhava,Finland,14,15066,63.10299,23.07129,False
Kaukajärvi,Finland,06,12779,61.46752,23.88493,False
Kauniainen,Finland,01,10200,60.21209,24.72756,False
Kemi,Finland,19,19332,65.73641,24.56371,False
Kempele,Finland,17,14293,64.91314,25.50339,False
Kerava,Finland,01,38535,60.40338,25.105,False
Kiiminki,Finland,17,12069,65.13139,25.79744,False
Kilo,Finland,01,10554,60.21746,24.78151,False
Kirkkonummi,Finland,01,41821,60.12381,24.43853,False
Kivistö,Finland,01,11125,60.32572,24.83839,False
Klaukkala,Finland,01,21019,60.38244,24.751,False
Kokkola,Finland,16,48361,63.83847,23.13066,False
Kontiolahti,Finland,12,15092,62.76023,29.84711,False
Kontula,Finland,01,14108,60.23764,25.08393,False
Korsholm,Finland,15,17176,63.11418,21.68216,False
Kotka,Finland,08,50157,60.4664,26.94582,False
Kouvola,Finland,08,78094,60.86667,26.7,False
Kuopio,Finland,11,125462,62.89238,27.67703,False
Kurikka,Finland,14,19474,62.61667,22.41667,False
Kuusamo,Finland,17,14784,65.96447,29.18878,False
Laajasalo,Finland,01,22419,60.17521,25.03086,False
Laaksolahti,Finland,01,11320,60.24164,24.75855,False
Lahti,Finland,07,121622,60.98267,25.66151,False
Lappeenranta,Finland,09,72909,61.05871,28.18871,False
Lapua,Finland,14,14016,62.96927,23.0088,False
Laukaa,Finland,13,18876,62.41407,25.95194,False
Lauttasaari,Finland,01,20000,60.15896,24.86797,False
Lempäälä,Finland,06,25036,61.31667,23.75,False
Leppävaara,Finland,01,28409,60.21283,24.81348,False
Lieksa,Finland,12,10002,63.31667,30.01667,False
Lieto,Finland,02,20694,60.51032,22.46176,False
Liminka,Finland,17,10166,64.80985,25.41545,False
Lintuvaara,Finland,01,10554,60.2344,24.81348,False
Liperi,Finland,12,11927,62.53333,29.36667,False
Lohja,Finland,01,45686,60.24859,24.06534,False
Loimaa,Finland,02,15248,60.84972,23.0561,False
Lovisa,Finland,01,14362,60.45659,26.22505,False
Länsisatama,Finland,01,14542,60.15525,24.91473,False
Martinlaakso,Finland,01,13992,60.27409,24.85065,False
Matinkylä,Finland,01,22688,60.15885,24.74241,False
Mellunkylä,Finland,01,36360,60.23355,25.09947,False
Mikkeli,Finland,10,51661,61.68857,27.27227,False
Munkkiniemi,Finland,01,17334,60.19861,24.87772,False
Muurame,Finland,13,10662,62.13333,25.66667,False
Myllypuro,Finland,01,12821,60.22207,25.06741,False
Myyrmäki,Finland,01,18393,60.26711,24.84713,False
Mäntsälä,Finland,01,20966,60.63333,25.31667,False
Naantali,Finland,02,20312,60.46744,22.02428,False
Nastola,Finland,07,14911,60.94797,25.92882,False
Nivala,Finland,17,10397,63.91667,24.96667,False
Nokia,Finland,06,36486,61.46667,23.5,False
Nurmijärvi,Finland,01,45356,60.46407,24.8073,False
Nöykkiö,Finland,01,11063,60.16073,24.66808,False
Olari,Finland,01,16929,60.17239,24.72713,False
Orimattila,Finland,07,15628,60.80487,25.72964,False
Oulu,Finland,17,216066,65.01236,25.46816,False
Oulunkylä,Finland,01,23854,60.22924,24.96403,False
Paimio,Finland,02,11241,60.45671,22.68694,False
Pakila,Finland,01,10730,60.24327,24.94867,False
Pakkala,Finland,01,10160,60.28613,24.95733,False
Pargas,Finland,02,11962,60.30672,22.30097,False
Pasila,Finland,01,12921,60.19897,24.93218,False
Patola,Finland,01,10352,60.23265,24.95373,False
Pedersöre,Finland,15,11330,63.65,22.68333,False
Pieksämäki,Finland,10,17243,62.3,27.13333,False
Pirkkala,Finland,06,21204,61.46125,23.63228,False
Pitäjänmäki,Finland,01,18016,60.22287,24.86103,False
Pohjois-Hervanta,Finland,06,16053,61.45347,23.84744,False
Pori,Finland,04,83157,61.48072,21.78518,False
Porvoo,Finland,01,51853,60.39233,25.66507,False
Raahe,Finland,17,23566,64.68333,24.48333,False
Raisio,Finland,02,25846,60.48592,22.16895,False
Raseborg,Finland,01,26982,59.97735,23.43967,False
Rauma,Finland,04,38909,61.12724,21.51127,False
Riihimäki,Finland,05,28610,60.73769,24.77726,False
Rovaniemi,Finland,19,65670,66.49897,25.68867,False
Runosmäki,Finland,02,10296,60.48919,22.25169,False
Salo,Finland,02,50794,60.38333,23.13333,False
Sastamala,Finland,06,24495,61.34942,22.90928,False
Saunalahti,Finland,01,11114,60.16312,24.62012,False
Savonlinna,Finland,10,31283,61.8699,28.87999,False
Seinäjoki,Finland,14,66848,62.79446,22.82822,False
Sibbo,Finland,01,22903,60.37752,25.26906,False
Siilinjärvi,Finland,11,21383,63.08333,27.66667,False
Sotkamo,Finland,18,10164,64.13333,28.41667,False
Suurmetsä,Finland,01,16452,60.26961,25.05395,False
Suutarila,Finland,01,19690,60.27996,25.01759,False
Sörnäinen,Finland,01,14999,60.18643,24.96506,False
Taka-Töölö,Finland,01,15343,60.18434,24.91948,False
Tampere,Finland,06,260646,61.49911,23.78712,False
Tapaninkylä,Finland,01,14313,60.2638,24.99556,False
Tapiola,Finland,01,13617,60.17636,24.8085,False
Tornio,Finland,19,20932,65.84811,24.14662,False
Turku,Finland,02,206655,60.45148,22.26869,False
Tuusula,Finland,01,42624,60.40368,25.02638,False
Ullanlinna,Finland,01,10774,60.15753,24.94892,False
Ulvila,Finland,04,12345,61.42844,21.87103,False
Uusikaupunki,Finland,02,14750,60.80043,21.40841,False
Vaasa,Finland,15,69819,63.096,21.61577,False
Valkeakoski,Finland,06,20859,61.26421,24.03122,False
Vallila,Finland,01,10375,60.19453,24.95712,False
Vammala,Finland,06,16635,61.33333,22.9,False
Vantaa,Finland,01,252724,60.29414,25.04099,False
Varkaus,Finland,11,19603,62.31533,27.873,False
Vartiokylä,Finland,01,30244,60.21799,25.09569,False
Vihti,Finland,01,28864,60.41699,24.31965,False
Viikki,Finland,01,15177,60.22183,25.02386,False
Vuosaari,Finland,01,38961,60.20963,25.14195,False
Väståboland,Finland,02,15498,60.29972,22.3004,False
Yliskylä,Finland,01,13563,60.1767,25.05358,False
Ylivieska,Finland,17,15375,64.08333,24.55,False
Ylöjärvi,Finland,06,33731,61.55632,23.59606,False
Älajärvi,Finland,14,10308,63.00027,23.81586,False
Äänekoski,Finland,13,17614,62.6,25.73333,False
Abbeville,France,32,26461,50.10521,1.83547,False
Achères,France,11,21660,48.96115,2.06882,False
Agde,France,76,23001,43.31083,3.47583,False
Agen,France,75,34367,44.20199,0.62055,False
Aire-sur-la-Lys,France,32,10397,50.63871,2.39876,False
Aix-en-Provence,France,93,146821,43.5283,5.44973,False
Aix-les-Bains,France,84,27651,45.69173,5.90863,False
Ajaccio,France,94,54364,41.91886,8.73812,False
Albert,France,32,10588,50.00091,2.65096,False
Albertville,France,84,19113,45.67452,6.39061,False
Albi,France,76,52409,43.9298,2.148,False
Alençon,France,28,30786,48.43476,0.09311,False
Alfortville,France,11,37290,48.80575,2.4204,False
Allauch,France,93,21406,43.33573,5.48201,False
Allonnes,France,52,11949,47.96744,0.16023,False
Alès,France,76,42410,44.12489,4.08082,False
Ambarès-et-Lagrave,France,75,12955,44.92737,-0.49141,False
Amboise,France,24,12685,47.41249,0.98266,False
Ambérieu-en-Bugey,France,84,13260,45.95932,5.3516,False
Amiens,France,32,143086,49.9,2.3,False
Amilly,France,24,13106,47.97281,2.77186,False
Amnéville,France,44,10162,49.25671,6.13414,False
Andernos-les-Bains,France,75,10236,44.74572,-1.10355,False
Andrésy,France,11,12929,48.98235,2.05687,False
Angers,France,52,168279,47.47156,-0.55202,False
Anglet,France,75,40658,43.48921,-1.51921,False
Angoulême,France,75,49468,45.64997,0.15345,False
Aniche,France,32,10108,50.32995,3.25346,False
Annecy,France,84,49232,45.90878,6.12565,False
Annecy-le-Vieux,France,84,21521,45.91971,6.14393,False
Annemasse,France,84,28275,46.19439,6.23775,False
Annoeullin,France,32,10528,50.52925,2.9318,False
Annonay,France,84,18423,45.23992,4.6707,False
Antibes,France,93,76393,43.58127,7.12487,False
Antony,France,11,59845,48.75329,2.29668,False
Anzin,France,32,14443,50.37201,3.50387,False
Apt,France,93,11609,43.87638,5.39635,False
Arcachon,France,75,12321,44.66126,-1.17255,False
Arcueil,France,11,17308,48.79993,2.33256,False
Argeles,France,76,10044,42.54714,3.02253,False
Argentan,France,28,18230,48.74441,-0.02023,False
Argenteuil,France,11,101475,48.94788,2.24744,False
Arles,France,93,53431,43.67681,4.63031,False
Armentières,France,32,26646,50.68568,2.88214,False
Arnouville,France,11,12783,48.98333,2.41667,False
Arras,France,32,47052,50.29301,2.78186,False
Asnières-sur-Seine,France,11,86742,48.91667,2.28333,False
Athis-Mons,France,11,31225,48.70522,2.39147,False
Aubagne,France,93,44844,43.29276,5.57067,False
Aubenas,France,84,13134,44.61975,4.39033,False
Aubergenville,France,11,11934,48.95996,1.85467,False
Aubervilliers,France,11,70914,48.91667,2.38333,False
Aubière,France,84,11054,45.75082,3.11078,False
Auch,France,76,24494,43.64561,0.58856,False
Auchel,France,32,11419,50.50345,2.47346,False
Audincourt,France,27,15577,47.48327,6.85341,False
Aulnay-sous-Bois,France,11,80615,48.93814,2.49402,False
Auray,France,53,12269,47.66692,-2.98421,False
Aurillac,France,84,34724,44.92539,2.43983,False
Autun,France,27,18283,46.95104,4.29869,False
Auxerre,France,27,41516,47.7996,3.57033,False
Avignon,France,93,89769,43.94834,4.80892,False
Avion,France,32,18470,50.41038,2.83053,False
Avon,France,11,15009,48.40219,2.72022,False
Avrillé,France,52,13723,47.50663,-0.58955,False
Bagneux,France,11,38900,48.79565,2.30796,False
Bagnolet,France,11,33504,48.86667,2.41667,False
Bagnols-sur-Cèze,France,76,19640,44.16259,4.61974,False
Baille,France,93,11527,43.2877,5.39804,False
Bailleul,France,32,14884,50.73592,2.73594,False
Balma,France,76,15553,43.61111,1.49944,False
Bar-le-Duc,France,44,18595,48.77275,5.16108,False
Barentin,France,28,13441,49.54533,0.95515,False
Bastia,France,94,41001,42.70219,9.45123,False
Bayeux,France,28,15963,49.27732,-0.7039,False
Bayonne,France,75,44396,43.49316,-1.473,False
Beaucaire,France,76,14766,43.80806,4.64417,False
Beaumont,France,84,12295,45.75165,3.08294,False
Beaune,France,27,24162,47.02413,4.83887,False
Beausoleil,France,93,13376,43.74311,7.4225,False
Beauvais,France,32,53393,49.43333,2.08333,False
Behren-lès-Forbach,France,44,10225,49.16949,6.93933,False
Bel-Air,France,11,36279,48.84169,2.40489,False
Belfort,France,27,54562,47.64218,6.85385,False
Belle de Mai,France,93,14256,43.31184,5.38541,False
Bellegarde-sur-Valserine,France,84,11699,46.10787,5.82421,False
Berck,France,32,15609,50.4,1.6,False
Berck-Plage,France,32,15675,50.40704,1.56446,False
Bercy,France,11,14427,48.83828,2.38167,False
Bergerac,France,75,28317,44.85157,0.48171,False
Bernay,France,28,12399,49.08888,0.59858,False
Berre-l'Étang,France,93,14062,43.47809,5.17044,False
Besançon,France,27,128426,47.24878,6.01815,False
Bezons,France,11,27570,48.92426,2.2128,False
Biarritz,France,75,33188,43.48055,-1.55684,False
Billère,France,75,14914,43.30264,-0.39733,False
Biscarrosse,France,75,10716,44.39454,-1.16721,False
Bischheim,France,44,17434,48.61612,7.75343,False
Bischwiller,France,44,12308,48.76826,7.85406,False
Blagnac,France,76,24263,43.63675,1.38971,False
Blanquefort,France,75,16636,44.91065,-0.63758,False
Blois,France,24,53660,47.59432,1.32912,False
Bobigny,France,11,44962,48.90982,2.45012,False
Bois-Colombes,France,11,24300,48.91936,2.27485,False
Bois-Guillaume,France,28,13711,49.4602,1.12219,False
Bois-d'Arcy,France,11,13475,48.79966,2.02325,False
Boissy-Saint-Léger,France,11,15877,48.75149,2.51163,False
Bolbec,France,28,13133,49.57321,0.47339,False
Bollène,France,93,14703,44.28124,4.74891,False
Bon-Secours,France,93,11318,43.31923,5.38426,False
Bondues,France,32,11285,50.70196,3.09497,False
Bondy,France,11,48268,48.9018,2.48931,False
Bonneuil-sur-Marne,France,11,18723,48.7695,2.4793,False
Bonneville,France,84,11722,46.0802,6.40726,False
Bordeaux,France,75,265328,44.84124,-0.58046,False
Bouc-Bel-Air,France,93,13184,43.45217,5.413,False
Bouguenais,France,52,16824,47.17941,-1.62468,False
Boulogne-Billancourt,France,11,108782,48.83545,2.24128,False
Boulogne-sur-Mer,France,32,47013,50.72485,1.61373,False
Bourg-de-Péage,France,84,10090,45.03151,5.04993,False
Bourg-en-Bresse,France,84,45340,46.20574,5.2258,False
Bourg-la-Reine,France,11,18870,48.77888,2.31781,False
Bourg-lès-Valence,France,84,19770,44.94703,4.89463,False
Bourges,France,24,67987,47.08333,2.4,False
Bressuire,France,75,20743,46.84158,-0.49042,False
Brest,France,53,144899,48.39029,-4.48628,False
Briançon,France,93,11577,44.89978,6.64201,False
Brie-Comte-Robert,France,11,15892,48.69247,2.6109,False
Brignais,France,84,12427,45.67383,4.75418,False
Brignoles,France,93,15027,43.4058,6.06172,False
Brive-la-Gaillarde,France,75,53466,45.1589,1.53326,False
Bron,France,84,37825,45.73865,4.91303,False
Bruay-la-Buissière,France,32,24474,50.48333,2.55,False
Bruay-sur-l'Escaut,France,32,11690,50.39918,3.54379,False
Bruges,France,75,12650,44.88287,-0.61222,False
Brunoy,France,11,24096,48.6942,2.49223,False
Bruz,France,53,14533,48.02459,-1.74709,False
Bry-sur-Marne,France,11,16226,48.83811,2.52488,False
Brétigny-sur-Orge,France,11,24317,48.61135,2.30593,False
Bully-les-Mines,France,32,11975,50.4438,2.72703,False
Bures-sur-Yvette,France,11,10411,48.69981,2.17064,False
Bussy-Saint-Georges,France,11,10043,48.84099,2.70165,False
Bègles,France,75,23504,44.80759,-0.55144,False
Béthune,France,32,31568,50.52965,2.64003,False
Béziers,France,76,74081,43.34122,3.21402,False
Cachan,France,11,26540,48.79632,2.33661,False
Caen,France,28,110624,49.18585,-0.35912,False
Cagnes-sur-Mer,France,93,46923,43.66352,7.1479,False
Cahors,France,76,23331,44.4491,1.43663,False
Calais,France,32,74433,50.95194,1.85635,False
Caluire-et-Cuire,France,84,42763,45.79462,4.8464,False
Cambrai,France,32,36492,50.17596,3.23472,False
Canet-en-Roussillon,France,76,11148,42.7,3.01667,False
Cannes,France,93,74545,43.55135,7.01275,False
Canteleu,France,28,15742,49.44065,1.02459,False
Carcassonne,France,76,49600,43.21649,2.34863,False
Carmaux,France,76,10413,44.04963,2.1581,False
Carpentras,France,93,29709,44.05507,5.04813,False
Carquefou,France,52,18056,47.29722,-1.4921,False
Carrières-sous-Poissy,France,11,15465,48.94952,2.04068,False
Carrières-sur-Seine,France,11,12829,48.90687,2.1792,False
Carros,France,93,10883,43.79246,7.18745,False
Carvin,France,32,18561,50.49235,2.95815,False
Castanet-Tolosan,France,76,11561,43.5159,1.4986,False
Castelnau-le-Lez,France,76,18011,43.63605,3.90137,False
Castelnaudary,France,76,12432,43.31814,1.95339,False
Castelsarrasin,France,76,13260,44.04042,1.10666,False
Castres,France,76,47275,43.60527,2.24088,False
Caudebec-lès-Elbeuf,France,28,10104,49.28082,1.02195,False
Caudry,France,32,13862,50.1249,3.41186,False
Cavaillon,France,93,26689,43.83125,5.03586,False
Cenon,France,75,22393,44.85614,-0.53355,False
Cergy,France,11,57576,49.03645,2.07613,False
Cergy-Pontoise,France,11,183430,49.03894,2.07805,False
Cernay,France,44,11127,47.8097,7.17699,False
Cesson-Sévigné,France,53,16222,48.1212,-1.603,False
Cestas,France,75,18036,44.74471,-0.68194,False
Challans,France,52,18947,46.8458,-1.87942,False
Chalon-sur-Saône,France,27,47251,46.78112,4.85372,False
Chamalières,France,84,20298,45.77364,3.06703,False
Chambray-lès-Tours,France,24,10910,47.33537,0.70286,False
Chambéry,France,84,61640,45.56628,5.92079,False
Chamonix-Mont-Blanc,France,84,10614,45.92375,6.86933,False
Champigny-sur-Marne,France,11,76726,48.81642,2.49366,False
Champs-sur-Marne,France,11,27776,48.85,2.6,False
Chantilly,France,32,11085,49.19461,2.47124,False
Charenton-le-Pont,France,11,30910,48.82209,2.41217,False
Charleville-Mézières,France,44,52415,49.7685,4.72487,False
Chartres,France,24,43838,48.44685,1.48925,False
Chatou,France,11,30091,48.8898,2.15863,False
Chaumont,France,44,28981,48.11121,5.14134,False
Chauny,France,32,13176,49.61514,3.21857,False
Chaville,France,11,18735,48.80565,2.18864,False
Chelles,France,11,46947,48.88109,2.59295,False
Chennevières-sur-Marne,France,11,18314,48.79702,2.54046,False
Chenôve,France,27,15791,47.29323,5.00457,False
Cherbourg,France,28,26655,49.63984,-1.61636,False
Chevigny-Saint-Sauveur,France,27,10620,47.29908,5.13367,False
Chevilly-Larue,France,11,20125,48.76476,2.3503,False
Chilly-Mazarin,France,11,18870,48.71489,2.31638,False
Choisy-le-Roi,France,11,35590,48.76846,2.41874,False
Cholet,France,52,53160,47.05893,-0.87974,False
Châlette-sur-Loing,France,24,14268,48.01337,2.73587,False
Châlons-en-Champagne,France,44,51257,48.95393,4.36724,False
Château-Gontier,France,52,12292,47.82705,-0.70512,False
Château-Thierry,France,32,15938,49.04636,3.40304,False
Château-d'Olonne,France,52,13420,46.50382,-1.74097,False
Châteaubriant,France,52,13024,47.71675,-1.37643,False
Châteaudun,France,24,16006,48.07086,1.33783,False
Châteauneuf-les-Martigues,France,93,11496,43.38383,5.16403,False
Châteaurenard,France,93,14205,43.88169,4.85493,False
Châteauroux,France,24,53301,46.81248,1.69362,False
Châtellerault,France,75,37210,46.81705,0.54518,False
Châtenay-Malabry,France,11,32715,48.76507,2.26655,False
Châtillon,France,11,32383,48.8024,2.29346,False
Cimiez,France,93,11940,43.72045,7.27872,False
Cinq Avenues,France,93,13809,43.30375,5.39761,False
Clamart,France,11,51400,48.80299,2.26692,False
Claye-Souilly,France,11,11069,48.94492,2.68566,False
Clermont,France,32,11025,49.37897,2.41258,False
Clermont-Ferrand,France,84,147865,45.77969,3.08682,False
Clichy,France,11,57467,48.90018,2.30952,False
Clichy-sous-Bois,France,11,29062,48.9102,2.55323,False
Cluses,France,84,19789,46.06251,6.57497,False
Cognac,France,75,20868,45.69581,-0.32867,False
Colmar,France,44,65405,48.08078,7.35584,False
Colombes,France,11,82300,48.91882,2.25404,False
Colomiers,France,76,31363,43.61058,1.33467,False
Combs-la-Ville,France,11,22322,48.66497,2.56957,False
Comines,France,32,12548,50.7615,3.01063,False
Compiègne,France,32,44243,49.41794,2.82606,False
Concarneau,France,53,21397,47.87536,-3.91896,False
Condé-sur-l'Escaut,France,32,10215,50.45436,3.58884,False
Conflans-Sainte-Honorine,France,11,36358,49.00158,2.09694,False
Corbeil-Essonnes,France,11,40527,48.60603,2.48757,False
Cormeilles-en-Parisis,France,11,21973,48.97111,2.20491,False
Cosne-Cours-sur-Loire,France,27,11613,47.41101,2.92528,False
Coudekerque-Branche,France,32,25201,51.02288,2.39359,False
Coulommiers,France,11,15274,48.81451,3.08498,False
Courbevoie,France,11,85158,48.89672,2.25666,False
Courcouronnes,France,11,14856,48.61429,2.40762,False
Cournon-d'Auvergne,France,84,18848,45.74123,3.19643,False
Courrières,France,32,10330,50.45701,2.94725,False
Couëron,France,52,19466,47.21473,-1.72452,False
Cran-Gevrier,France,84,19354,45.9,6.1,False
Creil,France,32,31863,49.25672,2.48477,False
Creutzwald,France,44,14416,49.20531,6.69668,False
Croissy-sur-Seine,France,11,10751,48.87925,2.13836,False
Croix,France,32,21361,50.67846,3.1493,False
Croulebarbe,France,11,20062,48.81003,2.35403,False
Crépy-en-Valois,France,32,15694,49.23359,2.88807,False
Créteil,France,11,84833,48.79266,2.46569,False
Cugnaux,France,76,15393,43.53635,1.34428,False
Cusset,France,84,14562,46.13452,3.45639,False
Dammarie-les-Lys,France,11,21066,48.51667,2.65,False
Dax,France,75,22305,43.71032,-1.05366,False
Denain,France,32,21412,50.3293,3.3943,False
Deuil-la-Barre,France,11,21560,48.97674,2.32722,False
Dieppe,France,28,35707,49.9216,1.07772,False
Digne-les-Bains,France,93,18986,44.09252,6.23199,False
Dijon,France,27,159941,47.31344,5.01391,False
Dinan,France,53,12237,48.45553,-2.05049,False
Dinard,France,53,11993,48.63293,-2.06274,False
Dole,France,27,25878,47.09225,5.48966,False
Domont,France,11,16684,49.02782,2.32638,False
Douai,France,32,46531,50.37069,3.07922,False
Douarnenez,France,53,16590,48.09542,-4.32904,False
Douchy-les-Mines,France,32,10296,50.3008,3.3927,False
Dourdan,France,11,10261,48.52772,2.01113,False
Draguignan,France,93,38573,43.53692,6.46458,False
Drancy,France,11,62488,48.92578,2.44533,False
Draveil,France,11,29316,48.68466,2.41418,False
Dreux,France,24,31058,48.73649,1.36566,False
Dugny,France,11,10709,48.95371,2.41734,False
Dunkirk,France,32,86263,51.0344,2.37681,False
Décines-Charpieu,France,84,24674,45.76873,4.95883,False
Déville-lès-Rouen,France,28,10548,49.46942,1.05214,False
Eaubonne,France,11,24096,48.99712,2.28249,False
Elbeuf,France,28,17231,49.28669,1.00288,False
Enghien-les-Bains,France,11,10951,48.96667,2.31667,False
Ermont,France,11,28117,48.99004,2.25804,False
Eybens,France,84,10195,45.14771,5.75014,False
Eysines,France,75,21394,44.88442,-0.65141,False
Faches-Thumesnil,France,32,16163,50.58333,3.06667,False
Fameck,France,44,12291,49.29895,6.10915,False
Figeac,France,76,11491,44.60894,2.03155,False
Firminy,France,84,17902,45.38956,4.2886,False
Flers,France,28,17430,48.73722,-0.57466,False
Fleury-les-Aubrais,France,24,21085,47.93328,1.91811,False
Floirac,France,75,16497,44.83061,-0.52675,False
Florange,France,44,10758,49.32373,6.1212,False
Folie Méricourt,France,11,31299,48.86625,2.37142,False
Fontaine,France,84,24588,45.19275,5.68821,False
Fontainebleau,France,11,19717,48.40908,2.70177,False
Fontenay-aux-Roses,France,11,24680,48.79325,2.29275,False
Fontenay-le-Comte,France,52,16316,46.46671,-0.80624,False
Fontenay-le-Fleury,France,11,12611,48.81253,2.04863,False
Fontenay-sous-Bois,France,11,52075,48.85442,2.48268,False
Forbach,France,44,21358,49.18848,6.89255,False
Fos-sur-Mer,France,93,17317,43.43774,4.94457,False
Fosses,France,11,10543,49.09808,2.50957,False
Fougères,France,53,23719,48.35157,-1.19961,False
Fourmies,France,32,14151,50.01532,4.04784,False
Francheville,France,84,12053,45.73637,4.76358,False
Franconville,France,11,34284,48.98333,2.23333,False
Fresnes,France,11,24803,48.75568,2.32241,False
Freyming-Merlebach,France,44,14507,49.15,6.78333,False
Frontignan,France,76,22251,43.44775,3.75524,False
Fréjus,France,93,53098,43.43325,6.73555,False
Fécamp,France,28,22003,49.75787,0.37457,False
Gagny,France,11,38134,48.88333,2.53333,False
Gaillac,France,76,12600,43.9016,1.89686,False
Gaillard,France,84,11660,46.1853,6.20693,False
Gap,France,93,42715,44.55858,6.07868,False
Garches,France,11,18930,48.84226,2.18232,False
Gardanne,France,93,21140,43.45491,5.46913,False
Gare,France,11,75580,48.83337,2.37513,False
Garges-lès-Gonesse,France,11,39847,48.96791,2.39781,False
Genas,France,84,12878,45.73131,5.00211,False
Gennevilliers,France,11,42294,48.93333,2.3,False
Gentilly,France,11,15939,48.81294,2.3417,False
Gien,France,24,15966,47.69332,2.63094,False
Gif-sur-Yvette,France,11,23541,48.68333,2.13333,False
Gisors,France,28,12363,49.28178,1.7801,False
Givors,France,84,18198,45.59063,4.76878,False
Gonesse,France,11,26758,48.98693,2.44892,False
Goussainville,France,11,30047,49.01367,2.46595,False
Gradignan,France,75,24385,44.77362,-0.61395,False
Grande-Synthe,France,32,23213,51.0154,2.29975,False
Granville,France,28,14289,48.83792,-1.59714,False
Grasse,France,93,47581,43.65783,6.92537,False
Graulhet,France,76,13057,43.76688,1.98938,False
Gravelines,France,32,13137,50.98651,2.12807,False
Grenoble,France,84,158552,45.17869,5.71479,False
Grigny,France,11,24940,48.65412,2.39343,False
Guebwiller,France,44,12548,47.91667,7.2,False
Guilherand-Granges,France,84,11365,44.93278,4.87372,False
Guipavas,France,53,13755,48.43411,-4.40197,False
Gujan-Mestras,France,75,19184,44.636,-1.06815,False
Guyancourt,France,11,31989,48.77334,2.07393,False
Guérande,France,52,16523,47.32829,-2.42934,False
Guéret,France,75,15853,46.17185,1.87166,False
Gérardmer,France,44,10084,48.07346,6.87787,False
Haguenau,France,44,38721,48.81557,7.79051,False
Halluin,France,32,20171,50.78628,3.12611,False
Harnes,France,32,13569,50.44643,2.90481,False
Haubourdin,France,32,15694,50.60826,2.99143,False
Hautmont,France,32,15540,50.25077,3.92143,False
Hayange,France,44,15501,49.32881,6.06278,False
Hazebrouck,France,32,23307,50.72374,2.53729,False
Hem,France,32,19699,50.65256,3.18681,False
Hendaye,France,75,14415,43.35809,-1.7744,False
Hennebont,France,53,14288,47.80479,-3.27812,False
Herblay-sur-Seine,France,11,25153,48.98994,2.1699,False
Hirson,France,32,11133,49.92262,4.08259,False
Houilles,France,11,31121,48.92161,2.19263,False
Hyères,France,93,50487,43.12038,6.12857,False
Hénin-Beaumont,France,32,25371,50.41359,2.96485,False
Héricourt,France,27,10985,47.57305,6.76139,False
Hérouville-Saint-Clair,France,28,24258,49.21088,-0.30653,False
Hôpital Saint-Louis,France,11,26926,48.8772,2.36689,False
Hœnheim,France,44,10921,48.62224,7.75549,False
Illkirch-Graffenstaden,France,44,27261,48.52894,7.71523,False
Illzach,France,44,15457,47.7742,7.35175,False
Isbergues,France,32,10067,50.62328,2.45902,False
Issoire,France,84,15984,45.54422,3.24901,False
Issoudun,France,24,14385,46.94848,1.99362,False
Issy-les-Moulineaux,France,11,61447,48.82104,2.27718,False
Istres,France,93,44373,43.51345,4.98747,False
Ivry-sur-Seine,France,11,57897,48.81568,2.38487,False
Jarville-la-Malgrange,France,44,10248,48.66697,6.20269,False
Jeumont,France,32,10964,50.29658,4.10108,False
Joigny,France,27,11527,47.98288,3.40096,False
Joinville-le-Pont,France,11,18154,48.82538,2.47458,False
Jouy-le-Moutier,France,11,19087,49.01068,2.04028,False
Joué-lès-Tours,France,24,37466,47.34907,0.66513,False
Juan-les-Pins,France,93,60000,43.56945,7.11309,False
Juvignac,France,76,12783,43.61389,3.81056,False
Juvisy-sur-Orge,France,11,12376,48.68333,2.38333,False
Kingersheim,France,44,12690,47.791,7.32647,False
L'Archet,France,93,12212,43.69415,7.2329,False
L'Ariane,France,93,14676,43.74726,7.30024,False
L'Haÿ-les-Roses,France,11,29703,48.77935,2.33729,False
L'Isle-Adam,France,11,11160,49.10744,2.22818,False
L'Isle-d'Abeau,France,84,12033,45.6196,5.22466,False
L'Isle-sur-la-Sorgue,France,93,16968,43.91971,5.05141,False
L'Union,France,76,12139,43.66042,1.48264,False
La Baule-Escoublac,France,52,17775,47.29221,-2.36395,False
La Blancarde,France,93,15292,43.30047,5.40563,False
La Capelette,France,93,10454,43.28086,5.406,False
La Celle-Saint-Cloud,France,11,21539,48.85029,2.14523,False
La Chapelle-Saint-Luc,France,44,14623,48.31734,4.03988,False
La Chapelle-sur-Erdre,France,52,18481,47.29964,-1.55239,False
La Ciotat,France,93,33113,43.17476,5.60449,False
La Courneuve,France,11,37287,48.92805,2.39627,False
La Crau,France,93,17905,43.14962,6.07399,False
La Defense,France,11,20000,48.89198,2.23881,False
La Ferté-Bernard,France,52,10201,48.18723,0.65247,False
La Flèche,France,52,18536,47.69815,-0.07553,False
La Garde,France,93,28257,43.12468,6.01033,False
La Garenne-Colombes,France,11,26385,48.90472,2.2469,False
La Madeleine,France,32,23572,50.64603,3.07585,False
La Madeleine,France,93,12632,43.71298,7.2241,False
La Motte-Servolex,France,84,13499,45.59702,5.86724,False
La Pomme,France,93,17787,43.28987,5.44153,False
La Queue-en-Brie,France,11,11826,48.7852,2.58112,False
La Roche-sur-Foron,France,84,10026,46.07111,6.3045,False
La Roche-sur-Yon,France,52,59410,46.66974,-1.42757,False
La Rochelle,France,75,76810,46.16308,-1.15222,False
La Rose,France,93,13835,43.32889,5.42859,False
La Seyne-sur-Mer,France,93,62330,43.10322,5.87816,False
La Teste-de-Buch,France,75,27253,44.63278,-1.14513,False
La Trinité,France,93,10128,43.7405,7.314,False
La Valette-du-Var,France,93,23134,43.13763,5.98317,False
Lagny-sur-Marne,France,11,20649,48.86667,2.71667,False
Lamballe,France,53,12344,48.46808,-2.51781,False
Lambersart,France,32,28613,50.65,3.03333,False
Landerneau,France,53,16052,48.4515,-4.25175,False
Lanester,France,53,24352,47.76316,-3.3393,False
Lannion,France,53,21473,48.73264,-3.45657,False
Laon,France,32,28688,49.5631,3.62714,False
Lattes,France,76,17390,43.56775,3.90279,False
Laval,France,52,50489,48.07247,-0.77019,False
Lavaur,France,76,10148,43.69886,1.81211,False
Laxou,France,44,16323,48.68372,6.14929,False
Le Blanc-Mesnil,France,11,48077,48.93872,2.46138,False
Le Bourget,France,11,12690,48.93405,2.43584,False
Le Bouscat,France,75,24232,44.86488,-0.59864,False
Le Cabot,France,93,10942,43.25884,5.41729,False
Le Camas,France,93,16585,43.29469,5.39415,False
Le Cannet,France,93,43353,43.57662,7.01912,False
Le Chambon-Feugerolles,France,84,13371,45.39145,4.32149,False
Le Chesnay,France,11,29154,48.8222,2.12213,False
Le Creusot,France,27,25590,46.80714,4.41632,False
Le Grand-Quevilly,France,28,26522,49.40076,1.04582,False
Le Havre,France,28,185972,49.49346,0.10785,False
Le Kremlin-Bicêtre,France,11,27867,48.81471,2.36073,False
Le Mans,France,52,144515,48.0021,0.20251,False
Le Mée-sur-Seine,France,11,22058,48.53157,2.62829,False
Le Pecq,France,11,16534,48.89317,2.10371,False
Le Perreux-sur-Marne,France,11,32015,48.85,2.5,False
Le Petit-Quevilly,France,28,22691,49.41338,1.06155,False
Le Plessis-Robinson,France,11,22510,48.78889,2.27078,False
Le Plessis-Trévise,France,11,18618,48.81074,2.57363,False
Le Pont-de-Claix,France,84,11963,45.12321,5.69782,False
Le Pontet,France,93,16182,43.96119,4.86008,False
Le Portel,France,32,11100,50.70559,1.57574,False
Le Pradet,France,93,12343,43.10545,6.0235,False
Le Pré-Saint-Gervais,France,11,17786,48.88549,2.40422,False
Le Puy-en-Velay,France,84,22718,45.04366,3.88523,False
Le Raincy,France,11,13246,48.89916,2.52298,False
Le Relecq-Kerhuon,France,53,11911,48.40817,-4.39676,False
Le Vésinet,France,11,16740,48.89281,2.13308,False
Lens,France,32,38265,50.43302,2.82791,False
Les Clayes-sous-Bois,France,11,17776,48.82206,1.98677,False
Les Herbiers,France,52,15664,46.87095,-1.0156,False
Les Lilas,France,11,21124,48.87992,2.42057,False
Les Moulins,France,93,15476,43.67523,7.20456,False
Les Mureaux,France,11,32134,48.99173,1.90972,False
Les Olives,France,93,15181,43.32393,5.4584,False
Les Pavillons-sous-Bois,France,11,19730,48.90683,2.50648,False
Les Pennes-Mirabeau,France,93,19871,43.41012,5.30838,False
Les Ponts-de-Cé,France,52,12915,47.42315,-0.52477,False
Les Sables-d'Olonne,France,52,16105,46.49687,-1.7847,False
Les Ulis,France,11,25785,48.68167,2.16944,False
Levallois-Perret,France,11,62178,48.89389,2.28864,False
Libourne,France,75,24240,44.91449,-0.24186,False
Lille,France,32,238695,50.63391,3.05512,False
Lillers,France,32,10104,50.56345,2.48042,False
Limay,France,11,18559,48.99553,1.74081,False
Limeil-Brévannes,France,11,19104,48.7448,2.48705,False
Limoges,France,75,141176,45.83362,1.24759,False
Limoux,France,76,10844,43.05487,2.22173,False
Lingolsheim,France,44,17284,48.55752,7.68253,False
Lisieux,France,28,24473,49.1466,0.22925,False
Livry-Gargan,France,11,39518,48.9193,2.54305,False
Liévin,France,32,34370,50.4198,2.78068,False
Lognes,France,11,15519,48.83541,2.62998,False
Lomme,France,32,29892,50.64358,2.98715,False
Longjumeau,France,11,20771,48.69307,2.29431,False
Longuenesse,France,32,13838,50.73395,2.2352,False
Longwy,France,44,14695,49.5217,5.76192,False
Lons,France,75,13872,43.31505,-0.41105,False
Lons-le-Saunier,France,27,20678,46.67535,5.55575,False
Loos,France,32,22107,50.60982,3.01874,False
Lorient,France,53,58112,47.74817,-3.37177,False
Lormont,France,75,22636,44.8765,-0.51919,False
Loudéac,France,53,10552,48.1776,-2.7558,False
Lourdes,France,76,15786,43.09461,-0.04611,False
Louviers,France,28,19220,49.21667,1.16667,False
Lucé,France,24,17780,48.43689,1.46359,False
Lunel,France,76,26588,43.67778,4.13611,False
Lunéville,France,44,21582,48.59273,6.49383,False
Luçon,France,52,10140,46.45493,-1.16629,False
Lyon,France,84,520774,45.74906,4.84789,False
Lyon 01,France,84,29641,45.76758,4.8345,False
Lyon 02,France,84,31303,45.75423,4.83089,False
Lyon 03,France,84,102725,45.76124,4.85184,False
Lyon 04,France,84,36064,45.77507,4.82712,False
Lyon 05,France,84,49664,45.76106,4.82677,False
Lyon 06,France,84,52862,45.76788,4.85064,False
Lyon 07,France,84,82573,45.74525,4.84197,False
Lyon 08,France,84,86154,45.73626,4.86866,False
Lyon 09,France,84,51983,45.77255,4.80326,False
Lys-lez-Lannoy,France,32,13803,50.66667,3.21667,False
Mainvilliers,France,24,10505,48.45003,1.45607,False
Maison Blanche,France,11,64302,48.82586,2.3508,False
Maisons-Alfort,France,11,53964,48.81171,2.43945,False
Maisons-Laffitte,France,11,22772,48.95264,2.14521,False
Malakoff,France,11,29420,48.81999,2.29998,False
Malpassé,France,93,11148,43.3217,5.41551,False
Mandelieu-la-Napoule,France,93,19292,43.54577,6.93734,False
Manosque,France,93,21351,43.82883,5.78688,False
Mantes-la-Jolie,France,11,44263,48.99048,1.7167,False
Mantes-la-Ville,France,11,19947,48.97374,1.70253,False
Marcq-en-Barœul,France,32,38629,50.66667,3.08333,False
Marignane,France,93,35873,43.41727,5.21462,False
Marly,France,32,11681,50.34556,3.54959,False
Marly,France,44,10997,49.06382,6.15427,False
Marly-le-Roi,France,11,17404,48.86667,2.08333,False
Marmande,France,75,19069,44.50361,0.16546,False
Marne La Vallée,France,11,318325,48.83584,2.64241,False
Maromme,France,28,12412,49.47925,1.02375,False
Marquette-lez-Lille,France,32,10832,50.67628,3.06613,False
Marseille,France,93,877215,43.29695,5.38107,False
Marseille 01,France,93,40919,43.29814,5.38407,False
Marseille 02,France,93,25779,43.29664,5.37034,False
Marseille 03,France,93,45414,43.30257,5.37583,False
Marseille 04,France,93,47193,43.30213,5.40141,False
Marseille 05,France,93,44583,43.29551,5.40055,False
Marseille 06,France,93,43360,43.28764,5.37918,False
Marseille 07,France,93,35981,43.28289,5.36021,False
Marseille 08,France,93,78837,43.27083,5.3821,False
Marseille 09,France,93,76868,43.25433,5.4057,False
Marseille 10,France,93,51299,43.27889,5.41523,False
Marseille 11,France,93,56792,43.2907,5.4384,False
Marseille 12,France,93,58734,43.29614,5.43617,False
Marseille 13,France,93,89316,43.31856,5.40836,False
Marseille 14,France,93,61920,43.34447,5.38004,False
Marseille 15,France,93,77770,43.37224,5.35386,False
Marseille 16,France,93,17630,43.35982,5.33421,False
Martigues,France,93,45749,43.40735,5.05526,False
Massy,France,11,38768,48.72692,2.28301,False
Maubeuge,France,32,33684,50.27875,3.97267,False
Mauguio,France,76,18320,43.61692,4.00739,False
Maurepas,France,11,19009,48.76486,1.92923,False
Mayenne,France,52,15583,48.30337,-0.61383,False
Mazamet,France,76,11479,43.49275,2.3736,False
Mazargues,France,93,17527,43.24622,5.39788,False
Meaux,France,11,53811,48.96014,2.87885,False
Melun,France,11,38953,48.5457,2.65356,False
Mende,France,76,14837,44.52161,3.49978,False
Mennecy,France,11,14646,48.56903,2.44384,False
Menton,France,93,29649,43.77649,7.50435,False
Metz,France,44,123914,49.11911,6.17269,False
Meudon,France,11,44652,48.81381,2.235,False
Meylan,France,84,20267,45.20978,5.77762,False
Meyzieu,France,84,28929,45.76637,5.00277,False
Millau,France,76,23307,44.09973,3.07848,False
Mions,France,84,11424,45.66302,4.95292,False
Miramas,France,93,24173,43.58508,5.00268,False
Mitry-Mory,France,11,18562,48.98333,2.61667,False
Moissac,France,76,13703,44.1045,1.08474,False
Moissy-Cramayel,France,11,16259,48.62605,2.60125,False
Mondeville,France,28,11582,49.17497,-0.32238,False
Mons-en-Barœul,France,32,23006,50.63333,3.11667,False
Mont-Alban,France,93,12636,43.7012,7.30014,False
Mont-Saint-Aignan,France,28,23078,49.46307,1.09364,False
Mont-de-Marsan,France,75,36205,43.89022,-0.49713,False
Montargis,France,24,17457,47.99696,2.73261,False
Montataire,France,32,12031,49.259,2.43777,False
Montauban,France,76,52434,44.01759,1.3542,False
Montbrison,France,84,16164,45.60752,4.06525,False
Montbéliard,France,27,28865,47.50957,6.79823,False
Montceau-les-Mines,France,27,20221,46.66667,4.36667,False
Montereau-Fault-Yonne,France,11,16993,48.38333,2.95,False
Montesson,France,11,15256,48.90924,2.13754,False
Monteux,France,93,10828,44.03618,4.9963,False
Montfavet,France,93,14000,43.93335,4.87342,False
Montfermeil,France,11,23829,48.8982,2.57913,False
Montgeron,France,11,22843,48.70543,2.45039,False
Montigny-en-Gohelle,France,32,10713,50.4254,2.93902,False
Montigny-le-Bretonneux,France,11,39063,48.76636,2.03405,False
Montigny-lès-Cormeilles,France,11,17910,48.98201,2.20035,False
Montigny-lès-Metz,France,44,26369,49.0956,6.15271,False
Montivilliers,France,28,16706,49.54518,0.18769,False
Montlouis-sur-Loire,France,24,10137,47.38845,0.83208,False
Montluçon,France,84,44960,46.34015,2.60254,False
Montmagny,France,11,14708,48.97338,2.34688,False
Montmorency,France,11,21156,48.98826,2.3434,False
Montolivet,France,93,12310,43.31715,5.4235,False
Montpellier,France,76,248252,43.61093,3.87635,False
Montreuil,France,11,111240,48.86415,2.44322,False
Montrouge,France,11,38708,48.8162,2.31393,False
Montélimar,France,84,35637,44.55468,4.75469,False
Morangis,France,11,11369,48.70383,2.33908,False
Morlaix,France,53,17516,48.57784,-3.82792,False
Morsang-sur-Orge,France,11,19917,48.66181,2.35338,False
Mougins,France,93,18973,43.60068,6.99523,False
Moulins,France,84,23095,46.56459,3.33243,False
Mouvaux,France,32,13285,50.69944,3.13429,False
Mulhouse,France,44,111430,47.75205,7.32866,False
Muret,France,76,24313,43.45998,1.32541,False
Mâcon,France,27,35484,46.31407,4.82823,False
Méricourt,France,32,11580,50.40116,2.86246,False
Mérignac,France,75,69791,44.84247,-0.64512,False
Méru,France,32,13528,49.23333,2.13333,False
Nancy,France,44,105058,48.68439,6.18496,False
Nanterre,France,11,86719,48.89198,2.20675,False
Nantes,France,52,325070,47.21725,-1.55336,False
Narbonne,France,76,50776,43.18396,3.00141,False
Nemours,France,11,13933,48.27511,2.69078,False
Neuilly-Plaisance,France,11,18725,48.86342,2.506,False
Neuilly-sur-Marne,France,11,34465,48.85373,2.54903,False
Neuilly-sur-Seine,France,11,61300,48.8846,2.26965,False
Nevers,France,27,43988,46.98956,3.159,False
Nice,France,93,342669,43.70313,7.26608,False
Niort,France,75,54660,46.32313,-0.45877,False
Nogent-le-Rotrou,France,24,13128,48.32157,0.82177,False
Nogent-sur-Marne,France,11,31236,48.83669,2.48255,False
Nogent-sur-Oise,France,32,19690,49.27158,2.47074,False
Noisiel,France,11,15362,48.84868,2.62435,False
Noisy-le-Grand,France,11,62420,48.84979,2.56266,False
Noisy-le-Sec,France,11,38955,48.89148,2.46451,False
Notre-Dame Limite,France,93,12446,43.38165,5.36269,False
Noyon,France,32,15138,49.58333,3.0,False
Nîmes,France,76,148236,43.83665,4.35788,False
Nœux-les-Mines,France,32,11970,50.48333,2.66667,False
Obernai,France,44,12138,48.46313,7.481,False
Octeville,France,28,16951,49.62612,-1.64349,False
Oignies,France,32,10609,50.46331,2.99376,False
Oissel-sur-Seine,France,28,11495,49.33309,1.09413,False
Olivet,France,24,22604,47.86219,1.8991,False
Ollioules,France,93,13916,43.1399,5.84766,False
Olonne-sur-Mer,France,52,11157,46.53524,-1.77293,False
Oloron-Sainte-Marie,France,75,12611,43.19441,-0.61069,False
Orange,France,93,30530,44.13806,4.81025,False
Orly,France,11,20528,48.74792,2.39253,False
Orléans,France,24,116344,47.90248,1.90407,False
Orsay,France,11,17817,48.69572,2.18727,False
Orthez,France,75,11857,43.48834,-0.77266,False
Orvault,France,52,25338,47.27117,-1.62361,False
Osny,France,11,16545,49.0701,2.06277,False
Ostwald,France,44,11261,48.54369,7.71099,False
Oullins,France,84,25592,45.71404,4.80755,False
Outreau,France,32,15648,50.70535,1.5897,False
Oyonnax,France,84,25697,46.25917,5.65727,False
Ozoir-la-Ferrière,France,11,22530,48.76699,2.66871,False
Palaiseau,France,11,31987,48.71828,2.2498,False
Pamiers,France,76,16997,43.1165,1.61079,False
Panazol,France,75,10055,45.83871,1.30995,False
Pantin,France,11,52922,48.89437,2.40935,False
Paris,France,11,2138551,48.85341,2.3488,True
Paris 01 Louvre,France,11,15114,48.8592,2.3417,False
Paris 02 Bourse,France,11,19847,48.8655,2.3426,False
Paris 03 Temple,France,11,32179,48.8637,2.3615,False
Paris 04 Hôtel-de-Ville,France,11,27332,48.8601,2.3507,False
Paris 05 Panthéon,France,11,55252,48.8448,2.3471,False
Paris 06 Luxembourg,France,11,40389,48.8493,2.33,False
Paris 07 Palais-Bourbon,France,11,48015,48.8565,2.321,False
Paris 08 Élysée,France,11,35317,48.8763,2.3183,False
Paris 09 Opéra,France,11,57271,48.8718,2.3399,False
Paris 10 Entrepôt,France,11,83873,48.8709,2.3561,False
Paris 10e Arrondissement,France,11,83459,48.87668,2.35904,False
Paris 11 Popincourt,France,11,138170,48.8574,2.3795,False
Paris 11e Arrondissement,France,11,144292,48.85834,2.37952,False
Paris 12 Reuilly,France,11,138024,48.8412,2.3876,False
Paris 12e Arrondissement,France,11,140311,48.83523,2.43505,False
Paris 13 Gobelins,France,11,181271,48.8322,2.3561,False
Paris 13e Arrondissement,France,11,177833,48.8262,2.35986,False
Paris 14 Observatoire,France,11,136455,48.8331,2.3264,False
Paris 15 Vaugirard,France,11,229713,48.8412,2.3003,False
Paris 16 Passy,France,11,159386,48.8637,2.2769,False
Paris 17 Batignolles-Monceau,France,11,159212,48.8835,2.3219,False
Paris 18 Buttes-Montmartre,France,11,183127,48.8925,2.3444,False
Paris 19 Buttes-Chaumont,France,11,178691,48.8817,2.3822,False
Paris 20 Ménilmontant,France,11,185140,48.8646,2.3984,False
Parthenay,France,75,11599,46.64832,-0.24672,False
Passy,France,84,11613,45.92341,6.69562,False
Pasteur,France,93,13440,43.72106,7.28294,False
Pau,France,75,82697,43.31117,-0.35583,False
Pernes-les-Fontaines,France,93,10868,43.99802,5.05906,False
Perpignan,France,76,110706,42.69764,2.89541,False
Pertuis,France,93,19926,43.69415,5.50291,False
Pessac,France,75,57944,44.80565,-0.6324,False
Picpus,France,11,61920,48.84258,2.40014,False
Pierrefitte-sur-Seine,France,11,27914,48.96691,2.36104,False
Pierrelatte,France,84,12691,44.37549,4.70314,False
Plaine du Var,France,93,21228,43.68248,7.20179,False
Plaisance-du-Touch,France,76,18501,43.56554,1.29645,False
Plaisir,France,11,36121,48.82319,1.9541,False
Plan-de-Cuques,France,93,11125,43.34753,5.46398,False
Ploemeur,France,53,20652,47.73512,-3.42952,False
Ploufragan,France,53,11577,48.49005,-2.79605,False
Plougastel-Daoulas,France,53,13679,48.37368,-4.36978,False
Plouzané,France,53,13118,48.38131,-4.61805,False
Plérin,France,53,13860,48.53451,-2.76975,False
Poissy,France,11,36431,48.92902,2.04952,False
Poitiers,France,75,85960,46.58261,0.34348,False
Pont-Saint-Esprit,France,76,10002,44.25656,4.6478,False
Pont-Sainte-Maxence,France,32,13732,49.30168,2.60467,False
Pont-à-Mousson,France,44,15411,48.90702,6.05635,False
Pontarlier,France,27,20313,46.90347,6.35542,False
Pontault-Combault,France,11,34798,48.79813,2.60676,False
Ponthierry,France,11,12158,48.53366,2.54419,False
Pontivy,France,53,16752,48.06835,-2.96645,False
Pontoise,France,11,30290,49.05,2.1,False
Pornic,France,52,12897,47.11581,-2.10331,False
Pornichet,France,52,10584,47.26682,-2.33794,False
Port-de-Bouc,France,93,15934,43.40657,4.9809,False
Porte Saint-Denis,France,11,15063,48.87363,2.35197,False
Porte Saint-Martin,France,11,21154,48.87153,2.36015,False
Porto-Vecchio,France,94,11820,41.59101,9.27947,False
Provins,France,11,12685,48.55897,3.29939,False
Puteaux,France,11,40646,48.88341,2.23894,False
Périer,France,93,12897,43.27755,5.37925,False
Périgueux,France,75,34770,45.18691,0.71439,False
Quartier du Port,France,93,14456,43.70018,7.28528,False
Quetigny,France,27,10372,47.31667,5.11667,False
Quimper,France,53,63849,47.99597,-4.09795,False
Quimperlé,France,53,12312,47.87215,-3.54994,False
Quinze-Vingts,France,11,26265,48.84656,2.37439,False
Raismes,France,32,13719,50.38333,3.48333,False
Rambouillet,France,11,26674,48.64374,1.82992,False
Ramonville-Saint-Agne,France,76,12573,43.54618,1.47491,False
Reims,France,44,196565,49.26526,4.02853,False
Rennes,France,53,227830,48.11109,-1.67431,False
Rezé,France,52,39248,47.19058,-1.56885,False
Riedisheim,France,44,12724,47.74847,7.36716,False
Rillieux-la-Pape,France,84,28076,45.81667,4.9,False
Riom,France,84,20142,45.89362,3.11264,False
Riorges,France,84,10763,46.04378,4.04255,False
Riquier,France,93,11512,43.70507,7.28714,False
Ris-Orangis,France,11,25082,48.6511,2.41406,False
Rive-de-Gier,France,84,14852,45.52755,4.61589,False
Rixheim,France,44,13608,47.7497,7.40203,False
Roanne,France,84,39840,46.03624,4.06802,False
Roche-la-Molière,France,84,10372,45.43088,4.3282,False
Rochefort,France,75,29427,45.94304,-0.96774,False
Rodez,France,76,28337,44.35258,2.57338,False
Rognac,France,93,12254,43.48761,5.23387,False
Roissy-en-Brie,France,11,20933,48.79159,2.64747,False
Romainville,France,11,24772,48.8854,2.43482,False
Romans-sur-Isère,France,84,35002,45.0496,5.06602,False
Rombas,France,44,10942,49.24946,6.09398,False
Romilly-sur-Seine,France,44,14566,48.51085,3.72634,False
Romorantin-Lanthenay,France,24,19953,47.36667,1.75,False
Ronchin,France,32,18331,50.59883,3.09056,False
Roncq,France,32,13387,50.7533,3.12131,False
Roquebrune-Cap-Martin,France,93,11834,43.76408,7.48207,False
Roquebrune-sur-Argens,France,93,12485,43.44313,6.63772,False
Roquette,France,11,45842,48.858,2.38147,False
Rosny-sous-Bois,France,11,41627,48.87017,2.4991,False
Roubaix,France,32,99507,50.69421,3.17456,False
Rouen,France,28,116331,49.44313,1.09932,False
Rouet,France,93,12178,43.27808,5.39158,False
Royan,France,75,19017,45.62811,-1.03153,False
Rueil-Malmaison,France,11,76616,48.8765,2.18967,False
Rumilly,France,84,13077,45.86116,5.94513,False
Sablé-sur-Sarthe,France,52,14734,47.83765,-0.33294,False
Saint-Amand-Montrond,France,24,11976,46.72284,2.50494,False
Saint-Amand-les-Eaux,France,32,17808,50.44718,3.43076,False
Saint-Ambroise,France,11,30802,48.86174,2.37538,False
Saint-André-les-Vergers,France,44,11203,48.28527,4.0521,False
Saint-André-lez-Lille,France,32,10931,50.66667,3.05,False
Saint-Avertin,France,24,16007,47.36357,0.73993,False
Saint-Avold,France,44,18281,49.10465,6.70402,False
Saint-Barnabé,France,93,12070,43.3,5.41667,False
Saint-Barthélémy,France,93,18655,43.33105,5.40241,False
Saint-Brevin-les-Pins,France,52,10396,47.24693,-2.16647,False
Saint-Brice-sous-Forêt,France,11,13606,49.00132,2.35361,False
Saint-Brieuc,France,53,52774,48.51513,-2.76838,False
Saint-Chamond,France,84,38014,45.4759,4.51294,False
Saint-Claude,France,27,12418,46.38679,5.86473,False
Saint-Cloud,France,11,28839,48.84598,2.20289,False
Saint-Cyr-l'École,France,11,16365,48.79865,2.06814,False
Saint-Cyr-sur-Loire,France,24,17337,47.4,0.66667,False
Saint-Cyr-sur-Mer,France,93,12185,43.18048,5.7012,False
Saint-Denis,France,11,96128,48.93564,2.35387,False
Saint-Dizier,France,44,31918,48.63773,4.94892,False
Saint-Dié-des-Vosges,France,44,24628,48.28429,6.94921,False
Saint-Estève,France,76,10403,42.7131,2.84152,False
Saint-Fargeau-Ponthierry,France,11,12097,48.55713,2.5284,False
Saint-Fons,France,84,16053,45.70875,4.85325,False
Saint-François,France,84,13577,46.41537,3.90542,False
Saint-Gaudens,France,76,12193,43.10813,0.72318,False
Saint-Genis-Laval,France,84,20883,45.69542,4.79316,False
Saint-Germain-en-Laye,France,11,41142,48.89643,2.0904,False
Saint-Gilles,France,76,13231,43.67656,4.43024,False
Saint-Giniez,France,93,13606,43.26946,5.38566,False
Saint-Gratien,France,11,19737,48.9735,2.28729,False
Saint-Herblain,France,52,46898,47.21154,-1.651,False
Saint-Jean-de-Braye,France,24,19874,47.91303,1.97705,False
Saint-Jean-de-Luz,France,75,14514,43.38871,-1.66267,False
Saint-Jean-de-la-Ruelle,France,24,17522,47.91127,1.86483,False
Saint-Julien-en-Genevois,France,84,10108,46.14434,6.08256,False
Saint-Junien,France,75,11553,45.88746,0.90158,False
Saint-Just,France,93,14417,43.317,5.40587,False
Saint-Just-Saint-Rambert,France,84,14313,45.49973,4.24141,False
Saint-Jérôme,France,93,10087,43.33404,5.41733,False
Saint-Laurent-du-Var,France,93,29516,43.67323,7.19,False
Saint-Lazare,France,93,10082,43.30545,5.37443,False
Saint-Leu,France,27,29278,46.7306,4.50083,False
Saint-Leu-la-Forêt,France,11,16075,49.01667,2.25,False
Saint-Louis,France,44,20871,47.59206,7.55923,False
Saint-Loup,France,93,16084,43.27766,5.43133,False
Saint-Lô,France,28,21722,49.11624,-1.09031,False
Saint-Malo,France,53,50676,48.64738,-2.00877,False
Saint-Mandé,France,11,21261,48.83864,2.41579,False
Saint-Marcel,France,93,10256,43.28745,5.46604,False
Saint-Martin-Boulogne,France,32,12414,50.72691,1.61864,False
Saint-Martin-d'Hères,France,84,35528,45.1787,5.76281,False
Saint-Martin-de-Crau,France,93,11555,43.63955,4.8127,False
Saint-Maur-des-Fossés,France,11,75402,48.79395,2.49323,False
Saint-Maurice,France,11,14282,48.82182,2.42716,False
Saint-Mauront,France,93,12020,43.31552,5.37538,False
Saint-Max,France,44,11123,48.70426,6.20686,False
Saint-Maximin-la-Sainte-Baume,France,93,15225,43.44813,5.86081,False
Saint-Michel-sur-Orge,France,11,20824,48.63479,2.30831,False
Saint-Médard-en-Jalles,France,75,29742,44.8955,-0.71779,False
Saint-Nazaire,France,52,67054,47.27506,-2.2179,False
Saint-Omer,France,32,18250,50.74834,2.26091,False
Saint-Orens-de-Gameville,France,76,12576,43.55182,1.53413,False
Saint-Ouen,France,11,39353,48.90654,2.33339,False
Saint-Ouen-l'Aumône,France,11,22977,49.04353,2.12134,False
Saint-Pancrace,France,93,10184,43.74406,7.23967,False
Saint-Paul-lès-Dax,France,75,11839,43.72566,-1.05283,False
Saint-Pierre-des-Corps,France,24,15284,47.38623,0.74849,False
Saint-Pol-sur-Mer,France,32,23635,51.03116,2.33983,False
Saint-Priest,France,84,41641,45.69651,4.94385,False
Saint-Quentin,France,32,55407,49.84889,3.28757,False
Saint-Quentin-en-Yvelines,France,11,146598,48.77186,2.01891,False
Saint-Raphaël,France,93,34918,43.42332,6.7735,False
Saint-Roch,France,93,18764,43.71486,7.29195,False
Saint-Rémy-de-Provence,France,93,10562,43.78848,4.83167,False
Saint-Saulve,France,32,11303,50.37141,3.55612,False
Saint-Sylvestre,France,93,14716,43.72254,7.24991,False
Saint-Sébastien-sur-Loire,France,52,29238,47.20768,-1.50332,False
Saint-Tronc,France,93,14372,43.27093,5.42285,False
Saint-Vincent de Paul,France,11,20336,48.88075,2.35513,False
Saint-Égrève,France,84,15904,45.23313,5.68154,False
Saint-Étienne,France,84,176280,45.43389,4.39,False
Saint-Étienne-du-Rouvray,France,28,28953,49.37794,1.10467,False
Sainte-Foy-lès-Lyon,France,84,21893,45.73375,4.80259,False
Sainte-Geneviève-des-Bois,France,11,33689,48.64682,2.31965,False
Sainte-Luce-sur-Loire,France,52,13056,47.25508,-1.48269,False
Sainte-Marguerite,France,11,36345,48.85232,2.38932,False
Sainte-Marguerite,France,93,19997,43.26196,5.40125,False
Sainte-Maxime,France,93,13582,43.30907,6.63849,False
Sainte-Savine,France,44,11172,48.29637,4.04642,False
Saintes,France,75,29512,45.74742,-0.63489,False
Sallanches,France,84,16725,45.94423,6.63162,False
Sallaumines,France,32,10637,50.41749,2.86174,False
Salon-de-Provence,France,93,41397,43.64229,5.09478,False
Salpêtrière,France,11,17708,48.83732,2.35823,False
Sanary-sur-Mer,France,93,19166,43.11985,5.80155,False
Sannois,France,11,26869,48.96667,2.25,False
Saran,France,24,16243,47.95013,1.87601,False
Sarcelles,France,11,57979,48.99739,2.37821,False
Sarlat-la-Canéda,France,75,11126,44.88902,1.21656,False
Sarrebourg,France,44,14677,48.73558,7.0572,False
Sarreguemines,France,44,24446,49.10995,7.06747,False
Sartrouville,France,11,53980,48.9482,2.19169,False
Sassenage,France,84,10641,45.21266,5.6629,False
Saumur,France,52,33229,47.25931,-0.07808,False
Saverne,France,44,12439,48.74164,7.36221,False
Savigny-le-Temple,France,11,25925,48.57409,2.58287,False
Savigny-sur-Orge,France,11,39698,48.67677,2.34835,False
Sceaux,France,11,21511,48.77644,2.29026,False
Schiltigheim,France,44,32289,48.60749,7.74931,False
Seclin,France,32,12214,50.54873,3.02731,False
Sedan,France,44,20620,49.70187,4.94028,False
Senlis,France,32,19160,49.20724,2.58661,False
Sens,France,27,28700,48.19738,3.28328,False
Septèmes-les-Vallons,France,93,10220,43.39834,5.36596,False
Sevran,France,11,47334,48.94472,2.52746,False
Seynod,France,84,18590,45.88549,6.08831,False
Seyssinet-Pariset,France,84,13473,45.17675,5.69387,False
Sin-le-Noble,France,32,17682,50.36159,3.13113,False
Six-Fours-les-Plages,France,93,34779,43.09174,5.82465,False
Soissons,France,32,31100,49.38167,3.32361,False
Soisy-sous-Montmorency,France,11,17436,48.98813,2.30156,False
Solliès-Pont,France,93,12052,43.19009,6.04115,False
Somain,France,32,12310,50.35961,3.28108,False
Sorgues,France,93,18681,44.01023,4.87381,False
Sotteville-lès-Rouen,France,28,30619,49.40972,1.09005,False
Soyaux,France,75,11220,45.64052,0.19752,False
Stains,France,11,32601,48.95,2.38333,False
Stiring-Wendel,France,44,13085,49.20198,6.9317,False
Strasbourg,France,44,274845,48.58392,7.74553,False
Sucy-en-Brie,France,11,25014,48.76872,2.53474,False
Suresnes,France,11,44697,48.87143,2.22929,False
Sète,France,76,40736,43.4028,3.69278,False
Sèvres,France,11,23724,48.82292,2.21757,False
Sélestat,France,44,18941,48.26195,7.4489,False
Talant,France,27,12082,47.33693,5.00888,False
Talence,France,75,42579,44.80849,-0.58915,False
Tarare,France,84,10806,45.89614,4.433,False
Tarascon,France,93,14735,43.80583,4.66028,False
Tarbes,France,76,52106,43.23407,0.07139,False
Tarnos,France,75,11554,43.5417,-1.46281,False
Tassin-la-Demi-Lune,France,84,16920,45.75499,4.78812,False
Taverny,France,11,27271,49.02542,2.21691,False
Tergnier,France,32,15475,49.65607,3.30107,False
Thiais,France,11,29724,48.76496,2.3961,False
Thiers,France,84,13739,45.85654,3.54758,False
Thionville,France,44,44311,49.35994,6.16044,False
Thonon-les-Bains,France,84,31684,46.37049,6.47985,False
Thouars,France,75,11517,46.9815,-0.21175,False
Tinqueux,France,44,10197,49.25,3.98333,False
Torcy,France,11,24386,48.85064,2.65078,False
Toul,France,44,17680,48.68075,5.89115,False
Toulon,France,93,168701,43.12442,5.92836,False
Toulouse,France,76,511684,43.60426,1.44367,False
Tourcoing,France,32,99160,50.72391,3.16117,False
Tourlaville,France,28,18273,49.63829,-1.56639,False
Tournefeuille,France,76,29124,43.58872,1.31922,False
Tournon-sur-Rhône,France,84,10571,45.06667,4.83333,False
Tours,France,24,141621,47.39484,0.70398,False
Trappes,France,11,28367,48.77413,2.01781,False
Tremblay-en-France,France,11,35591,48.94956,2.5684,False
Triel-sur-Seine,France,11,12574,48.97818,2.00743,False
Troyes,France,44,60785,48.30073,4.08524,False
Trélazé,France,52,11740,47.44629,-0.46652,False
Tulle,France,75,16969,45.26582,1.77233,False
Ussel,France,75,11384,45.54804,2.30917,False
Vaires-sur-Marne,France,11,12547,48.87649,2.63982,False
Val-de-Reuil,France,28,13824,49.27385,1.21021,False
Valbonne,France,93,12633,43.63292,6.99911,False
Valence,France,84,63864,44.9256,4.90956,False
Valenciennes,France,32,44821,50.35909,3.52506,False
Valentigney,France,27,12608,47.46388,6.83168,False
Valenton,France,11,11969,48.74527,2.46467,False
Valfin-lès-Saint-Claude,France,27,12966,46.43758,5.85513,False
Vallauris,France,93,27286,43.57803,7.05451,False
Valréas,France,93,10211,44.3849,4.99125,False
Vandœuvre-lès-Nancy,France,44,31785,48.66115,6.17114,False
Vannes,France,53,54020,47.65688,-2.76205,False
Vanves,France,11,26068,48.82345,2.29025,False
Varennes-Vauzelles,France,27,10464,47.01678,3.14037,False
Vaulx-en-Velin,France,84,37489,45.78693,4.9251,False
Vauréal,France,11,20699,49.03333,2.03333,False
Vauvert,France,76,10798,43.69386,4.27587,False
Vaux-le-Pénil,France,11,11758,48.52803,2.69165,False
Vence,France,93,18668,43.72254,7.11183,False
Vendôme,France,24,19226,47.79292,1.06556,False
Verdun,France,44,21798,49.15964,5.3829,False
Verneuil-sur-Seine,France,11,16790,48.97388,1.9648,False
Vernier,France,93,10448,43.70727,7.25911,False
Vernon,France,28,26037,49.09292,1.46332,False
Vernouillet,France,24,11783,48.7209,1.36951,False
Verrières-le-Buisson,France,11,16789,48.74565,2.26796,False
Versailles,France,11,85416,48.80359,2.13424,False
Vertou,France,52,22921,47.16878,-1.4729,False
Vesoul,France,27,19892,47.62604,6.14251,False
Vichy,France,84,27019,46.12709,3.42577,False
Vienne,France,84,32293,45.52569,4.87484,False
Vierzon,France,24,29876,47.22186,2.0684,False
Vieux-Condé,France,32,10773,50.45944,3.56738,False
Vigneux-sur-Seine,France,11,26692,48.70291,2.41357,False
Ville-d'Avray,France,11,11431,48.82358,2.19311,False
Villefontaine,France,84,19749,45.61278,5.15058,False
Villefranche-de-Rouergue,France,76,14030,44.35166,2.03702,False
Villefranche-sur-Saône,France,84,32994,45.98967,4.71961,False
Villejuif,France,11,48048,48.7939,2.35992,False
Villemomble,France,11,28001,48.88333,2.5,False
Villenave-d'Ornon,France,75,30347,44.77935,-0.56707,False
Villeneuve-Loubet,France,93,14354,43.6579,7.12233,False
Villeneuve-Saint-Georges,France,11,30881,48.73219,2.44925,False
Villeneuve-d'Ascq,France,32,62400,50.61669,3.16664,False
Villeneuve-la-Garenne,France,11,22036,48.93935,2.31478,False
Villeneuve-le-Roi,France,11,17575,48.73684,2.40081,False
Villeneuve-lès-Avignon,France,76,13451,43.96773,4.79258,False
Villeneuve-sur-Lot,France,75,25869,44.40854,0.70415,False
Villeparisis,France,11,23931,48.94208,2.61463,False
Villepinte,France,11,37114,48.96203,2.53253,False
Villers-Cotterêts,France,32,10068,49.25311,3.09003,False
Villers-lès-Nancy,France,44,15899,48.67333,6.15283,False
Villetaneuse,France,11,12025,48.95833,2.34167,False
Villeurbanne,France,84,131445,45.76601,4.8795,False
Villiers-le-Bel,France,11,27028,49.00875,2.39819,False
Villiers-sur-Marne,France,11,30252,48.831,2.54844,False
Vincennes,France,11,45923,48.8486,2.43769,False
Vire,France,28,14603,48.83849,-0.88929,False
Viroflay,France,11,16137,48.80078,2.16181,False
Viry-Châtillon,France,11,31131,48.67211,2.39318,False
Vitrolles,France,93,38591,43.46,5.24861,False
Vitry-le-François,France,44,17250,48.72472,4.58439,False
Vitry-sur-Seine,France,11,81001,48.78716,2.40332,False
Vitré,France,53,17266,48.12279,-1.20983,False
Voiron,France,84,22114,45.36471,5.5856,False
Voisins-le-Bretonneux,France,11,13486,48.75793,2.05137,False
Voreppe,France,84,10214,45.29484,5.63192,False
Vélizy-Villacoublay,France,11,21741,48.78198,2.19395,False
Vénissieux,France,84,57584,45.69706,4.88593,False
Wasquehal,France,32,19320,50.67043,3.13382,False
Wattignies,France,32,14766,50.58639,3.04394,False
Wattrelos,France,32,42826,50.70118,3.21812,False
Wittelsheim,France,44,10220,47.80947,7.24154,False
Wittenheim,France,44,15747,47.8109,7.32756,False
Woippy,France,44,13721,49.15111,6.15132,False
Yerres,France,11,28897,48.71785,2.49338,False
Yutz,France,44,15659,49.35571,6.1926,False
Yvetot,France,28,11232,49.61744,0.75814,False
Yzeure,France,84,13435,46.56596,3.35446,False
Échirolles,France,84,33088,45.14603,5.71441,False
Écully,France,84,19437,45.77437,4.77758,False
Élancourt,France,11,30831,48.78421,1.9552,False
Épernay,France,44,27082,49.04,3.95922,False
Épinal,France,44,39518,48.18324,6.45304,False
Épinay-sous-Sénart,France,11,12826,48.6897,2.51186,False
Épinay-sur-Seine,France,11,46145,48.9535,2.31514,False
Équeurdreville-Hainneville,France,28,18862,49.64868,-1.65306,False
Éragny,France,11,15385,49.01667,2.1,False
Étampes,France,11,23012,48.43507,2.16233,False
Étaples,France,32,11397,50.52194,1.63319,False
Évreux,France,28,57795,49.02414,1.15082,False
Évry,France,11,51900,48.6328,2.44049,False
Aachen,Germany,07,265208,50.77664,6.08342,False
Aalen,Germany,01,67085,48.83777,10.0933,False
Abensberg,Germany,02,12570,48.81684,11.8498,False
Achern,Germany,01,26733,48.63115,8.07607,False
Achim,Germany,06,32870,53.01416,9.0263,False
Adlershof,Germany,16,20210,52.43548,13.54825,False
Aerzen,Germany,06,10755,52.04953,9.25856,False
Ahaus,Germany,07,38165,52.07936,7.01344,False
Ahlem,Germany,06,11167,52.37811,9.66436,False
Ahlen,Germany,07,55280,51.76338,7.8887,False
Ahrensburg,Germany,10,30103,53.67661,10.23705,False
Aichach,Germany,02,21042,48.45755,11.13413,False
Ainring,Germany,02,10028,47.81311,12.94048,False
Albstadt,Germany,01,46950,48.21644,9.02596,False
Alfeld,Germany,06,19138,51.98382,9.81989,False
Alfter,Germany,07,21814,50.73333,7.01667,False
Alpen,Germany,07,12908,51.58333,6.51667,False
Alsdorf,Germany,07,46340,50.87673,6.16399,False
Alsfeld,Germany,05,15945,50.75185,9.27082,False
Alsterdorf,Germany,04,15227,53.61083,10.01306,False
Alt-Hohenschönhausen,Germany,16,50070,52.54608,13.5013,False
Alt-Treptow,Germany,16,13167,52.48863,13.4586,False
Altdorf,Germany,02,11355,48.15374,12.18419,False
Altdorf bei Nürnberg,Germany,02,15312,49.3856,11.3573,False
Altena,Germany,07,20862,51.29472,7.67337,False
Altenburg,Germany,15,38568,50.98763,12.43684,False
Altenstadt,Germany,05,12437,50.28747,8.94373,False
Altensteig,Germany,01,11266,48.58649,8.60395,False
Altes Lager,Germany,01,14092,48.41755,9.53606,False
Altglienicke,Germany,16,29595,52.41116,13.5355,False
Altona,Germany,04,250192,53.55,9.93333,False
Altona-Altstadt,Germany,04,29455,53.55018,9.94653,False
Altona-Nord,Germany,04,25802,53.56321,9.94257,False
Altstadt,Germany,01,12138,47.66056,9.17345,False
Altstadt Nord,Germany,07,17922,50.93893,6.95752,False
Altstadt Sud,Germany,07,27515,50.93331,6.95954,False
Altötting,Germany,02,12902,48.22533,12.67665,False
Alzenau in Unterfranken,Germany,02,18932,50.0888,9.06455,False
Alzey,Germany,08,18241,49.74657,8.11513,False
Am Hagenring,Germany,06,12602,52.27256,10.54213,False
Amberg,Germany,02,44737,49.44287,11.86267,False
Andernach,Germany,08,30408,50.43109,7.40425,False
Angermünde,Germany,11,15453,53.01499,13.99924,False
Anklam,Germany,12,14694,53.85637,13.68965,False
Annaberg-Buchholz,Germany,13,23092,50.57953,13.00627,False
Anröchte,Germany,07,10847,51.56667,8.33333,False
Ansbach,Germany,02,31839,49.30481,10.5931,False
Apen,Germany,06,10992,53.22128,7.80947,False
Aplerbeck,Germany,07,21600,51.48333,7.55,False
Apolda,Germany,15,24793,51.02624,11.51638,False
Arheilgen,Germany,05,17819,49.9128,8.65695,False
Arnsberg,Germany,07,74879,51.38333,8.08333,False
Arnstadt,Germany,15,25678,50.84048,10.95198,False
Aschaffenburg,Germany,02,68551,49.97704,9.15214,False
Ascheberg,Germany,07,15184,51.78333,7.61667,False
Aschersleben,Germany,14,25647,51.75742,11.46084,False
Asperg,Germany,01,12870,48.90525,9.13502,False
Attendorn,Germany,07,24773,51.12645,7.90333,False
Aue,Germany,13,18554,50.59034,12.70657,False
Auerbach,Germany,13,21358,50.51155,12.40083,False
Augsburg,Germany,02,301105,48.37154,10.89851,False
Aulendorf,Germany,01,10063,47.95083,9.63745,False
Aurich,Germany,06,40319,53.46963,7.48239,False
Aßlar,Germany,05,13772,50.59163,8.46273,False
Babenhausen,Germany,05,17695,49.96519,8.95129,False
Backnang,Germany,01,38818,48.94743,9.43718,False
Bad Abbach,Germany,02,12545,48.93754,12.04494,False
Bad Aibling,Germany,02,17672,47.8638,12.01055,False
Bad Arolsen,Germany,05,16854,51.37982,9.01445,False
Bad Belzig,Germany,11,11999,52.14184,12.59272,False
Bad Bentheim,Germany,06,15508,52.30066,7.15763,False
Bad Berleburg,Germany,07,20757,51.05224,8.39227,False
Bad Bramstedt,Germany,10,13177,53.91827,9.88243,False
Bad Camberg,Germany,05,14195,50.29695,8.26896,False
Bad Doberan,Germany,12,11559,54.10712,11.90051,False
Bad Driburg,Germany,07,19553,51.73297,9.01969,False
Bad Dürkheim,Germany,08,18698,49.4618,8.17236,False
Bad Dürrenberg,Germany,14,11521,51.29545,12.06583,False
Bad Dürrheim,Germany,01,12829,48.02093,8.53056,False
Bad Essen,Germany,06,15732,52.31667,8.33333,False
Bad Fallingbostel,Germany,06,13473,52.86604,9.69486,False
Bad Freienwalde,Germany,11,13075,52.7873,14.0304,False
Bad Gandersheim,Germany,06,11099,51.87167,10.02537,False
Bad Harzburg,Germany,06,22954,51.88268,10.56157,False
Bad Hersfeld,Germany,05,30725,50.87197,9.70891,False
Bad Homburg vor der Höhe,Germany,05,51859,50.22683,8.61816,False
Bad Honnef,Germany,07,25348,50.64336,7.2278,False
Bad Iburg,Germany,06,11554,52.1549,8.04216,False
Bad Kissingen,Germany,02,21328,50.20228,10.07784,False
Bad Kreuznach,Germany,08,43213,49.8414,7.86713,False
Bad Laasphe,Germany,07,15184,50.93139,8.42502,False
Bad Langensalza,Germany,15,16717,51.10771,10.646,False
Bad Lauterberg im Harz,Germany,06,11784,51.63272,10.47031,False
Bad Liebenwerda,Germany,11,10890,51.51826,13.39459,False
Bad Lippspringe,Germany,07,15175,51.78333,8.81683,False
Bad Mergentheim,Germany,01,22472,49.4925,9.77361,False
Bad Münder am Deister,Germany,06,18726,52.19551,9.46421,False
Bad Nauheim,Germany,05,30291,50.36463,8.73859,False
Bad Nenndorf,Germany,06,10255,52.33703,9.37904,False
Bad Neuenahr-Ahrweiler,Germany,08,27823,50.54322,7.1113,False
Bad Neustadt an der Saale,Germany,02,15434,50.32174,10.20673,False
Bad Oeynhausen,Germany,07,49513,52.20699,8.80365,False
Bad Oldesloe,Germany,10,24322,53.81167,10.37417,False
Bad Orb,Germany,05,10186,50.22788,9.34782,False
Bad Pyrmont,Germany,06,21629,51.98589,9.25246,False
Bad Rappenau,Germany,01,20581,49.23848,9.1018,False
Bad Reichenhall,Germany,02,16910,47.72947,12.87819,False
Bad Salzdetfurth,Germany,06,14349,52.05777,10.0058,False
Bad Salzuflen,Germany,07,54899,52.0862,8.74434,False
Bad Salzungen,Germany,15,16410,50.81342,10.2361,False
Bad Sassendorf,Germany,07,11659,51.58333,8.16667,False
Bad Saulgau,Germany,01,17911,48.01676,9.50064,False
Bad Schwalbach,Germany,05,11112,50.14196,8.06964,False
Bad Schwartau,Germany,10,19722,53.91887,10.69691,False
Bad Segeberg,Germany,10,16052,53.93775,10.30745,False
Bad Soden am Taunus,Germany,05,23103,50.1408,8.50449,False
Bad Soden-Salmünster,Germany,05,13953,50.27574,9.36705,False
Bad Staffelstein,Germany,02,10618,50.10199,11.00128,False
Bad Säckingen,Germany,01,16549,47.55371,7.94612,False
Bad Tölz,Germany,02,17434,47.76111,11.5589,False
Bad Urach,Germany,01,12831,48.49107,9.40009,False
Bad Vilbel,Germany,05,35961,50.17866,8.73756,False
Bad Waldsee,Germany,01,19840,47.92027,9.7549,False
Bad Wildungen,Germany,05,18037,51.11963,9.12475,False
Bad Windsheim,Germany,02,12022,49.50274,10.41539,False
Bad Wurzach,Germany,01,14323,47.90799,9.89686,False
Bad Wörishofen,Germany,02,14028,48.00674,10.59666,False
Bad Wünnenberg,Germany,07,12439,51.52002,8.69934,False
Bad Zwischenahn,Germany,06,27550,53.18475,8.00286,False
Baden-Baden,Germany,01,56881,48.7606,8.23975,False
Badenstedt,Germany,06,12159,52.35809,9.67072,False
Baesweiler,Germany,07,27834,50.90964,6.18874,False
Baiersbronn,Germany,01,16248,48.50318,8.37699,False
Balingen,Germany,01,34414,48.27525,8.85464,False
Balve,Germany,07,12281,51.3315,7.86424,False
Bamberg,Germany,02,70047,49.89873,10.90067,False
Bannewitz,Germany,13,10851,50.99291,13.71712,False
Bargteheide,Germany,10,13640,53.72989,10.26739,False
Barmbek-Nord,Germany,04,40261,53.6052,10.03988,False
Barmbek-Süd,Germany,04,35880,53.58007,10.04067,False
Barsbüttel,Germany,10,12363,53.56912,10.16795,False
Barsinghausen,Germany,06,14200,52.3,9.45,False
Barßel,Germany,06,12475,53.16981,7.75012,False
Bassum,Germany,06,16191,52.85059,8.72791,False
Baumschulenweg,Germany,16,18894,52.46583,13.48523,False
Baunatal,Germany,05,27929,51.25182,9.40747,False
Bautzen,Germany,13,41972,51.18035,14.43494,False
Bayreuth,Germany,02,72940,49.94782,11.57893,False
Bebra,Germany,05,14839,50.97445,9.79562,False
Beckingen,Germany,09,15983,49.4,6.7,False
Beckum,Germany,07,37814,51.75571,8.04075,False
Bedburg,Germany,07,24937,50.99258,6.57128,False
Beelitz,Germany,11,12475,52.23812,12.9714,False
Belm,Germany,06,13897,52.3,8.13333,False
Bemerode,Germany,06,19486,52.35,9.83333,False
Bendorf,Germany,08,17495,50.42289,7.57924,False
Bensheim,Germany,05,41124,49.68369,8.61839,False
Bergedorf,Germany,04,119665,53.48462,10.22904,False
Bergen,Germany,06,13609,52.80837,9.96374,False
Bergen auf Rügen,Germany,12,13457,54.41823,13.43349,False
Bergheim,Germany,07,63558,50.95572,6.63986,False
Berghofen,Germany,07,12075,51.46691,7.5286,False
Bergisch Gladbach,Germany,07,106184,50.9856,7.13298,False
Bergkamen,Germany,07,52329,51.61633,7.64451,False
Bergneustadt,Germany,07,20567,51.02496,7.65599,False
Berlin,Germany,16,3426354,52.52437,13.41053,True
Berlin Köpenick,Germany,16,59561,52.44254,13.58228,False
Bernau bei Berlin,Germany,11,34866,52.67982,13.58708,False
Bernburg,Germany,14,32113,51.79464,11.7401,False
Besigheim,Germany,01,11883,48.99797,9.14268,False
Bestwig,Germany,07,11764,51.36081,8.40082,False
Betzdorf,Germany,08,10560,50.79094,7.87189,False
Beverungen,Germany,07,15266,51.66801,9.37417,False
Bexbach,Germany,09,17793,49.34615,7.25527,False
Biberach an der Riß,Germany,01,32333,48.09345,9.79053,False
Biebrich,Germany,05,38758,50.0415,8.24878,False
Biedenkopf,Germany,05,13788,50.91125,8.53016,False
Bielefeld,Germany,07,331906,52.03333,8.53333,False
Bierstadt,Germany,05,12613,50.08295,8.28569,False
Biesdorf,Germany,16,28955,52.50906,13.5534,False
Bietigheim-Bissingen,Germany,01,43556,48.94407,9.11755,False
Bilderstöckchen,Germany,07,15430,50.96983,6.92997,False
Billerbeck,Germany,07,11699,51.97829,7.29261,False
Billstedt,Germany,04,71077,53.55,10.13333,False
Bingen am Rhein,Germany,08,26339,49.96675,7.8992,False
Birkenau,Germany,05,10318,49.5625,8.70694,False
Birkenfeld,Germany,01,10609,48.86667,8.63333,False
Bischofsheim,Germany,05,12075,49.99389,8.36722,False
Bischofswerda,Germany,13,10576,51.12771,14.17974,False
Bissendorf,Germany,06,14402,52.23333,8.16667,False
Bitburg,Germany,08,12908,49.96794,6.52734,False
Bitterfeld-Wolfen,Germany,14,36592,51.62355,12.32395,False
Blankenburg,Germany,14,15963,51.79025,10.95509,False
Blankenese,Germany,04,13637,53.55698,9.8059,False
Blankenfelde,Germany,11,11929,52.33722,13.41205,False
Blankenfelde-Mahlow,Germany,11,29129,52.33645,13.41316,False
Blasewitz,Germany,13,24863,51.05305,13.79831,False
Blaubeuren,Germany,01,11797,48.41215,9.78427,False
Blieskastel,Germany,09,20197,49.23724,7.25617,False
Blomberg,Germany,07,17183,51.94331,9.09067,False
Blumberg,Germany,01,10500,47.84058,8.53329,False
Bobenheim-Roxheim,Germany,08,10106,49.5875,8.35778,False
Bobingen,Germany,02,16682,48.27091,10.8339,False
Bocholt,Germany,07,73943,51.83879,6.61531,False
Bochum,Germany,07,385729,51.48165,7.21648,False
Bochum-Werne,Germany,07,15345,51.48796,7.31217,False
Bockenem,Germany,06,11177,52.00993,10.13197,False
Bockum,Germany,07,20617,51.34696,6.61589,False
Bogen,Germany,02,10259,48.91122,12.68955,False
Bogenhausen,Germany,02,77542,48.15221,11.61585,False
Bohmte,Germany,06,13153,52.36667,8.31667,False
Bohnsdorf,Germany,16,11859,52.39434,13.57339,False
Boizenburg,Germany,12,11048,53.38081,10.73758,False
Bonn,Germany,07,330579,50.73438,7.09549,False
Bonn Hardtberg,Germany,07,35000,50.704,7.054,False
Bopfingen,Germany,01,12606,48.85847,10.35417,False
Boppard,Germany,08,16215,50.23085,7.58992,False
Borken,Germany,07,40876,51.84382,6.85774,False
Borken,Germany,05,12268,51.04501,9.2844,False
Borna,Germany,13,18806,51.12416,12.49639,False
Bornheim,Germany,07,48523,50.76313,6.99089,False
Bothfeld,Germany,06,20778,52.41732,9.79612,False
Bottrop,Germany,07,119909,51.52392,6.9285,False
Bovenden,Germany,06,13964,51.58836,9.9222,False
Brachenfeld-Ruthenberg,Germany,10,10573,54.07154,10.0092,False
Brackel,Germany,07,24930,51.52573,7.54438,False
Brackenheim,Germany,01,15083,49.07787,9.06601,False
Brake (Unterweser),Germany,06,16150,53.33333,8.48333,False
Brakel,Germany,07,17808,51.7175,9.18596,False
Bramsche,Germany,06,28220,52.40839,7.98327,False
Brand-Erbisdorf,Germany,13,11284,50.86643,13.32285,False
Brandenburg an der Havel,Germany,11,59826,52.41667,12.55,False
Braunfels,Germany,05,11510,50.51545,8.38918,False
Braunschweig,Germany,06,244715,52.26594,10.52673,False
Breisach am Rhein,Germany,01,14367,48.03279,7.58294,False
Bremen,Germany,03,546501,53.07582,8.80717,False
Bremerhaven,Germany,03,118610,53.55357,8.57553,False
Bremervörde,Germany,06,19268,53.48513,9.14644,False
Bretten,Germany,01,30274,49.03685,8.70745,False
Bretzfeld,Germany,01,12162,49.17944,9.43833,False
Brieselang,Germany,11,10379,52.58333,13.0,False
Brilon,Germany,07,27030,51.39462,8.57146,False
Britz,Germany,16,42846,52.44293,13.43388,False
Bruchköbel,Germany,05,20509,50.17853,8.92315,False
Bruchsal,Germany,01,47784,49.12426,8.59804,False
Bruckmühl,Germany,02,15851,47.87859,11.91098,False
Brunsbüttel,Germany,10,13950,53.8962,9.10459,False
Brüggen,Germany,07,16105,51.24053,6.18376,False
Brühl,Germany,07,44137,50.82928,6.90499,False
Brühl,Germany,01,14262,49.39722,8.53361,False
Buch,Germany,16,12674,52.6347,13.49679,False
Buchen in Odenwald,Germany,01,18226,49.52416,9.32293,False
Buchheim,Germany,07,12840,50.95152,7.02093,False
Buchholz in der Nordheide,Germany,06,40849,53.33038,9.86596,False
Buchloe,Germany,02,11978,48.03719,10.72548,False
Buckow,Germany,16,40146,52.42162,13.43613,False
Buer,Germany,07,32919,51.5774,7.0518,False
Burbach,Germany,07,14942,50.75105,8.07939,False
Burg bei Magdeburg,Germany,14,24958,52.27152,11.85493,False
Burgdorf,Germany,06,31051,52.44628,10.0064,False
Burghausen,Germany,02,18263,48.16925,12.83139,False
Burgkirchen an der Alz,Germany,02,11006,48.16753,12.7325,False
Burglengenfeld,Germany,02,12095,49.20379,12.04452,False
Burglesum,Germany,03,33000,53.16532,8.68873,False
Burgstädt,Germany,13,12477,50.91333,12.806,False
Burgthann,Germany,02,11567,49.35202,11.31154,False
Burladingen,Germany,01,13131,48.29111,9.11286,False
Burscheid,Germany,07,19215,51.08468,7.11393,False
Butzbach,Germany,05,25156,50.43395,8.67122,False
Buxtehude,Germany,06,38192,53.46994,9.68968,False
Böblingen,Germany,01,46282,48.68212,9.01171,False
Böhl-Iggelheim,Germany,08,10797,49.38056,8.30389,False
Bönen,Germany,07,19393,51.6,7.76667,False
Bückeburg,Germany,06,19221,52.26065,9.04939,False
Büdelsdorf,Germany,10,10144,54.31824,9.67301,False
Büdingen,Germany,05,22411,50.29013,9.1114,False
Bühl,Germany,01,28608,48.69676,8.13523,False
Bünde,Germany,07,46365,52.19837,8.58644,False
Büren,Germany,07,22263,51.55109,8.55956,False
Bürstadt,Germany,05,15348,49.64266,8.45936,False
Büttelborn,Germany,05,13338,49.90333,8.52333,False
Cadolzburg,Germany,02,10164,49.4573,10.85329,False
Calbe,Germany,14,11322,51.90668,11.77478,False
Calw,Germany,01,23740,48.71419,8.74031,False
Castrop-Rauxel,Germany,07,77924,51.55657,7.31155,False
Celle,Germany,06,71010,52.62264,10.08047,False
Cham,Germany,02,17314,49.22565,12.65501,False
Charlottenburg,Germany,16,129359,52.51667,13.28333,False
Charlottenburg-Nord,Germany,16,19422,52.53048,13.29371,False
Chemnitz,Germany,13,247220,50.8357,12.92922,False
Clausthal-Zellerfeld,Germany,06,15345,51.80949,10.33821,False
Cloppenburg,Germany,06,31177,52.84755,8.04745,False
Coburg,Germany,02,41901,50.25937,10.96384,False
Coesfeld,Germany,07,36631,51.94349,7.16809,False
Coswig,Germany,13,22304,51.13204,13.58312,False
Cottbus,Germany,11,84754,51.75769,14.32888,False
Crailsheim,Germany,01,35755,49.13444,10.07193,False
Cremlingen,Germany,06,12808,52.24794,10.65506,False
Crimmitschau,Germany,13,18272,50.81644,12.39045,False
Cuxhaven,Germany,06,52677,53.86828,8.69902,False
Dachau,Germany,02,39740,48.26,11.43402,False
Dahlem,Germany,16,16916,52.4581,13.28702,False
Dahlhausen,Germany,07,12808,51.427,7.14808,False
Damme,Germany,06,16024,52.52148,8.19766,False
Darmstadt,Germany,05,167029,49.87167,8.65027,False
Dassel,Germany,06,11287,51.80179,9.68904,False
Datteln,Germany,07,36338,51.65598,7.3453,False
Davenstedt,Germany,06,10666,52.36646,9.67184,False
Debschwitz,Germany,15,10540,50.85622,12.07228,False
Deggendorf,Germany,02,31081,48.84085,12.96068,False
Delbrück,Germany,07,29884,51.76503,8.56223,False
Delitzsch,Germany,13,25895,51.52546,12.34284,False
Delmenhorst,Germany,06,75893,53.0511,8.63091,False
Demmin,Germany,12,12495,53.90762,13.03142,False
Denkendorf,Germany,01,10357,48.69555,9.31675,False
Denzlingen,Germany,01,13511,48.06667,7.88333,False
Dessau,Germany,14,67747,51.83864,12.24555,False
Detmold,Germany,07,73680,51.93855,8.87318,False
Deutz,Germany,07,15238,50.93463,6.97495,False
Dieburg,Germany,05,15168,49.89738,8.84613,False
Diedorf,Germany,02,10006,48.3532,10.78206,False
Diepholz,Germany,06,16783,52.60695,8.37027,False
Dierkow-Neu,Germany,12,10552,54.10571,12.16753,False
Dietzenbach,Germany,05,33256,50.00976,8.77783,False
Diez,Germany,08,10822,50.37419,8.00735,False
Dießen am Ammersee,Germany,02,10050,47.95085,11.10306,False
Dillenburg,Germany,05,22974,50.74114,8.28699,False
Dillingen,Germany,09,21526,49.35557,6.72781,False
Dillingen an der Donau,Germany,02,18734,48.58153,10.49527,False
Dingolfing,Germany,02,18805,48.64244,12.49283,False
Dinkelsbühl,Germany,02,12260,49.06942,10.31985,False
Dinklage,Germany,06,12626,52.66196,8.12604,False
Dinslaken,Germany,07,66993,51.56227,6.7434,False
Dippoldiswalde,Germany,13,10959,50.89621,13.66905,False
Ditzingen,Germany,01,24149,48.82672,9.06703,False
Doberlug-Kirchhain,Germany,11,10151,51.62578,13.56232,False
Donaueschingen,Germany,01,21604,47.95514,8.49707,False
Donauwörth,Germany,02,18364,48.71804,10.7793,False
Donzdorf,Germany,01,11051,48.68544,9.81053,False
Dorfen,Germany,02,13487,48.27037,12.16056,False
Dormagen,Germany,07,63582,51.09683,6.83167,False
Dorsten,Germany,07,79981,51.66166,6.96514,False
Dorstfeld,Germany,07,27655,51.50135,7.41085,False
Dortmund,Germany,07,588462,51.51494,7.466,False
Dossenheim,Germany,01,11612,49.45028,8.67472,False
Dotzheim,Germany,05,27557,50.07438,8.19503,False
Dreieich,Germany,05,41692,50.01997,8.69611,False
Drensteinfurt,Germany,07,15260,51.79535,7.73815,False
Dresden,Germany,13,564904,51.05089,13.73832,False
Drochtersen,Germany,06,12364,53.71015,9.38463,False
Drolshagen,Germany,07,12310,51.02358,7.77355,False
Duderstadt,Germany,06,22910,51.51312,10.25951,False
Duisburg,Germany,07,504358,51.43247,6.76516,False
Dulsberg,Germany,04,17002,53.58383,10.06445,False
Durmersheim,Germany,01,11675,48.93333,8.26667,False
Döbeln,Germany,13,23819,51.1221,13.11027,False
Döhren,Germany,06,13569,52.3379,9.76265,False
Dülmen,Germany,07,47495,51.83149,7.28075,False
Düren,Germany,07,93440,50.80434,6.49299,False
Düsseldorf,Germany,07,618685,51.22319,6.77927,False
Düsseldorf-Pempelfort,Germany,07,28941,51.23812,6.78678,False
Eberbach,Germany,01,15624,49.4668,8.99016,False
Ebersbach an der Fils,Germany,01,15919,48.716,9.5236,False
Ebersberg,Germany,02,11041,48.0771,11.97063,False
Eberswalde,Germany,11,41980,52.83492,13.81951,False
Eching,Germany,02,12804,48.3,11.61667,False
Eckernförde,Germany,10,21563,54.46854,9.83824,False
Edewecht,Germany,06,20658,53.12814,7.98424,False
Edingen-Neckarhausen,Germany,01,14009,49.45722,8.60639,False
Eggenfelden,Germany,02,12860,48.40509,12.75752,False
Eggenstein-Leopoldshafen,Germany,01,15189,49.09006,8.39879,False
Ehingen,Germany,01,27764,48.28259,9.72749,False
Eichenau,Germany,02,11637,48.16667,11.31667,False
Eichenzell,Germany,05,11042,50.49536,9.69672,False
Eichstätt,Germany,02,13125,48.88854,11.19675,False
Eidelstedt,Germany,04,35078,53.60697,9.90538,False
Eilbek,Germany,04,22235,53.56776,10.04718,False
Eilenburg,Germany,13,16539,51.45984,12.63338,False
Eimsbüttel,Germany,04,269118,53.57416,9.95679,False
Einbeck,Germany,06,29751,51.82018,9.86961,False
Eisenach,Germany,15,40747,50.9807,10.31522,False
Eisenberg,Germany,15,11438,50.9686,11.90207,False
Eisenberg,Germany,08,10006,49.55859,8.07199,False
Eisenhüttenstadt,Germany,11,32052,52.15,14.65,False
Eisleben Lutherstadt,Germany,14,22505,51.52754,11.54835,False
Eislingen,Germany,01,22325,48.69515,9.70676,False
Eitorf,Germany,07,19761,50.76667,7.45,False
Eißendorf,Germany,04,24863,53.45222,9.95138,False
Ellwangen,Germany,01,25001,48.96164,10.13173,False
Elmschenhagen,Germany,10,17097,54.28949,10.1899,False
Elmshorn,Germany,10,48703,53.74912,9.66176,False
Elsdorf,Germany,07,21967,50.93739,6.56828,False
Eltville,Germany,05,16845,50.02858,8.11754,False
Emden,Germany,06,51526,53.36592,7.20846,False
Emmendingen,Germany,01,27383,48.12096,7.85359,False
Emmerich,Germany,07,31829,51.83933,6.24792,False
Emsdetten,Germany,07,35582,52.1734,7.52781,False
Emstek,Germany,06,11257,52.83404,8.15716,False
Endenich,Germany,07,12650,50.72377,7.07278,False
Engelskirchen,Germany,07,20786,50.98854,7.41391,False
Engen,Germany,01,10190,47.85534,8.77342,False
Enger,Germany,07,19852,52.14063,8.55772,False
Eningen unter Achalm,Germany,01,10715,48.48686,9.25946,False
Ennepetal,Germany,07,32607,51.29848,7.3629,False
Ennigerloh,Germany,07,20713,51.83843,8.03093,False
Eppelborn,Germany,09,18079,49.4,6.96667,False
Eppelheim,Germany,01,14190,49.4019,8.63644,False
Eppendorf,Germany,04,24806,53.5924,9.98752,False
Eppingen,Germany,01,21179,49.13645,8.91229,False
Eppstein,Germany,05,13374,50.14277,8.39231,False
Erbach,Germany,05,13771,49.66148,8.99402,False
Erbach,Germany,01,13331,48.32841,9.88752,False
Erding,Germany,02,33519,48.30603,11.90686,False
Erftstadt,Germany,07,51207,50.81481,6.79387,False
Erfurt,Germany,15,218793,50.97734,11.03536,False
Ergolding,Germany,02,11438,48.57654,12.17102,False
Erkelenz,Germany,07,44650,51.07947,6.31531,False
Erkner,Germany,11,11741,52.42,13.75437,False
Erkrath,Germany,07,47815,51.22235,6.90831,False
Erlangen,Germany,02,102675,49.59099,11.00783,False
Erlensee,Germany,05,12663,50.16304,8.97823,False
Erwitte,Germany,07,16081,51.6127,8.3384,False
Eschborn,Germany,05,22403,50.14328,8.57111,False
Eschwege,Germany,05,21191,51.18386,10.05329,False
Eschweiler,Germany,07,55778,50.81854,6.27184,False
Eselsberg,Germany,01,19075,48.40978,9.95138,False
Espelkamp,Germany,07,26378,52.38141,8.62303,False
Essen,Germany,07,593085,51.45657,7.01228,False
Essenbach,Germany,02,11070,48.61332,12.21833,False
Esslingen,Germany,01,92390,48.73961,9.30473,False
Ettenheim,Germany,01,11995,48.25696,7.81247,False
Ettlingen,Germany,01,38578,48.94094,8.40763,False
Euskirchen,Germany,07,54889,50.66057,6.78722,False
Eutin,Germany,10,16984,54.13503,10.61148,False
Eving,Germany,07,22430,51.55177,7.48087,False
Falkenhagener Feld,Germany,16,38667,52.55191,13.16802,False
Falkensee,Germany,11,37468,52.56014,13.0927,False
Farmsen-Berne,Germany,04,35477,53.60639,10.11972,False
Fehmarn,Germany,10,13200,54.4378,11.19352,False
Feldkirchen-Westerham,Germany,02,10399,47.90748,11.84266,False
Fellbach,Germany,01,43935,48.80912,9.27697,False
Felsberg,Germany,05,11219,51.13763,9.42139,False
Fennpfuhl,Germany,16,33751,52.52921,13.47267,False
Feucht,Germany,02,13482,49.37597,11.21433,False
Feuchtwangen,Germany,02,12267,49.16287,10.3385,False
Filderstadt,Germany,01,43550,48.65698,9.22049,False
Finkenwerder,Germany,04,11702,53.53274,9.86271,False
Finsterwalde,Germany,11,18922,51.63388,13.70662,False
Fischeln,Germany,07,26030,51.30353,6.58836,False
Flensburg,Germany,10,85838,54.78805,9.43722,False
Flöha,Germany,13,11143,50.85613,13.07407,False
Flörsheim,Germany,05,20023,50.01311,8.42779,False
Forchheim,Germany,02,30442,49.71754,11.05877,False
Forst,Germany,11,22843,51.73544,14.63971,False
Frankenberg,Germany,13,13659,50.91297,13.04011,False
Frankenberg,Germany,05,17635,51.0589,8.80077,False
Frankenthal,Germany,08,47438,49.53414,8.35357,False
Frankfurt (Oder),Germany,11,57107,52.34714,14.55062,False
Frankfurt am Main,Germany,05,650000,50.11552,8.68417,False
Französisch Buchholz,Germany,16,21449,52.60242,13.43019,False
Frechen,Germany,07,52309,50.91485,6.8118,False
Freiberg,Germany,13,43670,50.91089,13.33881,False
Freiberg am Neckar,Germany,01,15235,48.93196,9.2024,False
Freiburg,Germany,01,237460,47.9959,7.85222,False
Freilassing,Germany,02,15909,47.84085,12.98114,False
Freising,Germany,02,42570,48.40351,11.74876,False
Freital,Germany,13,39281,51.00166,13.6488,False
Freudenberg,Germany,07,18601,50.89741,7.87415,False
Freudenstadt,Germany,01,23868,48.46695,8.41371,False
Friedberg,Germany,02,29953,48.35693,10.98461,False
Friedberg,Germany,05,27484,50.33739,8.75591,False
Friedeburg,Germany,06,10607,53.45362,7.83146,False
Friedenau,Germany,16,27998,52.47133,13.32813,False
Friedland,Germany,06,12607,51.41917,9.91762,False
Friedrichsdorf,Germany,05,24435,50.24962,8.64281,False
Friedrichsfelde,Germany,16,55423,52.50575,13.50812,False
Friedrichshafen,Germany,01,58403,47.65689,9.47554,False
Friedrichshagen,Germany,16,19009,52.45052,13.62463,False
Friedrichshain,Germany,16,117829,52.51559,13.45482,False
Friedrichsthal,Germany,09,11440,49.32786,7.09622,False
Friesoythe,Germany,06,20311,53.02048,7.85879,False
Fritzlar,Germany,05,14814,51.13181,9.27557,False
Frohnau,Germany,16,16689,52.63336,13.29024,False
Fröndenberg,Germany,07,20504,51.47563,7.76946,False
Fuhlsbüttel,Germany,04,13348,53.63459,10.01608,False
Fulda,Germany,05,63760,50.55162,9.67518,False
Fuldatal,Germany,05,12186,51.38333,9.56667,False
Fürstenfeldbruck,Germany,02,33533,48.17904,11.2547,False
Fürstenwalde,Germany,11,33539,52.36067,14.06185,False
Fürth,Germany,02,132036,49.47593,10.98856,False
Fürth,Germany,05,11181,49.65083,8.78472,False
Füssen,Germany,02,15608,47.57143,10.70171,False
Gaggenau,Germany,01,29529,48.8,8.33333,False
Gaildorf,Germany,01,12571,49.00027,9.76953,False
Gaimersheim,Germany,02,10840,48.80705,11.36801,False
Gallus,Germany,05,42012,50.10038,8.6295,False
Ganderkesee,Germany,06,31141,53.03616,8.54514,False
Gangelt,Germany,07,11484,50.99247,5.99802,False
Garbsen,Germany,06,63355,52.41371,9.5899,False
Garching,Germany,02,17656,48.24896,11.65101,False
Gardelegen,Germany,14,11868,52.5252,11.39523,False
Garmisch-Partenkirchen,Germany,02,26022,47.49209,11.09576,False
Garrel,Germany,06,12273,52.95483,8.02635,False
Gartenstadt,Germany,08,17745,49.45937,8.40377,False
Gauting,Germany,02,19216,48.06919,11.37703,False
Geeste,Germany,06,11281,52.6,7.26667,False
Geesthacht,Germany,10,29487,53.4366,10.37339,False
Gehrden,Germany,06,14955,52.31362,9.60033,False
Geilenkirchen,Germany,07,28334,50.96745,6.11763,False
Geisenheim,Germany,05,11949,49.9847,7.96835,False
Geislingen an der Steige,Germany,01,28655,48.62423,9.82736,False
Geldern,Germany,07,34013,51.51908,6.32363,False
Gelnhausen,Germany,05,21881,50.20164,9.18742,False
Gelsenkirchen,Germany,07,270028,51.50508,7.09654,False
Gemeinde Friedland,Germany,06,10568,51.41667,9.93333,False
Gemünden am Main,Germany,02,11375,50.04946,9.70593,False
Gengenbach,Germany,01,11234,48.40476,8.01433,False
Genthin,Germany,14,13416,52.40668,12.1592,False
Georgsmarienhütte,Germany,06,31244,52.20296,8.0448,False
Gera,Germany,15,104659,50.88029,12.08187,False
Geretsried,Germany,02,23364,47.85775,11.48054,False
Gerlingen,Germany,01,19050,48.79954,9.06316,False
Germering,Germany,02,40916,48.13392,11.3765,False
Germersheim,Germany,08,20972,49.2144,8.36687,False
Gernsbach,Germany,01,14649,48.77034,8.34306,False
Gernsheim,Germany,05,10685,49.75305,8.48859,False
Gerstetten,Germany,01,12086,48.62254,10.01984,False
Gersthofen,Germany,02,20254,48.42432,10.87273,False
Gescher,Germany,07,17115,51.954,7.00481,False
Geseke,Germany,07,20602,51.64091,8.5109,False
Gesundbrunnen,Germany,16,93862,52.55035,13.39139,False
Gevelsberg,Germany,07,32664,51.31971,7.3392,False
Giengen an der Brenz,Germany,01,20201,48.62219,10.24312,False
Gießen,Germany,05,89179,50.58727,8.67554,False
Gifhorn,Germany,06,43000,52.47774,10.5511,False
Gilching,Germany,02,16859,48.10755,11.2936,False
Ginsheim-Gustavsburg,Germany,05,16043,49.9711,8.34532,False
Gladbeck,Germany,07,75499,51.57077,6.98593,False
Gladenbach,Germany,05,12482,50.76847,8.58085,False
Glauchau,Germany,13,21442,50.81987,12.54493,False
Glinde,Germany,10,16210,53.54046,10.21301,False
Glückstadt,Germany,10,12121,53.78819,9.42408,False
Goch,Germany,07,33706,51.67873,6.15895,False
Gohlis,Germany,13,45924,51.366,12.367,False
Goldbach,Germany,02,10044,49.99951,9.1844,False
Gonsenheim,Germany,08,25000,50.0017,8.19653,False
Gorbitz,Germany,13,21599,51.0455,13.66108,False
Goslar,Germany,06,43560,51.90425,10.42766,False
Gotha,Germany,15,46615,50.94823,10.70193,False
Gottmadingen,Germany,01,10452,47.73511,8.77687,False
Graben-Neudorf,Germany,01,11697,49.16695,8.49243,False
Grafing bei München,Germany,02,13942,48.04596,11.96797,False
Grefrath,Germany,07,16016,51.3363,6.34072,False
Greiz,Germany,15,24147,50.65778,12.19918,False
Grenzach-Wyhlen,Germany,01,13776,47.55,7.68333,False
Greven,Germany,07,35080,52.09364,7.59396,False
Grevenbroich,Germany,07,64779,51.09102,6.5827,False
Grevesmühlen,Germany,12,10975,53.86128,11.19054,False
Griesheim,Germany,05,25287,49.86085,8.5725,False
Grimma,Germany,13,27529,51.23367,12.71959,False
Grimmen,Germany,12,10671,54.11215,13.04051,False
Gronau,Germany,07,50547,52.21099,7.02238,False
Gropiusstadt,Germany,16,37686,52.42686,13.46053,False
Groß Flottbek,Germany,04,11076,53.56538,9.87761,False
Groß-Gerau,Germany,05,23641,49.92139,8.48255,False
Groß-Umstadt,Germany,05,21245,49.86899,8.9321,False
Groß-Zimmern,Germany,05,13870,49.8741,8.82898,False
Großauheim,Germany,05,13129,50.10292,8.94835,False
Großenhain,Germany,13,18183,51.28951,13.5335,False
Großenkneten,Germany,06,13698,52.94377,8.25323,False
Großostheim,Germany,02,16346,49.91985,9.07596,False
Großräschen,Germany,11,11523,51.5876,14.01093,False
Grunewald,Germany,16,11631,52.48338,13.26586,False
Gräfelfing,Germany,02,12978,48.11878,11.42939,False
Gräfenhainichen,Germany,14,11228,51.72892,12.45651,False
Gröbenzell,Germany,02,19110,48.2,11.36667,False
Grünberg,Germany,05,14233,50.59403,8.95866,False
Grünstadt,Germany,08,14169,49.56302,8.16279,False
Grünwald,Germany,02,10836,48.03947,11.5232,False
Guben,Germany,11,21608,51.94993,14.7055,False
Gummersbach,Germany,07,53131,51.02608,7.56473,False
Gundelfingen,Germany,01,11563,48.04246,7.8657,False
Gunzenhausen,Germany,02,16477,49.11663,10.75971,False
Gärtringen,Germany,01,11760,48.64176,8.90073,False
Göppingen,Germany,01,58040,48.70354,9.65209,False
Görlitz,Germany,13,57751,51.15518,14.98853,False
Göttingen,Germany,06,122149,51.53443,9.93228,False
Günzburg,Germany,02,19737,48.45599,10.27695,False
Güstrow,Germany,12,31217,53.7972,12.17337,False
Gütersloh,Germany,07,96180,51.90693,8.37853,False
Haan,Germany,07,29431,51.19382,7.0133,False
Haar,Germany,02,17560,48.10881,11.72653,False
Hadamar,Germany,05,12131,50.44593,8.04253,False
Hagen,Germany,06,13412,52.19629,7.98041,False
Hagen,Germany,07,198972,51.36081,7.47168,False
Hagenow,Germany,12,12128,53.43203,11.19165,False
Haiger,Germany,05,20218,50.74162,8.20778,False
Haigerloch,Germany,01,10828,48.36614,8.80357,False
Hakenfelde,Germany,16,31327,52.55877,13.20831,False
Halberstadt,Germany,14,39729,51.89562,11.05622,False
Haldensleben I,Germany,14,20294,52.28906,11.40982,False
Halensee,Germany,16,12605,52.49005,13.29602,False
Halle,Germany,07,21393,52.06007,8.36083,False
Halle (Saale),Germany,14,237865,51.48158,11.97947,False
Halle-Neustadt,Germany,14,44515,51.47924,11.91605,False
Halstenbek,Germany,10,16212,53.63301,9.83945,False
Haltern am See,Germany,07,38142,51.74297,7.18163,False
Halver,Germany,07,17650,51.18612,7.49817,False
Hamburg,Germany,04,1973896,53.55073,9.99302,False
Hamburg-Mitte,Germany,04,301231,53.55,10.01667,False
Hamburg-Nord,Germany,04,315514,53.58935,9.984,False
Hambühren,Germany,06,10259,52.62959,9.97165,False
Hameln,Germany,06,58666,52.10397,9.35623,False
Hamm,Germany,04,37989,53.55487,10.05742,False
Hamm,Germany,07,178967,51.68033,7.82089,False
Hammelburg,Germany,02,12004,50.11633,9.89143,False
Hamminkeln,Germany,07,27433,51.73262,6.59031,False
Hanau am Main,Germany,05,88648,50.13423,8.91418,False
Hannover,Germany,06,515140,52.37052,9.73322,False
Hannoversch Münden,Germany,06,25073,51.41505,9.65046,False
Hansestadt Salzwedel,Germany,14,21058,52.85297,11.15287,False
Hansestadt Stade,Germany,06,45634,53.59407,9.47302,False
Harburg,Germany,04,169221,53.46057,9.98388,False
Haren,Germany,06,22545,52.79315,7.24135,False
Harpen,Germany,07,16498,51.49822,7.28831,False
Harrislee,Germany,10,11596,54.8,9.38333,False
Harsefeld,Germany,06,12350,53.4536,9.50437,False
Harsewinkel,Germany,07,24207,51.96224,8.22766,False
Harsum,Germany,06,12331,52.21045,9.96486,False
Harvestehude,Germany,04,17666,53.57825,9.98893,False
Hasbergen,Germany,06,11032,52.23754,7.96114,False
Haselhorst,Germany,16,16471,52.54409,13.23743,False
Haselünne,Germany,06,12562,52.67308,7.48675,False
Hatten,Germany,06,13499,53.05,8.38333,False
Hattersheim,Germany,05,25035,50.06906,8.48632,False
Hattingen,Germany,07,56866,51.39894,7.18557,False
Hausbruch,Germany,04,16927,53.47424,9.88289,False
Hauzenberg,Germany,02,12522,48.64957,13.62645,False
Havixbeck,Germany,07,12034,51.98333,7.41667,False
Haßfurt,Germany,02,13562,50.03521,10.5156,False
Haßloch,Germany,08,20779,49.36278,8.25806,False
Hechingen,Germany,01,19400,48.35149,8.96317,False
Heddesheim,Germany,01,11544,49.50556,8.60361,False
Heide,Germany,10,20599,54.19562,9.09742,False
Heidelberg,Germany,01,143345,49.40768,8.69079,False
Heidenau,Germany,13,16686,50.97221,13.86741,False
Heidenheim an der Brenz,Germany,01,50067,48.67798,10.15162,False
Heilbad Heiligenstadt,Germany,15,17230,51.37819,10.13744,False
Heilbronn,Germany,01,120733,49.13995,9.22054,False
Heiligenhaus,Germany,07,27700,51.32662,6.97106,False
Heiligensee,Germany,16,18099,52.61449,13.24501,False
Heinsberg,Germany,07,41505,51.06358,6.0998,False
Hellersdorf,Germany,16,84103,52.53319,13.6088,False
Helmstedt,Germany,06,25515,52.2279,11.00985,False
Hemer,Germany,07,37502,51.38707,7.77019,False
Hemmingen,Germany,06,18470,52.31425,9.72359,False
Hemsbach,Germany,01,12247,49.59075,8.64779,False
Hennef (Sieg),Germany,07,48002,50.77555,7.28308,False
Hennigsdorf,Germany,11,26122,52.63598,13.20419,False
Heppenheim an der Bergstrasse,Germany,05,25442,49.64145,8.63206,False
Herborn,Germany,05,20473,50.68135,8.30369,False
Herbrechtingen,Germany,01,13110,48.62173,10.176,False
Herdecke,Germany,07,25618,51.39999,7.43584,False
Herford,Germany,07,64879,52.11457,8.67343,False
Hermsdorf,Germany,16,16726,52.61421,13.30587,False
Herne,Germany,07,172108,51.5388,7.22572,False
Herrenberg,Germany,01,34192,48.59523,8.86648,False
Herrsching am Ammersee,Germany,02,10000,47.99888,11.17679,False
Hersbruck,Germany,02,12404,49.51083,11.43151,False
Herten,Germany,07,65306,51.59638,7.14387,False
Herxheim am Berg,Germany,08,10424,49.50917,8.17917,False
Herzberg,Germany,11,11033,51.68692,13.22016,False
Herzberg am Harz,Germany,06,12792,51.65546,10.33938,False
Herzogenaurach,Germany,02,24237,49.56798,10.88565,False
Herzogenrath,Germany,07,47381,50.86874,6.09317,False
Hessisch Lichtenau,Germany,05,13291,51.19954,9.71857,False
Hessisch Oldendorf,Germany,06,20129,52.17269,9.24913,False
Hettstedt,Germany,14,15949,51.6503,11.51146,False
Heubach,Germany,01,10167,48.79267,9.9337,False
Heusenstamm,Germany,05,19012,50.05553,8.80076,False
Heusweiler,Germany,09,20006,49.33632,6.93036,False
Hiddenhausen,Germany,07,20771,52.16667,8.61667,False
Hilchenbach,Germany,07,16467,50.99687,8.11062,False
Hildburghausen,Germany,15,11632,50.42553,10.73184,False
Hilden,Germany,07,56565,51.16818,6.93093,False
Hildesheim,Germany,06,103052,52.15077,9.95112,False
Hille,Germany,07,16567,52.33333,8.75,False
Hilpoltstein,Germany,02,13069,49.19047,11.1906,False
Hilter,Germany,06,10173,52.13573,8.14715,False
Hirschaid,Germany,02,11508,49.81789,10.98918,False
Hochfeld,Germany,07,16292,51.41943,6.75462,False
Hochheim am Main,Germany,05,17027,50.01436,8.35218,False
Hockenheim,Germany,01,20614,49.32334,8.55194,False
Hof,Germany,02,49239,50.31297,11.91261,False
Hofgeismar,Germany,05,16444,51.49607,9.385,False
Hofheim am Taunus,Germany,05,37750,50.09019,8.4493,False
Hoheluft-Ost,Germany,04,23116,53.58399,9.97585,False
Hoheluft-West,Germany,04,13435,53.58067,9.96704,False
Hohen Neuendorf,Germany,11,21893,52.67631,13.27775,False
Hohenstein-Ernstthal,Germany,13,16542,50.80064,12.71287,False
Holzgerlingen,Germany,01,11613,48.63969,9.01149,False
Holzkirchen,Germany,02,16770,47.87663,11.70181,False
Holzminden,Germany,06,20998,51.82798,9.4455,False
Holzwickede,Germany,07,17821,51.5,7.63333,False
Homberg,Germany,05,14903,51.02994,9.40261,False
Hombruch,Germany,07,11845,51.4731,7.44132,False
Homburg,Germany,09,44607,49.32637,7.33867,False
Horb am Neckar,Germany,01,25651,48.44423,8.6913,False
Horn,Germany,04,37903,53.55406,10.08989,False
Hoyerswerda,Germany,13,30759,51.43787,14.23549,False
Huckarde,Germany,07,16825,51.53213,7.41508,False
Hude,Germany,06,15567,53.10662,8.46784,False
Humboldtkolonie,Germany,07,15108,50.93182,6.99469,False
Hummelsbüttel,Germany,04,17365,53.64773,10.04149,False
Husum,Germany,10,20841,54.4858,9.05239,False
Höchst im Odenwald,Germany,05,10209,49.79972,8.99944,False
Höchstadt an der Aisch,Germany,02,13867,49.70617,10.81329,False
Höhenberg,Germany,07,12133,50.941,7.027,False
Hörde,Germany,07,27660,51.48371,7.5003,False
Hörstel,Germany,07,19894,52.29763,7.58382,False
Hösbach,Germany,02,13203,50.00646,9.20765,False
Hövelhof,Germany,07,15962,51.81667,8.65,False
Höxter,Germany,07,32713,51.77501,9.38155,False
Hückelhoven,Germany,07,39828,51.0555,6.22658,False
Hückeswagen,Germany,07,16369,51.14979,7.34471,False
Hüllhorst,Germany,07,13776,52.275,8.669,False
Hünfeld,Germany,05,16323,50.67966,9.76727,False
Hünxe,Germany,07,13732,51.63405,6.69741,False
Hürth,Germany,07,54678,50.87079,6.86761,False
Ibbenbueren,Germany,07,50577,52.27964,7.71457,False
Idar-Oberstein,Germany,08,29158,49.71443,7.30776,False
Idstein,Germany,05,25736,50.21773,8.26679,False
Illertissen,Germany,02,16522,48.22336,10.10347,False
Illingen,Germany,09,18488,49.37362,7.04758,False
Ilmenau,Germany,15,38834,50.68322,10.91858,False
Ilsede,Germany,06,12241,52.2634,10.19922,False
Immenstadt im Allgäu,Germany,02,14431,47.55996,10.21394,False
Ingelheim am Rhein,Germany,08,24998,49.97078,8.05883,False
Ingolstadt,Germany,02,120658,48.76508,11.42372,False
Iserlohn,Germany,07,91811,51.37547,7.70281,False
Isernhagen Farster Bauerschaft,Germany,06,22601,52.47093,9.84179,False
Ismaning,Germany,02,14596,48.23333,11.68333,False
Isny,Germany,01,14424,47.6926,10.03857,False
Isselburg,Germany,07,11239,51.83232,6.46428,False
Itzehoe,Germany,10,33047,53.92099,9.51529,False
Jena,Germany,15,104712,50.92878,11.5899,False
Jessen,Germany,14,11065,51.79337,12.95762,False
Jever,Germany,06,13937,53.57343,7.90039,False
Johannisthal,Germany,16,19960,52.44653,13.5066,False
Jork,Germany,06,12014,53.53198,9.68076,False
Jüchen,Germany,07,22562,51.1,6.5,False
Jülich,Germany,07,33911,50.92149,6.36267,False
Jüterbog,Germany,11,13292,51.99607,13.07979,False
Kaarst,Germany,07,42112,51.22929,6.61883,False
Kaiserslautern,Germany,08,98732,49.443,7.77161,False
Kaldenkirchen,Germany,07,10090,51.32035,6.1983,False
Kalk,Germany,07,22802,50.94013,7.00605,False
Kalkar,Germany,07,14513,51.73907,6.29101,False
Kall,Germany,07,11903,50.54223,6.56297,False
Kaltenkirchen,Germany,10,19747,53.83244,9.96042,False
Kamen,Germany,07,45927,51.59231,7.6638,False
Kamenz,Germany,13,16918,51.26798,14.09374,False
Kamp-Lintfort,Germany,07,39490,51.50467,6.54587,False
Kapellen,Germany,07,22711,51.57132,6.36729,False
Karben,Germany,05,21642,50.23019,8.77155,False
Karlsfeld,Germany,02,17920,48.22697,11.47573,False
Karlshorst,Germany,16,28206,52.48419,13.53185,False
Karlsruhe,Germany,01,283799,49.00937,8.40444,False
Karlstadt,Germany,02,15272,49.96034,9.77239,False
Karow,Germany,16,18817,52.60904,13.48117,False
Kassel,Germany,05,197230,51.31667,9.5,False
Kastel,Germany,05,13353,50.00994,8.28291,False
Kaufbeuren,Germany,02,42505,47.88238,10.62192,False
Kaufungen,Germany,05,12683,51.28111,9.61861,False
Kaulsdorf,Germany,16,19408,52.51732,13.58871,False
Kehl,Germany,01,39584,48.57297,7.81523,False
Kelheim,Germany,02,15723,48.91725,11.88618,False
Kelkheim,Germany,05,28175,50.13703,8.4502,False
Kelsterbach,Germany,05,13836,50.06135,8.52916,False
Kempen,Germany,07,34105,51.36432,6.41858,False
Kempten (Allgäu),Germany,02,61399,47.72674,10.31389,False
Kerpen,Germany,07,64226,50.86991,6.69691,False
Kessenich,Germany,07,13031,50.71244,7.1113,False
Ketsch,Germany,01,13124,49.36778,8.53111,False
Kevelaer,Germany,07,28064,51.58243,6.24603,False
Kiel,Germany,10,252668,54.32133,10.13489,False
Kierspe,Germany,07,18188,51.13403,7.59075,False
Kirchhain,Germany,05,16381,50.8272,8.92806,False
Kirchheim bei München,Germany,02,12135,48.17656,11.75563,False
Kirchheim unter Teck,Germany,01,40206,48.64683,9.45378,False
Kirchhundem,Germany,07,12966,51.08556,8.08893,False
Kirchlengern,Germany,07,16338,52.2,8.63333,False
Kirchlinde,Germany,07,11170,51.52647,7.36669,False
Kirchlinteln,Germany,06,10487,52.94236,9.31811,False
Kirchrode,Germany,06,12127,52.35988,9.83036,False
Kirchwerder,Germany,04,10218,53.41972,10.20156,False
Kirkel,Germany,09,10330,49.28333,7.23333,False
Kissing,Germany,02,11150,48.30375,10.97088,False
Kitzingen,Germany,02,21387,49.73973,10.15072,False
Kladow,Germany,16,16368,52.45423,13.14445,False
Klarenthal,Germany,05,10704,50.08826,8.202,False
Kleefeld,Germany,06,12718,52.37429,9.79071,False
Kleinblittersdorf,Germany,09,12948,49.1578,7.03734,False
Kleinmachnow,Germany,11,17892,52.40786,13.22514,False
Kleinzschocher,Germany,13,11031,51.31568,12.31979,False
Kleve,Germany,07,49072,51.78826,6.13865,False
Klingenstein,Germany,01,15643,48.41849,9.90812,False
Klotzsche,Germany,13,21064,51.11053,13.76862,False
Koblenz,Germany,08,107319,50.35357,7.57883,False
Kolbermoor,Germany,02,17941,47.84965,12.06696,False
Kolkwitz,Germany,11,10225,51.75,14.25,False
Konstanz,Germany,01,81275,47.66033,9.17582,False
Konz,Germany,08,18539,49.70045,6.57652,False
Korb,Germany,01,10459,48.84303,9.36258,False
Korbach,Germany,05,24481,51.27561,8.873,False
Korntal,Germany,01,18081,48.83218,9.1214,False
Kornwestheim,Germany,01,33980,48.86158,9.18569,False
Korschenbroich,Germany,07,33406,51.19139,6.51352,False
Kraichtal,Germany,01,14416,49.14623,8.73276,False
Kranichstein,Germany,05,12043,49.90474,8.68084,False
Krefeld,Germany,07,237984,51.33645,6.55381,False
Kreuzberg,Germany,16,153135,52.49973,13.40338,False
Kreuztal,Germany,07,31772,50.96775,7.98848,False
Kriftel,Germany,05,10633,50.08408,8.46977,False
Kronach,Germany,02,18248,50.23963,11.33308,False
Kronberg,Germany,05,17730,50.181,8.513,False
Kronberg Tal,Germany,05,17550,50.17929,8.5037,False
Kronshagen,Germany,10,11856,54.33734,10.08214,False
Krumbach,Germany,02,12805,48.24182,10.3632,False
Kröpeliner-Tor-Vorstadt,Germany,12,19542,54.08849,12.11539,False
Kulmbach,Germany,02,27565,50.10068,11.45032,False
Kyritz,Germany,11,10274,52.94212,12.39704,False
Köln,Germany,07,1024621,50.93333,6.95,False
Königs Wusterhausen,Germany,11,32513,52.30141,13.633,False
Königsbrunn,Germany,02,27879,48.27506,10.89178,False
Königslutter am Elm,Germany,06,16419,52.25116,10.81683,False
Königstein im Taunus,Germany,05,15661,50.17943,8.47132,False
Königstädten,Germany,05,10200,49.96278,8.44972,False
Königswinter,Germany,07,41164,50.67734,7.19245,False
Köpenick,Germany,16,67148,52.4455,13.57455,False
Köthen,Germany,14,28710,51.75185,11.97093,False
Kümmersbruck,Germany,02,10365,49.41917,11.88833,False
Künzell,Germany,05,16124,50.5442,9.71792,False
Künzelsau,Germany,01,15070,49.2818,9.68352,False
Kürten,Germany,07,20103,51.05,7.26667,False
Laatzen,Germany,06,41838,52.31506,9.79739,False
Ladenburg,Germany,01,11479,49.47307,8.60896,False
Lage,Germany,07,35054,51.99223,8.79301,False
Lahnstein,Germany,08,18749,50.3,7.61667,False
Lahr,Germany,01,50775,48.34042,7.86886,False
Laichingen,Germany,01,10853,48.48939,9.68612,False
Lampertheim,Germany,05,32400,49.59786,8.4725,False
Landau an der Isar,Germany,02,14801,48.67249,12.69316,False
Landau in der Pfalz,Germany,08,41612,49.19844,8.11692,False
Landsberg am Lech,Germany,02,27017,48.04819,10.88282,False
Landshut,Germany,02,71863,48.52961,12.16179,False
Langelsheim,Germany,06,13169,51.93789,10.33264,False
Langen,Germany,06,18863,53.60554,8.59509,False
Langen,Germany,05,38785,49.98955,8.66852,False
Langenau,Germany,01,14175,48.49616,10.11849,False
Langendreer,Germany,07,32047,51.46023,7.32584,False
Langenfeld,Germany,07,59112,51.10821,6.94831,False
Langenhagen,Germany,06,50439,52.44758,9.73741,False
Langenhorn,Germany,04,46272,53.66667,10.01667,False
Langenselbold,Germany,05,12660,50.17657,9.04003,False
Langenzenn,Germany,02,10629,49.49463,10.7923,False
Langerwehe,Germany,07,14027,50.81667,6.35,False
Langgöns,Germany,05,12283,50.5,8.66667,False
Langwedel,Germany,06,14755,52.97908,9.18433,False
Lankow,Germany,12,10756,53.64983,11.36913,False
Lankwitz,Germany,16,43558,52.43623,13.3459,False
Lappersdorf,Germany,02,12744,49.04694,12.0913,False
Laubach,Germany,05,10205,50.54196,8.99034,False
Lauchhammer,Germany,11,18990,51.48813,13.76623,False
Lauda-Königshofen,Germany,01,15278,49.56526,9.70816,False
Lauenburg,Germany,10,11814,53.37199,10.55654,False
Lauf an der Pegnitz,Germany,02,26403,49.51386,11.28247,False
Lauffen am Neckar,Germany,01,11068,49.0734,9.14567,False
Lauingen,Germany,02,11510,48.56775,10.42706,False
Laupheim,Germany,01,19012,48.22786,9.87874,False
Lauterbach,Germany,05,14487,50.63558,9.39777,False
Lebach,Germany,09,19468,49.41122,6.90988,False
Leer,Germany,06,33886,53.23157,7.461,False
Lehre,Germany,06,11777,52.32793,10.66899,False
Lehrte,Germany,06,43920,52.37193,9.97919,False
Leichlingen,Germany,07,28078,51.10628,7.01873,False
Leimen,Germany,01,27142,49.34737,8.68733,False
Leinefelde-Worbis,Germany,15,13740,51.38796,10.3262,False
Leinfelden-Echterdingen,Germany,01,41185,48.69406,9.16809,False
Leingarten,Germany,01,10579,49.14639,9.11694,False
Leipzig,Germany,13,504971,51.33962,12.37129,False
Lemgo,Germany,07,41943,52.02786,8.89901,False
Lengede,Germany,06,12993,52.20487,10.30775,False
Lengerich,Germany,07,22697,52.18661,7.86043,False
Lennestadt,Germany,07,28102,51.11721,8.06707,False
Leonberg,Germany,01,49480,48.8,9.01667,False
Leopoldshöhe,Germany,07,16219,52.01246,8.69834,False
Leuben,Germany,13,38353,51.01122,13.82029,False
Leutenbach,Germany,01,10717,48.88791,9.39267,False
Leutkirch,Germany,01,22362,47.82672,10.0205,False
Leverkusen,Germany,07,162738,51.0303,6.98432,False
Lich,Germany,05,13534,50.52085,8.81567,False
Lichtenau,Germany,07,11268,51.61707,8.89665,False
Lichtenberg,Germany,16,41359,52.51395,13.49975,False
Lichtenfels,Germany,02,21336,50.14567,11.05928,False
Lichtenrade,Germany,16,52110,52.39844,13.40637,False
Lichtenstein,Germany,13,10875,50.75659,12.63025,False
Lichterfelde,Germany,16,85885,52.4333,13.30762,False
Lilienthal,Germany,06,18293,53.14193,8.90338,False
Limbach-Oberfrohna,Germany,13,23673,50.85882,12.76165,False
Limburg an der Lahn,Germany,05,33820,50.3836,8.0503,False
Limburgerhof,Germany,08,10753,49.42444,8.39194,False
Lindau,Germany,02,24518,47.54612,9.68431,False
Linden,Germany,06,38284,52.36449,9.71157,False
Linden-Mitte,Germany,06,12183,52.3661,9.70072,False
Linden-Nord,Germany,06,16141,52.37204,9.70676,False
Lindenberg,Germany,02,11587,47.60284,9.88549,False
Lindlar,Germany,07,21665,51.01959,7.37758,False
Lingen,Germany,06,51310,52.52269,7.32555,False
Linkenheim-Hochstetten,Germany,01,11599,49.13197,8.41244,False
Linnich,Germany,07,13827,50.98002,6.27049,False
Lippstadt,Germany,07,67219,51.67369,8.34482,False
Lohfelden,Germany,05,13825,51.26667,9.53333,False
Lohmar,Germany,07,31339,50.83868,7.21399,False
Lohne,Germany,06,28089,52.66561,8.23826,False
Lohr am Main,Germany,02,16127,49.98922,9.57223,False
Lollar,Germany,05,10143,50.64652,8.70495,False
Lorch,Germany,01,11418,48.79833,9.6914,False
Lorsch,Germany,05,12744,49.65,8.56667,False
Loschwitz,Germany,13,20696,51.05386,13.81393,False
Losheim,Germany,09,16660,49.5099,6.74549,False
Lotte,Germany,07,13580,52.28333,7.91667,False
Loxstedt,Germany,06,16382,53.47095,8.64584,False
Lubin,Germany,11,14713,51.93814,13.88826,False
Lubnjow,Germany,11,15778,51.86217,13.95168,False
Luckau,Germany,11,10471,51.85245,13.70735,False
Luckenwalde,Germany,11,21616,52.09029,13.16772,False
Ludwigsburg,Germany,01,87603,48.89731,9.19161,False
Ludwigsfelde,Germany,11,24164,52.30322,13.25405,False
Ludwigshafen am Rhein,Germany,08,163196,49.48121,8.44641,False
Ludwigslust,Germany,12,12112,53.32451,11.49714,False
Lurup,Germany,04,36521,53.59266,9.87697,False
Lusan,Germany,15,21507,50.84372,12.06517,False
Löbau,Germany,13,18374,51.09954,14.66738,False
Löbtau,Germany,13,21205,51.04358,13.69444,False
Löhne,Germany,07,39521,52.18848,8.6922,False
Löningen,Germany,06,13096,52.73644,7.75741,False
Lörrach,Germany,01,47002,47.61497,7.66457,False
Lößnitz,Germany,13,10433,50.62181,12.73147,False
Lübbecke,Germany,07,26815,52.30699,8.61423,False
Lübeck,Germany,10,212207,53.86893,10.68729,False
Lüdenscheid,Germany,07,79386,51.21977,7.6273,False
Lüdinghausen,Germany,07,24094,51.7683,7.44379,False
Lügde,Germany,07,11290,51.95828,9.24706,False
Lüneburg,Germany,06,71260,53.25122,10.41548,False
Lünen,Germany,07,91009,51.61634,7.52872,False
Lütgendortmund,Germany,07,23065,51.49885,7.34806,False
Magdeburg,Germany,14,244329,52.13129,11.63189,False
Mahlow,Germany,11,13828,52.36017,13.40954,False
Mahlsdorf,Germany,16,29757,52.50935,13.61373,False
Mainburg,Germany,02,13959,48.64182,11.78093,False
Maintal,Germany,05,38987,50.15,8.83333,False
Mainz,Germany,08,222889,49.98185,8.28008,False
Maisach,Germany,02,12507,48.21667,11.26667,False
Malente,Germany,10,10817,54.17226,10.55968,False
Malsch,Germany,01,14243,48.88333,8.33333,False
Manching,Germany,02,11239,48.71656,11.49393,False
Mannheim,Germany,01,307960,49.4891,8.46694,False
Marbach am Neckar,Germany,01,15604,48.93964,9.25995,False
Marburg an der Lahn,Germany,05,78895,50.80904,8.77069,False
Marienberg,Germany,13,16716,50.65051,13.16122,False
Mariendorf,Germany,16,52734,52.4378,13.38109,False
Marienfelde,Germany,16,32270,52.41868,13.36723,False
Marienheide,Germany,07,13759,51.08317,7.53087,False
Marienthal,Germany,04,287101,53.56667,10.08333,False
Markdorf,Germany,01,12486,47.71916,9.39028,False
Markgröningen,Germany,01,14414,48.90493,9.08059,False
Markkleeberg,Germany,13,25331,51.2755,12.36906,False
Markranstädt,Germany,13,13053,51.30146,12.2202,False
Markt Schwaben,Germany,02,10857,48.18949,11.8691,False
Marktheidenfeld,Germany,02,11024,49.8454,9.60359,False
Marktoberdorf,Germany,02,18505,47.77964,10.61713,False
Marktredwitz,Germany,02,18204,50.00443,12.08593,False
Marl,Germany,07,91398,51.65671,7.09038,False
Marpingen,Germany,09,11358,49.45228,7.0582,False
Marsberg,Germany,07,21914,51.46171,8.84949,False
Marzahn,Germany,16,111508,52.54525,13.56983,False
Maxhütte-Haidhof,Germany,02,10674,49.19963,12.09229,False
Mayen,Germany,08,19414,50.32797,7.22277,False
Mechernich,Germany,07,27537,50.59304,6.65224,False
Meckenbeuren,Germany,01,13183,47.7,9.56667,False
Meckenheim,Germany,07,25515,50.62388,7.02942,False
Meerane,Germany,13,17325,50.84688,12.46473,False
Meerbusch,Germany,07,54826,51.25268,6.68807,False
Meiderich,Germany,07,45297,51.46667,6.76667,False
Meinerzhagen,Germany,07,21982,51.1074,7.64838,False
Meiningen,Germany,15,21580,50.56787,10.41521,False
Meissen,Germany,13,28492,51.16158,13.4737,False
Meitingen,Germany,02,11201,48.54586,10.85179,False
Melle,Germany,06,46436,52.20197,8.33826,False
Melsungen,Germany,05,14004,51.13029,9.55236,False
Memmingen,Germany,02,44192,47.98372,10.18527,False
Menden,Germany,07,52452,51.44337,7.77825,False
Mengede,Germany,07,12470,51.57246,7.38392,False
Mengen,Germany,01,10205,48.04951,9.33005,False
Mengenich,Germany,07,10350,50.9785,6.86737,False
Meppen,Germany,06,34198,52.69064,7.29097,False
Merchweiler,Germany,09,10863,49.35,7.05,False
Mering,Germany,02,12820,48.2656,10.98461,False
Merseburg,Germany,14,34780,51.35478,11.98923,False
Merzig,Germany,09,31118,49.44331,6.63874,False
Meschede,Germany,07,32224,51.3502,8.28332,False
Mettingen,Germany,07,12532,52.31667,7.78333,False
Mettmann,Germany,07,39550,51.2504,6.97536,False
Metzingen,Germany,01,22112,48.53695,9.2833,False
Meuselwitz,Germany,15,10148,51.04315,12.29935,False
Meßstetten,Germany,01,11132,48.18317,8.96565,False
Michelstadt,Germany,05,17279,49.67569,9.00373,False
Michendorf,Germany,11,10743,52.31352,13.02996,False
Mickten,Germany,13,13389,51.08271,13.70871,False
Miesbach,Germany,02,11354,47.78903,11.83382,False
Mindelheim,Germany,02,14122,48.04578,10.49222,False
Minden,Germany,07,82879,52.28953,8.91455,False
Misburg,Germany,06,26114,52.39006,9.85199,False
Misburg-Nord,Germany,06,23369,52.39681,9.86027,False
Mitte,Germany,06,10687,52.37458,9.73796,False
Mitte,Germany,16,102338,52.52003,13.40489,False
Mittegroßefehn,Germany,06,13314,53.39049,7.56052,False
Mittweida,Germany,13,16619,50.98622,12.97537,False
Moabit,Germany,16,81021,52.52635,13.33903,False
Moers,Germany,07,103487,51.45342,6.6326,False
Monheim am Rhein,Germany,07,43038,51.09162,6.89217,False
Monschau,Germany,07,12945,50.55462,6.24001,False
Montabaur,Germany,08,12345,50.43588,7.8232,False
Moosburg,Germany,02,17363,48.47089,11.93811,False
Morbach,Germany,08,11149,49.80772,7.12714,False
Morsbach,Germany,07,11630,50.86665,7.72787,False
Mosbach,Germany,01,25106,49.35357,9.15106,False
Much,Germany,07,15231,50.90383,7.40306,False
Munich,Germany,02,1505005,48.13743,11.57549,False
Munster,Germany,06,17746,52.98538,10.08993,False
Murnau am Staffelsee,Germany,02,11958,47.68085,11.20125,False
Murrhardt,Germany,01,14331,48.98191,9.57047,False
Mutterstadt,Germany,08,12383,49.44139,8.35611,False
Märkisches Viertel,Germany,16,40119,52.59841,13.35766,False
Möglingen,Germany,01,10405,48.88741,9.12694,False
Möhnesee,Germany,07,11559,51.5,8.13333,False
Mölln,Germany,10,18469,53.62072,10.68748,False
Mömbris,Germany,02,12287,50.06921,9.16371,False
Mönchengladbach,Germany,07,261742,51.18539,6.44172,False
Mörfelden-Walldorf,Germany,05,32753,49.99472,8.58361,False
Mörlenbach,Germany,05,10568,49.59917,8.73472,False
Mössingen,Germany,01,20010,48.40567,9.05419,False
Mühlacker,Germany,01,26787,48.94754,8.83675,False
Mühldorf,Germany,02,17622,48.2467,12.52155,False
Mühlhausen,Germany,15,38108,51.20896,10.45275,False
Mühlheim am Main,Germany,05,28534,50.11667,8.83333,False
Mülheim,Germany,07,41711,50.96639,7.00384,False
Mülheim,Germany,07,173050,51.43218,6.87967,False
Mülheim-Kärlich,Germany,08,10451,50.3851,7.4989,False
Müllheim,Germany,01,18097,47.8082,7.63035,False
Mülsen,Germany,13,12489,50.75,12.56667,False
Münchberg,Germany,02,11557,50.18952,11.78823,False
Münsingen,Germany,01,14479,48.41126,9.49704,False
Münster,Germany,07,308258,51.96236,7.62571,False
Münster,Germany,05,14018,49.92278,8.86778,False
Nagold,Germany,01,22912,48.5498,8.72366,False
Nauen,Germany,11,16600,52.60701,12.87374,False
Nauheim,Germany,05,10500,49.95083,8.46333,False
Naumburg,Germany,14,29722,51.14987,11.80979,False
Neckargemünd,Germany,01,14335,49.38899,8.7959,False
Neckarsulm,Germany,01,26431,49.18912,9.22527,False
Neheim,Germany,07,23000,51.45047,7.97026,False
Netphen,Germany,07,25163,50.91667,8.1,False
Nettetal,Germany,07,42417,51.31667,6.28333,False
Neu Wulmstorf,Germany,06,20150,53.46625,9.79206,False
Neu-Anspach,Germany,05,15276,50.31667,8.5,False
Neu-Hohenschönhausen,Germany,16,56921,52.56681,13.51255,False
Neu-Isenburg,Germany,05,35293,50.04832,8.69406,False
Neu-Ulm,Germany,02,51389,48.39279,10.01112,False
Neubiberg,Germany,02,12717,48.0771,11.65812,False
Neubrandenburg,Germany,12,68082,53.55735,13.26105,False
Neubrück,Germany,07,51109,51.13434,6.63857,False
Neuburg an der Donau,Germany,02,28370,48.73218,11.18709,False
Neue Neustadt,Germany,14,226851,52.15,11.63333,False
Neuehrenfeld,Germany,07,23621,50.95753,6.93611,False
Neuenburg am Rhein,Germany,01,11682,47.81431,7.56005,False
Neuenhagen,Germany,11,16170,52.52985,13.68914,False
Neuenhaus,Germany,06,10732,52.49734,6.96664,False
Neuenkirchen,Germany,07,13953,52.24472,7.37183,False
Neuenrade,Germany,07,12602,51.28278,7.7825,False
Neufahrn bei Freising,Germany,02,18255,48.31588,11.66316,False
Neugraben-Fischbek,Germany,04,32054,53.46579,9.84344,False
Neuhausen auf den Fildern,Germany,01,11462,48.68333,9.28333,False
Neuhof,Germany,05,11422,50.45313,9.6175,False
Neukirchen-Vluyn,Germany,07,28110,51.44665,6.55194,False
Neukölln,Germany,16,164636,52.47719,13.43126,False
Neumarkt in der Oberpfalz,Germany,02,39557,49.28028,11.46278,False
Neumünster,Germany,10,80196,54.07399,9.98456,False
Neunkirchen,Germany,09,49843,49.34449,7.18045,False
Neunkirchen,Germany,07,14225,50.8,8.0,False
Neuruppin,Germany,11,31901,52.92815,12.80311,False
Neuss,Germany,07,152457,51.19807,6.68504,False
Neustadt,Germany,04,12689,53.55196,9.98558,False
Neustadt am Rübenberge,Germany,06,44668,52.50462,9.45871,False
Neustadt an der Aisch,Germany,02,12448,49.57953,10.61126,False
Neustadt an der Donau,Germany,02,14778,48.80705,11.76952,False
Neustadt an der Weinstraße,Germany,08,53984,49.35009,8.13886,False
Neustadt bei Coburg,Germany,02,14824,50.32975,11.12058,False
Neustadt in Holstein,Germany,10,15930,54.10707,10.8145,False
Neustadt in Sachsen,Germany,13,11810,51.02844,14.21785,False
Neustadt/Nord,Germany,07,28146,50.949,6.9479,False
Neustadt/Süd,Germany,07,37939,50.92509,6.94762,False
Neustrelitz,Germany,12,22291,53.36024,13.07261,False
Neusäß,Germany,02,22904,48.39249,10.83333,False
Neutraubling,Germany,02,12620,48.98737,12.201,False
Neuwied,Germany,08,66805,50.4336,7.47057,False
Nidda,Germany,05,18241,50.4133,9.00638,False
Nidderau,Germany,05,20119,50.23805,8.86704,False
Nideggen,Germany,07,10727,50.69268,6.48437,False
Nieder-Ingelheim,Germany,08,24596,49.97756,8.07246,False
Niederkassel,Germany,07,36480,50.81503,7.03777,False
Niederkrüchten,Germany,07,15487,51.2,6.21667,False
Niedernhausen,Germany,05,14494,50.16307,8.31338,False
Niederrad,Germany,05,27043,50.08309,8.62852,False
Niederschöneweide,Germany,16,13004,52.45564,13.51554,False
Niederschönhausen,Germany,16,32037,52.58483,13.40272,False
Niederzier,Germany,07,14363,50.88333,6.46667,False
Niefern-Öschelbronn,Germany,01,12341,48.91667,8.78333,False
Nienburg,Germany,06,32629,52.64437,9.21658,False
Niendorf,Germany,04,40906,53.61769,9.95032,False
Niesky,Germany,13,11111,51.29241,14.82107,False
Nikolassee,Germany,16,11642,52.4227,13.18508,False
Nippes,Germany,07,113487,50.96545,6.95314,False
Nohfelden,Germany,09,10687,49.58693,7.14283,False
Norden,Germany,06,24767,53.59549,7.20615,False
Nordenham,Germany,06,25889,53.50098,8.48965,False
Norderstedt,Germany,10,82844,53.70177,9.99328,False
Nordhausen,Germany,15,43912,51.5018,10.7957,False
Nordhorn,Germany,06,52803,52.43081,7.06833,False
Nordkirchen,Germany,07,10231,51.73827,7.52197,False
Nordstadt,Germany,06,17429,52.38561,9.71586,False
Nordstemmen,Germany,06,13148,52.16196,9.7835,False
Northeim,Germany,06,30894,51.70662,9.99997,False
Nottuln,Germany,07,20427,51.93333,7.35,False
Nuremberg,Germany,02,515543,49.45421,11.07752,False
Nußloch,Germany,01,10815,49.32389,8.69556,False
Nördlingen,Germany,02,20352,48.85122,10.48868,False
Nörvenich,Germany,07,11481,50.80604,6.63952,False
Nümbrecht,Germany,07,17427,50.90427,7.54063,False
Nürtingen,Germany,01,40210,48.62565,9.34203,False
Ober-Ramstadt,Germany,05,15367,49.83078,8.74887,False
Oberasbach,Germany,02,17306,49.42275,10.95766,False
Oberderdingen,Germany,01,10515,49.06556,8.80306,False
Oberhaching,Germany,02,12470,48.02455,11.59744,False
Oberhausen,Germany,07,219176,51.47805,6.8625,False
Oberkirch,Germany,01,20375,48.53241,8.07864,False
Oberndorf,Germany,01,14740,48.2905,8.57221,False
Obernkirchen,Germany,06,10120,52.2721,9.12912,False
Oberricklingen,Germany,06,10610,52.33864,9.70922,False
Oberschleißheim,Germany,02,11290,48.25,11.56667,False
Oberschöneweide,Germany,16,23638,52.46106,13.52108,False
Obertshausen,Germany,05,25316,50.07139,8.85123,False
Oberursel,Germany,05,46736,50.20731,8.57747,False
Oberzent,Germany,05,10153,49.56773,8.97371,False
Ochsenfurt,Germany,02,11492,49.66429,10.06227,False
Ochtrup,Germany,07,19441,52.20802,7.18988,False
Odenthal,Germany,07,15619,51.03333,7.11667,False
Oelde,Germany,07,29297,51.8289,8.14724,False
Oelsnitz,Germany,13,12686,50.4147,12.1695,False
Oelsnitz,Germany,13,12268,50.72584,12.701,False
Oer-Erkenschwick,Germany,07,30409,51.64198,7.26451,False
Oerlinghausen,Germany,07,17403,51.95453,8.6622,False
Offenbach,Germany,05,119192,50.10061,8.76647,False
Offenburg,Germany,01,59238,48.47377,7.94495,False
Oftersheim,Germany,01,10100,49.36528,8.58306,False
Ohligs,Germany,07,43063,51.15,7.0,False
Ohlsdorf,Germany,04,14942,53.62594,10.03145,False
Olbernhau,Germany,13,11162,50.6587,13.3425,False
Olching,Germany,02,23978,48.2,11.33333,False
Oldenburg,Germany,06,159218,53.14039,8.21479,False
Olfen,Germany,07,12133,51.70787,7.37893,False
Olpe,Germany,07,25686,51.02899,7.85139,False
Olsberg,Germany,07,15814,51.35613,8.48899,False
Opladen,Germany,07,23000,51.06863,7.00387,False
Oppum,Germany,07,12906,51.32244,6.61518,False
Oranienburg,Germany,11,40793,52.75577,13.24197,False
Oschatz,Germany,13,16000,51.30001,13.10984,False
Oschersleben,Germany,14,18859,52.03039,11.22898,False
Osdorf,Germany,04,26420,53.57982,9.85826,False
Osnabrück,Germany,06,166462,52.27264,8.0498,False
Ossendorf,Germany,07,10596,50.97059,6.90628,False
Ostbevern,Germany,07,10644,52.04018,7.84229,False
Osterhofen,Germany,02,11870,48.7,13.02221,False
Osterholz-Scharmbeck,Germany,06,31405,53.22659,8.7923,False
Ostfildern,Germany,01,33598,48.72704,9.24954,False
Ostheim,Germany,07,11689,50.93117,7.04412,False
Ostrhauderfehn,Germany,06,10699,53.13863,7.61938,False
Oststadt,Germany,06,14011,52.38154,9.74883,False
Othmarschen,Germany,04,16009,53.55173,9.88632,False
Ottendorf-Okrilla,Germany,13,10093,51.18333,13.83333,False
Ottensen,Germany,04,35136,53.55686,9.91835,False
Ottersberg,Germany,06,12205,53.10901,9.14648,False
Ottobrunn bei München,Germany,02,19204,48.06489,11.66327,False
Ottweiler,Germany,09,14255,49.40133,7.16424,False
Overath,Germany,07,27203,50.93275,7.28389,False
Oyten,Germany,06,15286,53.05498,9.01995,False
Paderborn,Germany,07,142161,51.71905,8.75439,False
Pankow,Germany,16,65375,52.56926,13.40186,False
Papenburg,Germany,06,34117,53.07769,7.41516,False
Parchim,Germany,12,19161,53.42631,11.84875,False
Pasewalk,Germany,12,12120,53.50627,13.98997,False
Pasing,Germany,02,35728,48.14146,11.45599,False
Passau,Germany,02,50560,48.5665,13.43122,False
Pattensen,Germany,06,13883,52.26448,9.76436,False
Pegnitz,Germany,02,14279,49.75216,11.54187,False
Peine,Germany,06,49953,52.31928,10.2352,False
Peiting,Germany,02,12106,47.79549,10.92951,False
Peißenberg,Germany,02,13148,47.80466,11.0699,False
Penig,Germany,13,10557,50.93336,12.70422,False
Penzberg,Germany,02,16079,47.75293,11.377,False
Perleberg,Germany,11,13102,53.07518,11.8574,False
Petersberg,Germany,05,16410,50.56002,9.71295,False
Petershagen,Germany,07,27090,52.37513,8.96538,False
Petershagen,Germany,11,12931,52.52078,13.78748,False
Petershausen-West,Germany,01,16021,47.67411,9.17787,False
Pfaffenhofen an der Ilm,Germany,02,23192,48.53053,11.505,False
Pfarrkirchen,Germany,02,11894,48.43205,12.93812,False
Pforzheim,Germany,01,119313,48.88436,8.69892,False
Pfullendorf,Germany,01,13258,47.9261,9.2578,False
Pfullingen,Germany,01,18269,48.46458,9.22796,False
Pfungstadt,Germany,05,25415,49.80557,8.60307,False
Philippsburg,Germany,01,12359,49.2317,8.46074,False
Pinneberg,Germany,10,40577,53.65887,9.79698,False
Pirmasens,Germany,08,43582,49.20145,7.60529,False
Pirna,Germany,13,40322,50.95843,13.93702,False
Planegg,Germany,02,10510,48.10672,11.42483,False
Plattling,Germany,02,12390,48.77866,12.87509,False
Plauen,Germany,13,66412,50.4973,12.13782,False
Plettenberg,Germany,07,28206,51.20949,7.87261,False
Plochingen,Germany,01,14611,48.71067,9.41949,False
Plänterwald,Germany,16,11299,52.48106,13.47276,False
Plön,Germany,10,13068,54.16202,10.42765,False
Pocking,Germany,02,14646,48.40149,13.31315,False
Poing,Germany,02,11592,48.17004,11.81863,False
Poll,Germany,07,11311,50.91256,6.99057,False
Poppenbüttel,Germany,04,24135,53.65917,10.08472,False
Porta Westfalica,Germany,07,36364,52.22961,8.91612,False
Porz am Rhein,Germany,07,113415,50.88637,7.0583,False
Potsdam,Germany,11,184754,52.39886,13.06566,False
Preetz,Germany,10,15768,54.23575,10.27934,False
Premnitz,Germany,11,10105,52.53184,12.34845,False
Prenzlau,Germany,11,20899,53.31702,13.86397,False
Prenzlauer Berg,Germany,16,148878,52.53878,13.42443,False
Preußisch Oldendorf,Germany,07,13447,52.30589,8.49341,False
Prien am Chiemsee,Germany,02,10915,47.85602,12.34623,False
Prinzenpark,Germany,06,13956,52.26525,10.55013,False
Pritzwalk,Germany,11,13485,53.14945,12.17405,False
Puchheim,Germany,02,19357,48.15,11.35,False
Pulheim,Germany,07,53762,50.99965,6.80632,False
Pößneck,Germany,15,11960,50.69358,11.59229,False
Püttlingen,Germany,09,21052,49.2855,6.88723,False
Quakenbrück,Germany,06,12727,52.67397,7.94904,False
Quedlinburg,Germany,14,23139,51.78843,11.15006,False
Querenburg,Germany,07,21294,51.45218,7.26628,False
Quickborn,Germany,10,20410,53.72821,9.91078,False
Quierschied,Germany,09,14545,49.31667,7.05,False
Radeberg,Germany,13,18683,51.11112,13.91199,False
Radebeul,Germany,13,32979,51.10654,13.66047,False
Radevormwald,Germany,07,24100,51.20219,7.36027,False
Radolfzell,Germany,01,31734,47.74194,8.97098,False
Raesfeld,Germany,07,11218,51.76667,6.85,False
Rahden,Germany,07,16140,52.43425,8.61266,False
Rahlstedt,Germany,04,92511,53.60194,10.15667,False
Rastatt,Germany,01,47906,48.85851,8.20965,False
Rastede,Germany,06,20046,53.24508,8.19718,False
Ratekau,Germany,10,15921,53.94646,10.7312,False
Rath,Germany,07,11000,50.92379,7.0927,False
Rathenow,Germany,11,27115,52.60659,12.33696,False
Ratingen,Germany,07,91606,51.29724,6.84929,False
Ratzeburg,Germany,10,13623,53.69965,10.77256,False
Raubling,Germany,02,11382,47.7905,12.11088,False
Raunheim,Germany,05,13622,50.0132,8.45253,False
Ravensburg,Germany,01,48825,47.78198,9.61062,False
Recke,Germany,07,11800,52.36885,7.72116,False
Recklinghausen,Germany,07,122438,51.61379,7.19738,False
Rees,Germany,07,22544,51.76263,6.39778,False
Regen,Germany,02,12296,48.9719,13.12824,False
Regensburg,Germany,02,151389,49.01513,12.10161,False
Regenstauf,Germany,02,14999,49.12014,12.13027,False
Rehau,Germany,02,10058,50.24921,12.03422,False
Rehburg-Loccum,Germany,06,10894,52.46952,9.19957,False
Reichenbach/Vogtland,Germany,13,22530,50.62279,12.30344,False
Reinbek,Germany,10,25261,53.51773,10.24861,False
Reinheim,Germany,05,17841,49.82923,8.83572,False
Reinickendorf,Germany,16,83972,52.56395,13.33552,False
Reiskirchen,Germany,05,10734,50.6,8.83333,False
Rellingen,Germany,10,13707,53.651,9.829,False
Remagen,Germany,08,16280,50.57879,7.22703,False
Remscheid,Germany,07,117118,51.17983,7.1925,False
Remseck am Neckar,Germany,01,26549,48.87213,9.27334,False
Rendsburg,Germany,10,28323,54.30182,9.67175,False
Renningen,Germany,01,17442,48.76974,8.93871,False
Reutlingen,Germany,01,112627,48.49144,9.20427,False
Rheda-Wiedenbrück,Germany,07,46123,51.84967,8.30017,False
Rhede,Germany,07,19140,51.83537,6.69602,False
Rheinau,Germany,01,10976,48.87173,8.19133,False
Rheinau,Germany,01,10997,48.66602,7.93659,False
Rheinbach,Germany,07,26262,50.62562,6.94911,False
Rheinberg,Germany,07,32188,51.54649,6.59525,False
Rheine,Germany,07,76491,52.28509,7.44055,False
Rheinfelden,Germany,01,34674,47.56013,7.78715,False
Rheinhausen,Germany,07,78203,51.40055,6.71187,False
Rheinstetten,Germany,01,20378,48.9685,8.30704,False
Ribnitz-Damgarten,Germany,12,15333,54.2422,12.45666,False
Ricklingen,Germany,06,12917,52.34608,9.72629,False
Riedlingen,Germany,01,10394,48.15455,9.47558,False
Riedstadt,Germany,05,23146,49.83411,8.49621,False
Riegelsberg,Germany,09,15647,49.3,6.93333,False
Riehl,Germany,07,11188,50.96686,6.97572,False
Rielasingen-Worblingen,Germany,01,11953,47.73465,8.84013,False
Riesa,Germany,13,29373,51.30777,13.29168,False
Rietberg,Germany,07,30055,51.80924,8.42841,False
Rinteln,Germany,06,25602,52.18604,9.07917,False
Rissen,Germany,04,16051,53.58306,9.75708,False
Ritterhude,Germany,06,14192,53.18289,8.7355,False
Rodenbach,Germany,05,11344,50.15,9.03333,False
Rodenkirchen,Germany,07,110158,50.89328,6.99481,False
Rodgau,Germany,05,43315,50.02627,8.88588,False
Roding,Germany,02,11406,49.19426,12.51956,False
Ronnenberg,Germany,06,23416,52.31939,9.65544,False
Rosbach vor der Höhe,Germany,05,11741,50.30332,8.68976,False
Rosdorf,Germany,06,11840,51.5,9.9,False
Rosenheim,Germany,02,60167,47.85637,12.12247,False
Rostock,Germany,12,198293,54.0887,12.14049,False
Rotenburg,Germany,06,22139,53.11032,9.4036,False
Rotenburg an der Fulda,Germany,05,12937,50.99556,9.72838,False
Roth,Germany,02,25083,49.24762,11.09111,False
Rothenburg ob der Tauber,Germany,02,11106,49.37885,10.18711,False
Rotherbaum,Germany,04,17114,53.56707,9.98097,False
Rottenburg,Germany,01,42721,48.47629,8.93528,False
Rottweil,Germany,01,25510,48.16783,8.62719,False
Roßdorf,Germany,05,12199,49.85972,8.76167,False
Roßlau,Germany,14,12183,51.88736,12.24192,False
Roßtal,Germany,02,10052,49.39567,10.88848,False
Rudersberg,Germany,01,11726,48.88515,9.52927,False
Rudolstadt,Germany,15,24852,50.72043,11.34046,False
Rudow,Germany,16,42631,52.42407,13.48529,False
Rummelsburg,Germany,16,25697,52.50146,13.4934,False
Ruppichteroth,Germany,07,10749,50.84367,7.48409,False
Rutesheim,Germany,01,10222,48.80808,8.94536,False
Rödental,Germany,02,13712,50.29516,11.04122,False
Rödinghausen,Germany,07,10101,52.25,8.48333,False
Rösrath,Germany,07,26868,50.89559,7.18175,False
Röthenbach an der Pegnitz,Germany,02,12224,49.48301,11.24116,False
Rüsselsheim am Main,Germany,05,59730,49.98955,8.42251,False
Rüthen,Germany,07,11299,51.4909,8.43596,False
Saalfeld,Germany,15,28023,50.64826,11.36536,False
Saarbrücken,Germany,09,182971,49.23262,7.00982,False
Saarlouis,Germany,09,38333,49.31366,6.75154,False
Saarwellingen,Germany,09,13616,49.3543,6.80487,False
Sachsenheim,Germany,01,18594,48.96,9.06472,False
Sahlkamp,Germany,06,14246,52.41873,9.77079,False
Salem,Germany,01,11164,47.76258,9.29031,False
Salzgitter,Germany,06,104970,52.15705,10.4154,False
Salzhemmendorf,Germany,06,10603,52.067,9.5872,False
Salzkotten,Germany,07,24561,51.6717,8.60092,False
Sandhausen,Germany,01,14336,49.34278,8.65917,False
Sangerhausen,Germany,14,23347,51.47221,11.29533,False
Sankt Augustin,Germany,07,56094,50.77538,7.197,False
Sankt Georgen im Schwarzwald,Germany,01,13636,48.12716,8.33513,False
Sankt Ingbert,Germany,09,38697,49.27697,7.11672,False
Sankt Leon-Rot,Germany,01,12192,49.26593,8.61803,False
Sankt Wendel,Germany,09,26904,49.46633,7.16814,False
Sarstedt,Germany,06,18718,52.23495,9.85411,False
Sasel,Germany,04,23131,53.65385,10.11184,False
Sassenberg,Germany,07,14273,51.99223,8.04068,False
Sassenburg,Germany,06,10982,52.51667,10.63333,False
Sassnitz,Germany,12,10779,54.5157,13.64451,False
Schalksmühle,Germany,07,11753,51.2412,7.5279,False
Scharbeutz,Germany,10,12087,54.02389,10.75213,False
Scharnhorst,Germany,07,22065,51.54921,7.53909,False
Scharnhorst-Ost,Germany,07,13120,51.55,7.53333,False
Scheeßel,Germany,06,12907,53.16872,9.48261,False
Schermbeck,Germany,07,13682,51.68333,6.86667,False
Schierstein,Germany,05,10642,50.04457,8.19788,False
Schiffdorf,Germany,06,14143,53.53182,8.65592,False
Schifferstadt,Germany,08,19209,49.38417,8.3775,False
Schiffweiler,Germany,09,15780,49.36667,7.13333,False
Schkeuditz,Germany,13,18487,51.39678,12.22141,False
Schleiden,Germany,07,14160,50.52896,6.47692,False
Schleswig,Germany,10,24114,54.52021,9.56829,False
Schlitz,Germany,05,10258,50.67416,9.56102,False
Schlüchtern,Germany,05,17260,50.34891,9.52532,False
Schmalkalden,Germany,15,19553,50.72136,10.44386,False
Schmallenberg,Germany,07,26132,51.15473,8.28505,False
Schmargendorf,Germany,16,22733,52.47517,13.29071,False
Schmelz,Germany,09,17596,49.43333,6.85,False
Schmölln,Germany,15,13542,50.89678,12.35339,False
Schneeberg,Germany,13,16784,50.59465,12.64139,False
Schnelsen,Germany,04,30100,53.63738,9.91973,False
Schneverdingen,Germany,06,19199,53.1174,9.79235,False
Schongau,Germany,02,12442,47.8124,10.89664,False
Schopfheim,Germany,01,19386,47.65105,7.82089,False
Schorndorf,Germany,01,41647,48.80537,9.52721,False
Schortens,Germany,06,21357,53.53801,7.9477,False
Schotten,Germany,05,11566,50.50346,9.12516,False
Schramberg,Germany,01,18565,48.22399,8.38583,False
Schriesheim,Germany,01,14379,49.47372,8.6636,False
Schrobenhausen,Germany,02,16143,48.56067,11.26071,False
Schwabach,Germany,02,38554,49.33047,11.02346,False
Schwabmünchen,Germany,02,13232,48.17928,10.75675,False
Schwaigern,Germany,01,11047,49.14494,9.05525,False
Schwalbach,Germany,09,18708,49.3,6.81667,False
Schwalbach am Taunus,Germany,05,14192,50.15,8.53333,False
Schwalmstadt,Germany,05,19279,50.93333,9.21667,False
Schwalmtal,Germany,07,19435,51.21667,6.26667,False
Schwandorf in Bayern,Germany,02,28235,49.32534,12.1098,False
Schwanewede,Germany,06,20015,53.22398,8.58969,False
Schwarzenbach an der Saale,Germany,02,11375,50.22279,11.93504,False
Schwarzenbek,Germany,10,14832,53.50508,10.48225,False
Schwarzenberg,Germany,13,15475,50.53791,12.78522,False
Schwedt (Oder),Germany,11,33730,53.05963,14.28154,False
Schweinfurt,Germany,02,54012,50.04937,10.22175,False
Schwelm,Germany,07,30235,51.28635,7.29388,False
Schwerin,Germany,12,96641,53.62937,11.41316,False
Schwerte,Germany,07,50399,51.44387,7.5675,False
Schwetzingen,Germany,01,22593,49.38217,8.5823,False
Schwieberdingen,Germany,01,10736,48.87644,9.07439,False
Schwäbisch Gmünd,Germany,01,61216,48.79947,9.79809,False
Schwäbisch Hall,Germany,01,36543,49.11127,9.73908,False
Schönaich,Germany,01,10190,48.65871,9.06012,False
Schönebeck,Germany,14,30419,52.01682,11.7307,False
Schöneberg,Germany,16,122658,52.49801,13.3443,False
Schönefeld,Germany,11,12015,52.38897,13.50374,False
Schöneiche,Germany,11,11907,52.47286,13.69226,False
Schöningen,Germany,06,13265,52.13802,10.96745,False
Schüren,Germany,07,10405,51.49329,7.54417,False
Schüttorf,Germany,06,11465,52.32281,7.22176,False
Seeheim-Jugenheim,Germany,05,16395,49.765,8.65194,False
Seelze,Germany,06,34364,52.39635,9.59727,False
Seesen,Germany,06,21909,51.89095,10.17847,False
Seevetal,Germany,06,41266,53.4,9.96667,False
Sehnde,Germany,06,23060,52.31394,9.9682,False
Selb,Germany,02,17132,50.17058,12.13054,False
Seligenstadt,Germany,05,21298,50.0432,8.97394,False
Selm,Germany,07,27540,51.69689,7.46809,False
Senden,Germany,07,20363,51.85645,7.48327,False
Senden,Germany,02,22275,48.32441,10.04442,False
Sendenhorst,Germany,07,13316,51.84303,7.82996,False
Senftenberg,Germany,11,28988,51.52517,14.00164,False
Siegburg,Germany,07,39135,50.80019,7.20769,False
Siegen,Germany,07,107242,50.87481,8.02431,False
Siemensstadt,Germany,16,12740,52.54053,13.26294,False
Sigmaringen,Germany,01,16592,48.08829,9.23033,False
Sindelfingen,Germany,01,61311,48.7,9.01667,False
Singen,Germany,01,47621,47.75935,8.8403,False
Sinsheim,Germany,01,37036,49.2529,8.87867,False
Sinzheim,Germany,01,11078,48.76667,8.16667,False
Sinzig,Germany,08,17880,50.54384,7.24639,False
Soest,Germany,07,48037,51.57558,8.10619,False
Solingen,Germany,07,164359,51.17343,7.0845,False
Solms,Germany,05,13250,50.5362,8.40704,False
Soltau,Germany,06,21945,52.98537,9.83983,False
Sondershausen,Germany,15,21802,51.36973,10.87011,False
Sonneberg,Germany,15,23908,50.3592,11.17463,False
Sonthofen,Germany,02,21285,47.51821,10.28262,False
Spaichingen,Germany,01,12466,48.07477,8.73508,False
Spandau,Germany,16,39653,52.5511,13.19921,False
Spenge,Germany,07,15625,52.14021,8.48475,False
Speyer,Germany,08,50343,49.32083,8.43111,False
Spiesen-Elversberg,Germany,09,14570,49.31667,7.13333,False
Springe,Germany,06,29828,52.20845,9.55416,False
Sprockhövel,Germany,07,26400,51.34669,7.24343,False
St. Georg,Germany,04,11349,53.55513,10.01231,False
St. Pauli,Germany,04,21902,53.557,9.964,False
Staaken,Germany,16,46369,52.53661,13.15057,False
Stadtallendorf,Germany,05,21425,50.82261,9.01294,False
Stadtbergen,Germany,02,14705,48.36641,10.84636,False
Stadthagen,Germany,06,23076,52.32333,9.20311,False
Stadtlohn,Germany,07,20602,51.99399,6.91918,False
Stahnsdorf,Germany,11,12964,52.38333,13.21667,False
Starnberg,Germany,02,23940,48.00193,11.34416,False
Staßfurt,Germany,14,23181,51.85186,11.58508,False
Steglitz,Germany,16,72464,52.45606,13.332,False
Steilshoop,Germany,04,19343,53.61028,10.05917,False
Stein,Germany,02,13902,49.41581,11.01599,False
Steinau an der Straße,Germany,05,11302,50.31401,9.46335,False
Steinbach am Taunus,Germany,05,10170,50.16774,8.57278,False
Steinen,Germany,01,10128,47.64446,7.73914,False
Steinfurt,Germany,07,34601,52.15045,7.33664,False
Steinhagen,Germany,07,19869,52.0,8.4,False
Steinheim,Germany,07,13797,51.87066,9.09136,False
Steinheim an der Murr,Germany,01,11374,48.96821,9.27708,False
Stelle,Germany,06,11073,53.38416,10.11138,False
Stellingen,Germany,04,23472,53.5922,9.9287,False
Stendal,Germany,14,37722,52.6069,11.85867,False
Stockach,Germany,01,16844,47.85105,9.0091,False
Stockelsdorf,Germany,10,16562,53.8922,10.64713,False
Stolberg,Germany,07,57684,50.77368,6.22595,False
Stollberg,Germany,13,11127,50.70999,12.78034,False
Straelen,Germany,07,15325,51.4419,6.26639,False
Stralsund,Germany,12,58976,54.30911,13.0818,False
Straubing,Germany,02,44580,48.88126,12.57385,False
Strausberg,Germany,11,26649,52.57859,13.88741,False
Stuhr,Germany,06,32507,53.03333,8.75,False
Stuttgart,Germany,01,612663,48.78232,9.17702,False
Stuttgart Feuerbach,Germany,01,28046,48.80867,9.15719,False
Stuttgart Mühlhausen,Germany,01,26111,48.84232,9.23028,False
Stuttgart-Ost,Germany,01,47500,48.78363,9.21032,False
Stöcken,Germany,06,12861,52.41101,9.65904,False
Suhl,Germany,15,43509,50.60911,10.69401,False
Sulingen,Germany,06,12835,52.68291,8.81268,False
Sulz am Neckar,Germany,01,12763,48.36241,8.63309,False
Sulzbach,Germany,09,16376,49.29882,7.05696,False
Sulzbach-Rosenberg,Germany,02,19379,49.50126,11.74598,False
Sundern,Germany,07,27654,51.3281,8.00369,False
Syke,Germany,06,24274,52.91345,8.82209,False
Sömmerda,Germany,15,20853,51.15914,11.11524,False
Südstadt,Germany,06,40557,52.35967,9.7508,False
Süßen,Germany,01,10167,48.67934,9.75534,False
Tamm,Germany,01,12129,48.91988,9.11556,False
Tauberbischofsheim,Germany,01,13293,49.62472,9.66278,False
Taucha,Germany,13,14552,51.38333,12.48333,False
Taufkirchen,Germany,02,17791,48.0486,11.61701,False
Taunusstein,Germany,05,30145,50.14993,8.15206,False
Tegel,Germany,16,36764,52.57601,13.29389,False
Telgte,Germany,07,19389,51.97995,7.78293,False
Teltow,Germany,11,19530,52.4031,13.26014,False
Tempelhof,Germany,16,61769,52.46667,13.4,False
Templin,Germany,11,17634,53.11865,13.5022,False
Teningen,Germany,01,11887,48.12952,7.81205,False
Tettnang,Germany,01,18135,47.66857,9.59132,False
Thale,Germany,14,13386,51.74861,11.041,False
Tholey,Germany,09,13157,49.48374,7.03691,False
Tiergarten,Germany,16,14940,52.51667,13.36667,False
Titisee-Neustadt,Germany,01,12019,47.92104,8.19063,False
Torgau,Germany,13,18746,51.56016,12.99617,False
Torgelow,Germany,12,10665,53.63368,14.01229,False
Tornesch,Germany,10,13079,53.69944,9.71723,False
Tostedt,Germany,06,13315,53.27409,9.71936,False
Traunreut,Germany,02,21244,47.96269,12.59231,False
Traunstein,Germany,02,18422,47.86825,12.64335,False
Travemünde,Germany,10,13902,53.96304,10.8709,False
Trebur,Germany,05,12897,49.92639,8.40732,False
Treptow,Germany,16,50000,52.49376,13.44469,False
Treuchtlingen,Germany,02,13141,48.95473,10.90833,False
Trier,Germany,08,100129,49.75565,6.63935,False
Troisdorf,Germany,07,74749,50.80901,7.14968,False
Trossingen,Germany,01,15040,48.07667,8.64409,False
Trostberg an der Alz,Germany,02,11676,48.02802,12.55804,False
Tuttlingen,Germany,01,34847,47.98464,8.8177,False
Twistringen,Germany,06,12645,52.80009,8.63893,False
Tönisvorst,Germany,07,30296,51.32092,6.49412,False
Tübingen,Germany,01,92322,48.52266,9.05222,False
Ubstadt-Weiher,Germany,01,12730,49.16296,8.63165,False
Ueckermünde,Germany,12,11003,53.73795,14.04473,False
Uelzen,Germany,06,34996,52.96449,10.56704,False
Uerdingen,Germany,07,17888,51.35478,6.63918,False
Uetersen,Germany,10,17921,53.68878,9.66197,False
Uhingen,Germany,01,14031,48.70475,9.5857,False
Ulm,Germany,01,120451,48.39841,9.99155,False
Universitäts- und Hansestadt Greifswald,Germany,12,52731,54.08905,13.40244,False
Unna,Germany,07,66734,51.53795,7.68969,False
Unterföhring,Germany,02,10500,48.19253,11.64293,False
Unterhaching,Germany,02,20852,48.06598,11.61564,False
Unterkrozingen,Germany,01,15908,47.91933,7.69045,False
Unterschleißheim,Germany,02,28482,48.28038,11.57684,False
Usingen,Germany,05,13511,50.33554,8.53688,False
Uslar,Germany,06,15951,51.6569,9.63501,False
Vaihingen an der Enz,Germany,01,28798,48.93563,8.96045,False
Varel,Germany,06,25212,53.39693,8.13621,False
Vaterstetten,Germany,02,21007,48.10537,11.76825,False
Vechelde,Germany,06,16219,52.26038,10.36491,False
Vechta,Germany,06,29729,52.73064,8.28968,False
Vegesack,Germany,03,34757,53.17923,8.62228,False
Veitshöchheim,Germany,02,10279,49.83278,9.88167,False
Velbert,Germany,07,87669,51.33537,7.04348,False
Velen,Germany,07,13074,51.89447,6.98807,False
Vellmar,Germany,05,18623,51.35806,9.47974,False
Velten,Germany,11,11498,52.69149,13.17533,False
Verden,Germany,06,26924,52.92334,9.23804,False
Verl,Germany,07,24002,51.88333,8.51667,False
Versmold,Germany,07,20996,52.04009,8.15272,False
Vienenburg,Germany,06,11417,51.95242,10.56374,False
Viernheim,Germany,05,32620,49.54033,8.5782,False
Viersen,Germany,07,76153,51.25435,6.39441,False
Villingen-Schwenningen,Germany,01,81770,48.06226,8.49358,False
Vilsbiburg,Germany,02,11416,48.45296,12.35604,False
Vilshofen,Germany,02,16695,48.62695,13.19222,False
Visselhövede,Germany,06,10808,52.98605,9.58096,False
Vlotho,Germany,07,20214,52.1653,8.85996,False
Voerde,Germany,07,35661,51.59703,6.6863,False
Volksdorf,Germany,04,20685,53.64972,10.18417,False
Vreden,Germany,07,22412,52.03792,6.828,False
Vöhringen,Germany,02,13207,48.27839,10.08236,False
Völklingen,Germany,09,40952,49.25162,6.85873,False
Wachtberg,Germany,07,20032,50.63333,7.1,False
Wadern,Germany,09,16453,49.54122,6.88774,False
Wadgassen,Germany,09,18464,49.26667,6.78333,False
Waghäusel,Germany,01,20178,49.24991,8.51257,False
Waiblingen,Germany,01,52945,48.83241,9.31641,False
Waidmannslust,Germany,16,11088,52.60691,13.31968,False
Wald-Michelbach,Germany,05,11720,49.57,8.83167,False
Waldbröl,Germany,07,19533,50.87576,7.61688,False
Waldkirch,Germany,01,20155,48.09585,7.96371,False
Waldkirchen,Germany,02,10757,48.7327,13.60082,False
Waldkraiburg,Germany,02,24676,48.20854,12.39893,False
Waldshut-Tiengen,Germany,01,22404,47.62323,8.21717,False
Walldorf,Germany,01,14842,49.30637,8.64236,False
Walldürn,Germany,01,12113,49.58358,9.36642,False
Wallenhorst,Germany,06,24201,52.35,8.01667,False
Walsrode,Germany,06,24448,52.86104,9.59277,False
Waltershausen,Germany,15,11445,50.89827,10.55791,False
Waltrop,Germany,07,30220,51.62125,7.40238,False
Wandlitz,Germany,11,19888,52.74196,13.45799,False
Wandsbek,Germany,04,411422,53.58334,10.08305,False
Wangen,Germany,01,27045,47.6895,9.83247,False
Wannsee,Germany,16,10126,52.41915,13.15531,False
Warburg,Germany,07,24317,51.49011,9.14641,False
Wardenburg,Germany,06,16019,53.05938,8.19669,False
Waren,Germany,12,21470,53.51986,12.68128,False
Warendorf,Germany,07,38707,51.95109,7.98756,False
Warstein,Germany,07,28532,51.44488,8.34851,False
Wassenberg,Germany,07,16641,51.10009,6.15484,False
Wasserburg am Inn,Germany,02,12375,48.0525,12.22341,False
Wattenscheid,Germany,07,73965,51.48057,7.14251,False
Wedding,Germany,16,85275,52.54734,13.35594,False
Wedel,Germany,10,34912,53.58374,9.69835,False
Weener,Germany,06,15718,53.16541,7.34966,False
Weeze,Germany,07,10131,51.62678,6.19792,False
Wegberg,Germany,07,28089,51.14221,6.28436,False
Wehr,Germany,01,13037,47.62983,7.90423,False
Weiden,Germany,02,42550,49.67682,12.15613,False
Weil am Rhein,Germany,01,32236,47.59331,7.62082,False
Weil der Stadt,Germany,01,19338,48.74953,8.87176,False
Weil im Schönbuch,Germany,01,10037,48.6227,9.06355,False
Weilburg,Germany,05,13798,50.48438,8.26249,False
Weilerswist,Germany,07,16321,50.75292,6.84585,False
Weilheim,Germany,02,23378,47.84147,11.15484,False
Weimar,Germany,15,64727,50.9803,11.32903,False
Weinböhla,Germany,13,10456,51.16667,13.56667,False
Weingarten,Germany,01,23802,47.81009,9.63863,False
Weinheim,Germany,01,43325,49.54887,8.66697,False
Weinsberg,Germany,01,11855,49.15127,9.28762,False
Weinstadt-Endersbach,Germany,01,26166,48.81311,9.36387,False
Weiterstadt,Germany,05,26583,49.9039,8.58874,False
Weißenburg in Bayern,Germany,02,18345,49.03095,10.97221,False
Weißenfels,Germany,14,37929,51.20148,11.96843,False
Weißenhorn,Germany,02,13377,48.30501,10.16047,False
Weißensee,Germany,16,47693,52.55632,13.46649,False
Weißwasser,Germany,13,15002,51.50403,14.64017,False
Wellingsbüttel,Germany,04,10935,53.64104,10.0798,False
Welzheim,Germany,01,11306,48.87675,9.63434,False
Wendeburg,Germany,06,10147,52.32957,10.39255,False
Wendelstein,Germany,02,16446,49.3523,11.15069,False
Wendlingen am Neckar,Germany,01,15728,48.67124,9.37632,False
Wennigsen,Germany,06,14137,52.27404,9.57287,False
Wentorf bei Hamburg,Germany,10,12104,53.495,10.25416,False
Werdau,Germany,13,20520,50.73604,12.37534,False
Werder,Germany,11,22384,52.37874,12.934,False
Werdohl,Germany,07,20366,51.26011,7.76608,False
Werl,Germany,07,32149,51.55493,7.91403,False
Wermelskirchen,Germany,07,36816,51.1397,7.21583,False
Wernau,Germany,01,12518,48.69306,9.41533,False
Werne,Germany,07,30810,51.66446,7.63421,False
Werneck,Germany,02,10051,49.98201,10.09884,False
Wernigerode,Germany,14,32167,51.83652,10.78216,False
Wersten,Germany,07,27151,51.18459,6.81249,False
Wertheim,Germany,01,24869,49.759,9.50852,False
Werther,Germany,07,11575,52.07771,8.41793,False
Wesel,Germany,07,61685,51.6669,6.62037,False
Wesseling,Germany,07,35665,50.82709,6.9747,False
Westend,Germany,16,41328,52.51708,13.27636,False
Westerkappeln,Germany,07,11397,52.31667,7.88333,False
Westerland,Germany,10,12500,54.9079,8.30326,False
Westerstede,Germany,06,21902,53.25682,7.92737,False
Weststadt,Germany,12,12141,53.63472,11.39565,False
Wettbergen,Germany,06,13091,52.32997,9.69492,False
Wetter,Germany,07,29146,51.38747,7.39277,False
Wetzlar,Germany,05,52656,50.56109,8.50495,False
Wickede,Germany,07,15225,51.53365,7.61636,False
Wickede,Germany,07,12504,51.4964,7.86587,False
Wiefelstede,Germany,06,14775,53.25562,8.11686,False
Wiehl,Germany,07,26291,50.9495,7.55062,False
Wiesbaden,Germany,05,288850,50.08601,8.24435,False
Wieseck,Germany,05,10158,50.60528,8.70238,False
Wiesloch,Germany,01,27731,49.29504,8.69846,False
Wiesmoor,Germany,06,13157,53.41513,7.73642,False
Wietmarschen,Germany,06,10903,52.51806,7.13408,False
Wildberg,Germany,01,10187,48.62336,8.74518,False
Wildeshausen,Germany,06,18114,52.89446,8.43375,False
Wilhelmsburg,Germany,04,53064,53.49283,10.01372,False
Wilhelmshaven,Germany,06,84393,53.5476,8.10395,False
Wilhelmstadt,Germany,16,40463,52.52379,13.18916,False
Wilkau-Haßlau,Germany,13,11850,50.67504,12.51482,False
Willich,Germany,07,51843,51.26371,6.54734,False
Wilmersdorf,Germany,16,101877,52.48333,13.31667,False
Wilnsdorf,Germany,07,21505,50.81667,8.1,False
Wilsdruff,Germany,13,13772,51.05199,13.53657,False
Winnenden,Germany,01,29876,48.87563,9.39819,False
Winsen,Germany,06,32662,53.35777,10.21161,False
Winsen,Germany,06,12838,52.68251,9.9096,False
Winterberg,Germany,07,14601,51.19248,8.53468,False
Winterhude,Germany,04,56382,53.59368,10.01123,False
Wipperfürth,Germany,07,23723,51.1161,7.39865,False
Wismar,Germany,12,45255,53.89218,11.45563,False
Witten,Germany,07,91808,51.44362,7.35258,False
Wittenau,Germany,16,24726,52.59319,13.32127,False
Wittenberg,Germany,14,30000,51.8661,12.64973,False
Wittenberge,Germany,11,20171,53.00005,11.74944,False
Wittingen,Germany,06,12427,52.72694,10.73613,False
Wittlich,Germany,08,17887,49.98596,6.89308,False
Wittmund,Germany,06,21355,53.57682,7.77571,False
Wittstock,Germany,11,17361,53.16118,12.48287,False
Witzenhausen,Germany,05,16055,51.34103,9.8554,False
Wolfen,Germany,14,25251,51.66122,12.26873,False
Wolfenbüttel,Germany,06,54740,52.16442,10.54095,False
Wolfhagen,Germany,05,13266,51.32611,9.17015,False
Wolfratshausen,Germany,02,17191,47.91289,11.42166,False
Wolfsburg,Germany,06,123064,52.42452,10.7815,False
Wolgast,Germany,12,12664,54.052,13.77105,False
Wolmirstedt,Germany,14,10860,52.24856,11.62945,False
Wolnzach,Germany,02,10973,48.6038,11.62568,False
Worms,Germany,08,81099,49.63278,8.35916,False
Worringen,Germany,07,10193,51.065,6.85936,False
Wunsiedel,Germany,02,10295,50.03923,12.00342,False
Wunstorf,Germany,06,41211,52.42377,9.43585,False
Wuppertal,Germany,07,360797,51.25627,7.14816,False
Wurzen,Germany,13,15233,51.3707,12.73939,False
Wächtersbach,Germany,05,12464,50.25511,9.29564,False
Wörth am Rhein,Germany,08,17272,49.04888,8.25959,False
Wülfrath,Germany,07,20731,51.28195,7.03821,False
Würselen,Germany,07,37074,50.81809,6.1347,False
Würzburg,Germany,02,133731,49.79391,9.95121,False
Xanten,Germany,07,21587,51.65877,6.45297,False
Zehdenick,Germany,11,14809,52.97852,13.33165,False
Zehlendorf,Germany,16,54328,52.43333,13.25,False
Zeitz,Germany,14,28328,51.04962,12.1369,False
Zella-Mehlis,Germany,15,12157,50.65642,10.66046,False
Zerbst,Germany,14,21124,51.9662,12.08517,False
Zetel,Germany,06,11684,53.41583,7.96775,False
Zeulenroda,Germany,15,13763,50.65278,11.98377,False
Zeulenroda-Triebes,Germany,15,15677,50.65033,11.98377,False
Zeuthen,Germany,11,10084,52.34803,13.62174,False
Zeven,Germany,06,12607,53.29567,9.27562,False
Zirndorf,Germany,02,25734,49.4424,10.95414,False
Zittau,Germany,13,25286,50.89772,14.80764,False
Zossen,Germany,11,17138,52.216,13.44909,False
Zschopau,Germany,13,11705,50.74818,13.07691,False
Zweibrücken,Germany,08,35221,49.24686,7.36977,False
Zwickau,Germany,13,98796,50.72724,12.48839,False
Zwiesel,Germany,02,10327,49.01693,13.23765,False
Zwönitz,Germany,13,11547,50.63027,12.80999,False
Zülpich,Germany,07,20208,50.69447,6.65414,False
Zündorf,Germany,07,11671,50.86781,7.04714,False
Äußere Neustadt,Germany,13,18098,51.06859,13.75591,False
Öhringen,Germany,01,22765,49.19884,9.5072,False
Östringen,Germany,01,12880,49.21911,8.71192,False
Übach-Palenberg,Germany,07,25544,50.91775,6.12336,False
Überherrn,Germany,09,12071,49.24187,6.6984,False
Überlingen,Germany,01,21507,47.76977,9.17136,False
Acharnés,Greece,ESYE31,99346,38.08333,23.73333,False
Agios Dimitrios,Greece,ESYE31,71294,37.93333,23.73333,False
Agios Ioannis Rentis,Greece,ESYE31,15411,37.96491,23.66511,False
Agrínio,Greece,ESYE23,46899,38.62139,21.40778,False
Agía Paraskeví,Greece,ESYE31,59704,38.01667,23.83333,False
Agía Varvára,Greece,ESYE31,26550,37.98938,23.66011,False
Aigáleo,Greece,ESYE31,69946,37.98333,23.68333,False
Alexandroupoli,Greece,ESYE11,52979,40.84995,25.87644,False
Alexándreia,Greece,ESYE12,13665,40.62667,22.44417,False
Amaliáda,Greece,ESYE23,16763,37.79842,21.35068,False
Anatolí,Greece,ESYE21,12119,39.63531,20.86578,False
Archaía Olympía,Greece,ESYE23,11153,37.64788,21.6271,False
Argyroúpoli,Greece,ESYE31,34097,37.90594,23.75035,False
Arrianá,Greece,ESYE11,14905,41.08131,25.69494,False
Artémida,Greece,ESYE31,21924,37.96727,23.99684,False
Asprópyrgos,Greece,ESYE31,30251,38.06134,23.58971,False
Athens,Greece,ESYE31,664046,37.98376,23.72784,True
Aígio,Greece,ESYE23,20422,38.24861,22.08194,False
Chalkidóna,Greece,ESYE12,30030,40.73184,22.59992,False
Chalkída,Greece,ESYE24,59125,38.46354,23.60284,False
Chaniá,Greece,ESYE43,53910,35.51124,24.02921,False
Chaïdári,Greece,ESYE31,45642,38.01135,23.66597,False
Chios,Greece,ESYE41,23953,38.36875,26.13718,False
Cholargós,Greece,ESYE31,30840,38.0,23.8,False
Chortiátis,Greece,ESYE12,17862,40.60954,23.10014,False
Corfu,Greece,ESYE22,40047,39.62441,19.92016,False
Dhafní,Greece,ESYE31,22913,37.95002,23.73437,False
Diavatá,Greece,ESYE12,11876,40.68744,22.85799,False
Drapetsóna,Greece,ESYE31,13815,37.94988,23.62309,False
Dráma,Greece,ESYE11,44823,41.15283,24.1473,False
Efkarpía,Greece,ESYE12,15416,40.68797,22.95348,False
Elefsína,Greece,ESYE31,24910,38.04135,23.54295,False
Elefthério - Kordelió,Greece,ESYE12,27067,40.66391,22.89693,False
Ellinikó,Greece,ESYE31,16715,37.89013,23.74406,False
Ermoúpolis,Greece,ESYE42,11351,37.44466,24.9429,False
Flórina,Greece,ESYE13,17686,40.78197,21.40981,False
Fylí,Greece,ESYE31,48157,38.10235,23.66901,False
Fársala,Greece,ESYE14,10380,39.29472,22.38472,False
Galátsi,Greece,ESYE31,59345,38.01667,23.75,False
Giannitsá,Greece,ESYE12,27817,40.79194,22.4075,False
Giánnouli,Greece,ESYE14,12277,39.66717,22.39597,False
Glyfáda,Greece,ESYE31,87305,37.86289,23.75802,False
Grevená,Greece,ESYE13,10563,40.08452,21.42744,False
Gázi,Greece,ESYE43,12606,35.32531,25.06694,False
Gérakas,Greece,ESYE31,29939,38.02277,23.8576,False
Ialysós,Greece,ESYE42,12717,36.41352,28.15516,False
Ierápetra,Greece,ESYE43,12355,35.01186,25.74234,False
Ilioúpoli,Greece,ESYE31,78153,37.93149,23.76779,False
Ioánnina,Greece,ESYE21,65574,39.66341,20.85187,False
Irákleio,Greece,ESYE31,49642,38.05282,23.76523,False
Irákleion,Greece,ESYE43,137154,35.32787,25.14341,False
Kaisarianí,Greece,ESYE31,26370,37.9634,23.76523,False
Kalamariá,Greece,ESYE12,91518,40.5825,22.95028,False
Kalamata,Greece,ESYE25,54100,37.03913,22.11265,False
Kallithéa,Greece,ESYE31,100641,37.95,23.7,False
Kalývia Thorikoú,Greece,ESYE31,14424,37.83894,23.92505,False
Kamaterón,Greece,ESYE31,29179,38.05586,23.70515,False
Kardítsa,Greece,ESYE14,32789,39.36485,21.92191,False
Kastoria,Greece,ESYE13,13387,40.52165,21.26341,False
Kateríni,Greece,ESYE12,53293,40.26956,22.50608,False
Kavála,Greece,ESYE11,54027,40.93959,24.40687,False
Keratsíni,Greece,ESYE31,77077,37.9625,23.61972,False
Keratéa,Greece,ESYE31,14483,37.80585,23.9774,False
Khalándrion,Greece,ESYE31,74192,38.02369,23.80068,False
Kifisiá,Greece,ESYE31,47332,38.07438,23.81106,False
Kilkís,Greece,ESYE12,22914,40.99302,22.87433,False
Komotiní,Greece,ESYE11,45631,41.11758,25.40587,False
Koropí,Greece,ESYE31,19164,37.89886,23.87181,False
Korydallós,Greece,ESYE31,63445,37.98468,23.64711,False
Kos,Greece,ESYE42,19244,36.89295,27.28768,False
Kozáni,Greece,ESYE13,36481,40.29931,21.78984,False
Kálymnos,Greece,ESYE42,12324,36.9503,26.98388,False
Kórinthos,Greece,ESYE25,30176,37.94007,22.9513,False
Lagkadás,Greece,ESYE12,37022,40.75,23.06667,False
Lamía,Greece,ESYE24,52006,38.89947,22.4335,False
Limín Mesoyaías,Greece,ESYE31,10526,37.89108,24.00307,False
Livadeiá,Greece,ESYE24,21492,38.43616,22.87665,False
Loutráki,Greece,ESYE25,11564,37.9783,22.97781,False
Lárisa,Greece,ESYE14,146926,39.62847,22.42112,False
Makrakómi,Greece,ESYE24,13500,38.9415,22.11535,False
Maroúsi,Greece,ESYE31,72333,38.05,23.8,False
Melíssia,Greece,ESYE31,22741,38.05,23.83333,False
Meneméni,Greece,ESYE12,14297,40.65829,22.89712,False
Mesolóngi,Greece,ESYE23,12785,38.37138,21.43151,False
Metamórfosi,Greece,ESYE31,29891,38.06576,23.76356,False
Moskháton,Greece,ESYE31,25441,37.94789,23.6788,False
Mykonos,Greece,ESYE42,10704,37.44529,25.32872,False
Mytilene,Greece,ESYE41,28322,39.10772,26.55529,False
Mándra,Greece,ESYE31,11327,38.06667,23.5,False
Mégara,Greece,ESYE31,23456,37.99471,23.34324,False
Neapoli,Greece,ESYE12,25822,40.6532,22.94156,False
Náfpaktos,Greece,ESYE23,13415,38.39167,21.8275,False
Náfplio,Greece,ESYE25,14582,37.56863,22.80691,False
Náousa,Greece,ESYE12,19887,40.62944,22.06806,False
Néa Alikarnassós,Greece,ESYE43,14624,35.33893,25.15972,False
Néa Artáki,Greece,ESYE24,10302,38.52027,23.63296,False
Néa Erythraía,Greece,ESYE31,18604,38.0927,23.82223,False
Néa Filadélfeia,Greece,ESYE31,25734,38.03491,23.73811,False
Néa Ionía,Greece,ESYE31,67134,38.0357,23.75733,False
Néa Ionía,Greece,ESYE14,31884,39.37904,22.92752,False
Néa Kallikráteia,Greece,ESYE12,10144,40.31312,23.06343,False
Néa Michanióna,Greece,ESYE12,10784,40.46371,22.8617,False
Néa Moudhaniá,Greece,ESYE12,10042,40.2439,23.28484,False
Néa Mákri,Greece,ESYE31,18114,38.08733,23.97642,False
Néa Smýrni,Greece,ESYE31,73076,37.94504,23.71416,False
Néo Psychikó,Greece,ESYE31,10671,38.00624,23.78373,False
Néon Karlovásion,Greece,ESYE41,10220,37.79209,26.7049,False
Níkaia,Greece,ESYE31,89380,37.96667,23.65,False
Oraiókastro,Greece,ESYE12,20852,40.73083,22.91722,False
Orestiáda,Greece,ESYE11,16221,41.50306,26.52972,False
Paianía,Greece,ESYE31,14595,37.95527,23.85443,False
Palaió Fáliro,Greece,ESYE31,64021,37.92812,23.70105,False
Pallíni,Greece,ESYE31,14808,38.00514,23.88302,False
Panórama,Greece,ESYE12,17444,40.58779,23.0315,False
Papágou,Greece,ESYE31,13962,37.98642,23.79347,False
Peraía,Greece,ESYE12,18326,40.49874,22.92617,False
Peristéri,Greece,ESYE31,139981,38.01539,23.69187,False
Petroúpolis,Greece,ESYE31,58979,38.04187,23.68494,False
Piraeus,Greece,ESYE31,163688,37.94203,23.64619,False
Políchni,Greece,ESYE12,38887,40.66671,22.94881,False
Polýgyros,Greece,ESYE12,10000,40.37704,23.44135,False
Préveza,Greece,ESYE21,17283,38.95617,20.7505,False
Ptolemaḯda,Greece,ESYE13,30045,40.51472,21.67861,False
Pylaía,Greece,ESYE12,36843,40.59918,22.98613,False
Párga,Greece,ESYE21,10762,39.28572,20.40044,False
Pátra,Greece,ESYE23,168034,38.2462,21.73508,False
Péfka,Greece,ESYE12,13435,40.65806,22.99378,False
Péfki,Greece,ESYE31,21352,38.06019,23.79264,False
Pérama,Greece,ESYE31,25389,37.96775,23.5721,False
Pýrgos,Greece,ESYE23,22399,37.67513,21.44102,False
Rafína,Greece,ESYE31,12168,38.01812,24.00599,False
Rethymno,Greece,ESYE43,32468,35.36555,24.48232,False
Río,Greece,ESYE23,14219,38.29558,21.78504,False
Ródos,Greece,ESYE42,56128,36.43556,28.22199,False
Salamína,Greece,ESYE31,25370,37.96427,23.49649,False
Sparta,Greece,ESYE25,16239,37.07446,22.43009,False
Stavroúpoli,Greece,ESYE12,46008,40.66944,22.93806,False
Sykiés,Greece,ESYE12,44955,40.64944,22.95083,False
Sérres,Greece,ESYE12,58287,41.08499,23.54757,False
Thessaloníki,Greece,ESYE12,317778,40.64072,22.93493,False
Thérmi,Greece,ESYE12,14373,40.54712,23.01967,False
Thívai,Greece,ESYE24,32410,38.325,23.31889,False
Tríkala,Greece,ESYE14,61653,39.55493,21.76837,False
Trípoli,Greece,ESYE25,26561,37.50959,22.37883,False
Távros,Greece,ESYE31,14972,37.97064,23.69043,False
Týrnavos,Greece,ESYE14,10796,39.73778,22.28917,False
Volos,Greece,ESYE14,86048,39.36923,22.94769,False
Voúla,Greece,ESYE31,28364,37.84221,23.77651,False
Vrilissia,Greece,ESYE31,30741,38.03381,23.82962,False
Vári,Greece,ESYE31,16717,37.8332,23.80311,False
Véroia,Greece,ESYE12,44464,40.52437,22.20242,False
Výronas,Greece,ESYE31,61308,37.96105,23.753,False
Xánthi,Greece,ESYE11,48221,41.13488,24.888,False
Ymittos,Greece,ESYE31,11000,37.95342,23.74897,False
Zakynthos,Greece,ESYE22,11541,37.78022,20.89555,False
Zográfos,Greece,ESYE31,71026,37.97574,23.76911,False
Ágioi Anárgyroi,Greece,ESYE31,34168,38.03013,23.72379,False
Ágios Athanásios,Greece,ESYE12,13026,40.71598,22.72841,False
Ágios Nikólaos,Greece,ESYE43,11421,35.19106,25.71524,False
Álimos,Greece,ESYE31,41720,37.91033,23.72361,False
Áno Liósia,Greece,ESYE31,33565,38.08333,23.7,False
Árgos,Greece,ESYE25,22209,37.63333,22.73333,False
Árta,Greece,ESYE21,21895,39.16014,20.98561,False
Édessa,Greece,ESYE12,18669,40.8026,22.04751,False
Évosmos,Greece,ESYE12,74686,40.67056,22.90833,False
Ílion,Greece,ESYE31,84793,38.03333,23.7,False
Abony,Hungary,16,16342,47.1899,20.00476,False
Ajka,Hungary,23,31407,47.10196,17.55892,False
Albertfalva,Hungary,16,11845,47.44402,19.03723,False
Albertirsa,Hungary,16,11864,47.24315,19.61686,False
Alsórákos,Hungary,05,29023,47.52791,19.12287,False
Angyalföld,Hungary,05,62006,47.54765,19.07973,False
Baja,Hungary,01,37714,46.18299,18.95307,False
Balassagyarmat,Hungary,14,13931,48.07296,19.29614,False
Balatonfüred,Hungary,23,13138,46.96188,17.87187,False
Balmazújváros,Hungary,10,18012,47.61667,21.35,False
Barcs,Hungary,17,12116,45.96,17.45861,False
Berettyóújfalu,Hungary,10,14614,47.22362,21.53656,False
Bicske,Hungary,08,11072,47.48419,18.64404,False
Bonyhád,Hungary,21,14184,46.29921,18.53024,False
Buda,Hungary,05,510108,47.5,19.03333,False
Budafok,Hungary,05,26782,47.42393,19.03635,False
Budakeszi,Hungary,16,14330,47.51083,18.92717,False
Budapest,Hungary,05,1741041,47.49835,19.04045,True
Budapest I. kerület,Hungary,05,24728,47.49705,19.03961,False
Budapest II. kerület,Hungary,05,88729,47.51984,19.02218,False
Budapest III. kerület,Hungary,05,123723,47.54157,19.04501,False
Budapest IV. kerület,Hungary,05,98374,47.56182,19.08909,False
Budapest V. kerület,Hungary,05,26284,47.49958,19.05115,False
Budapest VI. kerület,Hungary,05,42120,47.50369,19.06583,False
Budapest VIII. kerület,Hungary,05,82222,47.48919,19.07012,False
Budapest XI. kerület,Hungary,05,139049,47.47603,19.03605,False
Budapest XII. kerület,Hungary,05,56544,47.49192,19.01493,False
Budapest XIII. kerület,Hungary,05,113531,47.52978,19.08068,False
Budapest XIX. kerület,Hungary,05,61610,47.45293,19.14943,False
Budapest XV. kerület,Hungary,05,80218,47.56263,19.11681,False
Budapest XVI. kerület,Hungary,05,68484,47.51482,19.17028,False
Budapest XVII. kerület,Hungary,05,78250,47.47997,19.25388,False
Budapest XVIII. kerület,Hungary,05,93225,47.44417,19.17595,False
Budapest XX. kerület,Hungary,05,63371,47.43674,19.10093,False
Budapest XXI. kerület,Hungary,05,76339,47.42215,19.06641,False
Budapest XXII. kerület,Hungary,05,50499,47.42698,19.04016,False
Budapest XXIII. kerület,Hungary,05,20387,47.39788,19.11492,False
Budatétény,Hungary,05,10715,47.409,19.021,False
Budaörs,Hungary,16,25089,47.46181,18.95845,False
Bátonyterenye,Hungary,14,14214,47.96962,19.84076,False
Békés,Hungary,03,21198,46.76667,21.13333,False
Békéscsaba,Hungary,03,59732,46.68333,21.1,False
Cegléd,Hungary,16,39287,47.17266,19.79952,False
Celldömölk,Hungary,22,11421,47.25713,17.15027,False
Csepel-Belváros,Hungary,05,10461,47.43031,19.06842,False
Csepel-Csillagtelep,Hungary,05,18527,47.40918,19.05944,False
Csepel-Királyerdő,Hungary,05,15917,47.40253,19.09182,False
Csillaghegy,Hungary,05,10748,47.58665,19.05712,False
Csongrád,Hungary,06,18580,46.71332,20.14241,False
Csorna,Hungary,09,10825,47.61155,17.25012,False
Dabas,Hungary,16,16590,47.18594,19.31091,False
Debrecen,Hungary,10,202402,47.53167,21.62444,False
Diósgyőr,Hungary,04,18065,48.1,20.68333,False
Dombóvár,Hungary,21,20748,46.37657,18.13696,False
Dorog,Hungary,12,12658,47.72095,18.73641,False
Dunaharaszti,Hungary,16,16973,47.3545,19.09822,False
Dunakeszi,Hungary,16,30246,47.63641,19.13864,False
Dunaújváros,Hungary,08,50084,46.96479,18.93974,False
Edelény,Hungary,04,11037,48.3,20.73333,False
Eger,Hungary,11,53876,47.90265,20.37329,False
Erzsébetváros,Hungary,05,62000,47.50207,19.07218,False
Esztergom,Hungary,12,28785,47.7928,18.74148,False
Ferencváros,Hungary,05,59056,47.47754,19.09081,False
Fót,Hungary,16,16770,47.6177,19.1887,False
Gubacsipuszta,Hungary,05,10250,47.43117,19.14119,False
Gyomaendrőd,Hungary,03,15194,46.93333,20.83333,False
Gyula,Hungary,03,32269,46.65,21.28333,False
Gyál,Hungary,16,21937,47.38449,19.2214,False
Gyömrő,Hungary,16,14155,47.42733,19.40133,False
Gyöngyös,Hungary,11,32938,47.78257,19.928,False
Győr,Hungary,09,129301,47.68333,17.63512,False
Göd,Hungary,16,15874,47.68324,19.13417,False
Gödöllő,Hungary,16,32374,47.59657,19.35515,False
Hajdúböszörmény,Hungary,10,31957,47.66667,21.51667,False
Hajdúhadház,Hungary,10,12892,47.68333,21.66667,False
Hajdúnánás,Hungary,10,18032,47.85,21.43333,False
Hajdúszoboszló,Hungary,10,23781,47.45,21.4,False
Hajdúsámson,Hungary,10,10854,47.6,21.76667,False
Hatvan,Hungary,11,20228,47.66667,19.68333,False
Havanna-lakótelep,Hungary,05,13357,47.44031,19.16695,False
Heves,Hungary,11,11311,47.6,20.28333,False
Hódmezővásárhely,Hungary,06,44009,46.41667,20.33333,False
Isaszeg,Hungary,16,11402,47.53011,19.40205,False
Istvánmező,Hungary,05,11794,47.5047,19.09554,False
Jászberény,Hungary,20,27439,47.5,19.91667,False
József Attila-lakótelep,Hungary,05,12066,47.46413,19.11681,False
Józsefváros,Hungary,05,76957,47.48938,19.07292,False
Kalocsa,Hungary,01,18242,46.52981,18.97283,False
Kaposvár,Hungary,17,64280,46.36667,17.8,False
Kapuvár,Hungary,09,10661,47.59224,17.02886,False
Karcag,Hungary,20,22370,47.31667,20.93333,False
Kazincbarcika,Hungary,04,32396,48.25,20.63333,False
Kecskemét,Hungary,01,109847,46.90618,19.69128,False
Kelenföld,Hungary,05,53332,47.46614,19.03102,False
Keszthely,Hungary,24,19652,46.76812,17.24317,False
Kiskunfélegyháza,Hungary,01,31720,46.71213,19.84458,False
Kiskunhalas,Hungary,01,29354,46.43402,19.48479,False
Kiskunmajsa,Hungary,01,11955,46.49028,19.74,False
Kiskőrös,Hungary,01,15091,46.62139,19.28528,False
Kispest,Hungary,05,61453,47.4515,19.14017,False
Kistarcsa,Hungary,16,12645,47.54757,19.26247,False
Kisvárda,Hungary,18,18190,48.21667,22.08333,False
Kisújszállás,Hungary,20,12661,47.21667,20.76667,False
Komló,Hungary,02,26924,46.19278,18.26494,False
Komárom,Hungary,12,18805,47.74318,18.11913,False
Körmend,Hungary,22,12368,47.01096,16.60596,False
Középső-Ferencváros,Hungary,05,34036,47.47305,19.07971,False
Kőbánya,Hungary,05,78414,47.48427,19.13913,False
Kőszeg,Hungary,22,11500,47.38922,16.541,False
Lajosmizse,Hungary,01,11034,47.02133,19.56171,False
Lipótváros,Hungary,05,12050,47.50243,19.0493,False
Lágymányos,Hungary,16,19741,47.47243,19.05806,False
Magdolnanegyed,Hungary,05,10320,47.49298,19.08323,False
Maglód,Hungary,16,10144,47.44258,19.36438,False
Makó,Hungary,06,25135,46.21667,20.48333,False
Marcali,Hungary,17,11216,46.58498,17.41196,False
Mezőberény,Hungary,03,11306,46.81667,21.03333,False
Mezőkövesd,Hungary,04,17701,47.81667,20.58333,False
Mezőtúr,Hungary,20,19168,47.0,20.63333,False
Miskolc,Hungary,04,154521,48.10327,20.77806,False
Mohács,Hungary,02,18711,45.9902,18.68621,False
Monor,Hungary,16,21720,47.35133,19.44733,False
Mosonmagyaróvár,Hungary,09,30359,47.86789,17.26994,False
Mátyásföld,Hungary,05,19869,47.50949,19.21128,False
Mátészalka,Hungary,18,18718,47.95528,22.32348,False
Mór,Hungary,08,14690,47.37787,18.20353,False
Nagyatád,Hungary,17,10348,46.22961,17.35788,False
Nagykanizsa,Hungary,24,47349,46.45347,16.99104,False
Nagykálló,Hungary,18,10796,47.87491,21.84082,False
Nagykáta,Hungary,16,13322,47.41514,19.7441,False
Nagykőrös,Hungary,16,23517,47.03419,19.77857,False
Nagytétény,Hungary,16,12045,47.39527,18.98566,False
Naphegy,Hungary,16,24728,47.48841,19.0254,False
Nyírbátor,Hungary,18,13434,47.83333,22.13333,False
Nyíregyháza,Hungary,18,117689,47.95539,21.71671,False
Orosháza,Hungary,03,31373,46.56667,20.66667,False
Oroszlány,Hungary,12,20271,47.48671,18.31225,False
Országút,Hungary,05,11740,47.51129,19.02691,False
Pacsirtatelep,Hungary,05,11756,47.42189,19.12199,False
Paks,Hungary,21,20638,46.6221,18.85569,False
Pest,Hungary,05,1001748,47.5,19.08333,False
Pesterzsébet,Hungary,05,36045,47.43333,19.11667,False
Pestlőrinc,Hungary,05,58722,47.42977,19.21592,False
Pestújhely,Hungary,05,10571,47.5398,19.13363,False
Pilis,Hungary,16,11102,47.28904,19.54848,False
Pilisvörösvár,Hungary,16,14274,47.61386,18.90893,False
Pomáz,Hungary,16,14917,47.64227,19.02784,False
Pápa,Hungary,23,32990,47.33004,17.4674,False
Pásztó,Hungary,14,10119,47.92019,19.69829,False
Pécel,Hungary,16,13193,47.48962,19.34162,False
Pécs,Hungary,02,145347,46.07617,18.22814,False
Püspökladány,Hungary,10,15990,47.31667,21.11667,False
Rákoscsaba,Hungary,05,14898,47.48787,19.29807,False
Rákoscsaba-Újtelep,Hungary,16,11148,47.50116,19.28589,False
Rákoshegy,Hungary,05,13614,47.46256,19.23893,False
Rákoskeresztúr,Hungary,16,24971,47.47324,19.26178,False
Rákospalota,Hungary,05,38530,47.56453,19.12207,False
Rákosszentmihály,Hungary,05,23098,47.52462,19.15501,False
Rómaifürdő,Hungary,16,12681,47.5771,19.06506,False
Sajószentpéter,Hungary,04,11679,48.21667,20.71667,False
Salgótarján,Hungary,14,34627,48.09872,19.80303,False
Sarkad,Hungary,03,10698,46.75,21.38333,False
Sashalom,Hungary,05,15288,47.51526,19.17058,False
Siklós,Hungary,02,10180,45.85499,18.29752,False
Siófok,Hungary,17,23028,46.90413,18.058,False
Sopron,Hungary,09,62246,47.68501,16.59049,False
Soroksár,Hungary,05,13985,47.40515,19.12441,False
Szarvas,Hungary,03,18170,46.86667,20.55,False
Szeged,Hungary,06,160766,46.253,20.14824,False
Szekszárd,Hungary,21,34174,46.34723,18.71189,False
Szentendre,Hungary,16,23606,47.66943,19.07561,False
Szentes,Hungary,06,27898,46.65834,20.2608,False
Szerencs,Hungary,04,10046,48.15993,21.2097,False
Szigethalom,Hungary,16,13092,47.32228,19.00262,False
Szigetszentmiklós,Hungary,16,24874,47.34382,19.04335,False
Szigetvár,Hungary,02,11267,46.04865,17.80554,False
Szolnok,Hungary,20,71285,47.18066,20.19835,False
Szombathely,Hungary,22,78025,47.23088,16.62155,False
Százhalombatta,Hungary,16,17566,47.32949,18.93878,False
Székesfehérvár,Hungary,08,101600,47.18995,18.41034,False
Sárbogárd,Hungary,08,13424,46.88692,18.62041,False
Sárospatak,Hungary,04,11886,48.3245,21.57383,False
Sárvár,Hungary,22,15343,47.25395,16.93525,False
Sátoraljaújhely,Hungary,04,18052,48.39492,21.65871,False
Tapolca,Hungary,23,17598,46.88152,17.44117,False
Tata,Hungary,12,23217,47.65289,18.31838,False
Tatabánya,Hungary,12,65849,47.59247,18.38099,False
Tiszaföldvár,Hungary,20,11873,46.98333,20.25,False
Tiszafüred,Hungary,20,10872,47.61667,20.76667,False
Tiszakécske,Hungary,01,11745,46.93261,20.10349,False
Tiszavasvári,Hungary,18,13631,47.96667,21.35,False
Tiszaújváros,Hungary,04,17295,47.93333,21.08333,False
Tolna,Hungary,21,12011,46.42677,18.78248,False
Tököl,Hungary,16,10164,47.32178,18.96249,False
Törökbálint,Hungary,16,11658,47.42931,18.91356,False
Törökszentmiklós,Hungary,20,22770,47.18333,20.41667,False
Túrkeve,Hungary,20,10016,47.1,20.75,False
Vecsés,Hungary,16,19327,47.40705,19.28648,False
Veresegyház,Hungary,16,18122,47.6459,19.29536,False
Veszprém,Hungary,23,56927,47.09327,17.91149,False
Vác,Hungary,16,35108,47.77591,19.13612,False
Várpalota,Hungary,23,21299,47.19936,18.13954,False
Wekerletelep,Hungary,05,11461,47.45561,19.12609,False
Zalaegerszeg,Hungary,24,61898,46.83695,16.84401,False
Zugló,Hungary,05,130000,47.51758,19.10549,False
Érd,Hungary,16,62408,47.39489,18.91361,False
Óbuda,Hungary,05,33836,47.55,19.03333,False
Óhegy,Hungary,05,25842,47.47803,19.1479,False
Ózd,Hungary,04,30056,48.21667,20.3,False
Újfehértó,Hungary,18,13542,47.8,21.68333,False
Újhegy,Hungary,05,14857,47.46719,19.16635,False
Újlipótváros,Hungary,05,36888,47.51606,19.05279,False
Újpalota,Hungary,16,36259,47.53728,19.14411,False
Újpest,Hungary,05,100694,47.56863,19.08456,False
Újpéteritelep,Hungary,05,10685,47.40677,19.19046,False
Újszeged,Hungary,19,25300,46.24754,20.16571,False
Üllő,Hungary,16,12185,47.38771,19.35533,False
Akureyri,Iceland,40,19219,65.68353,-18.0878,False
Garðabær,Iceland,39,11421,64.08865,-21.92298,False
Hafnarfjörður,Iceland,39,31525,64.0671,-21.93774,False
Keflavík,Iceland,43,15930,64.00492,-22.56242,False
Kópavogur,Iceland,39,40040,64.11234,-21.91298,False
Mosfellsbær,Iceland,39,13715,64.16667,-21.7,False
Reykjanesbær,Iceland,43,19724,63.99813,-22.56111,False
Reykjavík,Iceland,39,118918,64.13548,-21.89541,True
An Muileann gCearr,Ireland,L,22667,53.52466,-7.3385,False
Arklow,Ireland,L,13399,52.79443,-6.14958,False
Ashbourne,Ireland,L,12679,53.51163,-6.39821,False
Athlone,Ireland,L,22869,53.42278,-7.93722,False
Balbriggan,Ireland,L,21722,53.60846,-6.1831,False
Ballina,Ireland,C,10556,54.11667,-9.16667,False
Ballincollig,Ireland,M,18621,51.88333,-8.58333,False
Blanchardstown,Ireland,L,16511,53.38806,-6.37556,False
Bray,Ireland,L,33512,53.20278,-6.09833,False
Cabinteely,Ireland,L,10038,53.26973,-6.16058,False
Carlow,Ireland,L,27351,52.84083,-6.92611,False
Carrigaline,Ireland,M,18239,51.81167,-8.39861,False
Castlebar,Ireland,C,13054,53.85,-9.3,False
Castletroy,Ireland,M,14733,52.67349,-8.55333,False
Cavan,Ireland,U,11741,53.99083,-7.36056,False
Celbridge,Ireland,L,20288,53.34165,-6.54419,False
Clondalkin,Ireland,L,14508,53.32444,-6.39722,False
Cluain Meala,Ireland,M,18369,52.355,-7.70389,False
Cobh,Ireland,M,14148,51.85046,-8.2948,False
Cork,Ireland,M,224004,51.89797,-8.47061,False
Crumlin,Ireland,L,11294,53.32154,-6.31439,False
Donaghmede,Ireland,L,15299,53.39845,-6.16179,False
Donnybrook,Ireland,L,10645,53.31375,-6.22274,False
Douglas,Ireland,M,26883,51.87444,-8.435,False
Drogheda,Ireland,L,44135,53.71889,-6.34778,False
Droichead Nua,Ireland,L,22742,53.18194,-6.79667,False
Dublin,Ireland,L,1024027,53.33306,-6.24889,True
Dundalk,Ireland,L,43112,54.0,-6.41667,False
Dundrum,Ireland,L,12152,53.29067,-6.25714,False
Dún Laoghaire,Ireland,L,31239,53.29395,-6.13586,False
Ennis,Ireland,M,27923,52.84361,-8.98639,False
Finglas,Ireland,L,19768,53.38917,-6.29694,False
Foxrock,Ireland,L,12870,53.26667,-6.17417,False
Galway,Ireland,C,85910,53.27245,-9.05095,False
Greystones,Ireland,L,22009,53.14083,-6.06306,False
Jobstown,Ireland,L,10825,53.27866,-6.40803,False
Kilkenny,Ireland,L,21589,52.65417,-7.25222,False
Killarney,Ireland,M,14504,52.0598,-9.50858,False
Kilquade,Ireland,L,14886,53.09743,-6.08411,False
Knocklyon,Ireland,L,14628,53.2803,-6.3313,False
Laytown,Ireland,L,10889,53.68194,-6.23917,False
Leixlip,Ireland,L,15504,53.36583,-6.49556,False
Letterkenny,Ireland,U,22549,54.95,-7.73333,False
Limerick,Ireland,M,102287,52.66472,-8.62306,False
Longford,Ireland,L,10952,53.72536,-7.79823,False
Lucan,Ireland,L,15269,53.35736,-6.44859,False
Malahide,Ireland,L,16550,53.45083,-6.15444,False
Mallow,Ireland,M,13456,52.13333,-8.63333,False
Marino,Ireland,L,11023,53.37022,-6.23646,False
Maynooth,Ireland,L,17259,53.385,-6.59361,False
Midleton,Ireland,M,12496,51.91526,-8.18052,False
Naas,Ireland,L,20713,53.21583,-6.66694,False
Navan,Ireland,L,33886,53.65278,-6.68139,False
Palmerstown,Ireland,L,11130,53.35019,-6.37778,False
Portlaoise,Ireland,L,23494,53.03441,-7.29979,False
Rathfarnham,Ireland,L,17333,53.30056,-6.28278,False
Rathmines,Ireland,L,11044,53.32028,-6.26333,False
Sandyford,Ireland,L,22288,53.2747,-6.2253,False
Shankill,Ireland,L,14257,53.22611,-6.12444,False
Shannon,Ireland,M,10256,52.70389,-8.86417,False
Skerries,Ireland,L,10043,53.58278,-6.10833,False
Sligo,Ireland,C,20608,54.26969,-8.46943,False
South Dublin,Ireland,L,301075,53.29026,-6.34151,False
Swords,Ireland,L,40776,53.45972,-6.21806,False
Tallaght,Ireland,L,81022,53.2859,-6.37344,False
Templeogue,Ireland,L,18076,53.29528,-6.30889,False
Tralee,Ireland,M,26079,52.27042,-9.70264,False
Trá Mhór,Ireland,M,10381,52.16235,-7.15244,False
Tullamore,Ireland,L,15598,53.27389,-7.48889,False
Waterford,Ireland,M,60079,52.25833,-7.11194,False
Wexford,Ireland,L,21524,52.33417,-6.4575,False
Wicklow,Ireland,L,12957,52.975,-6.04944,False
Abano Terme,Italy,20,18224,45.35753,11.78725,False
Abbiategrasso,Italy,09,32784,45.39821,8.91678,False
Acerra,Italy,04,59910,40.94477,14.3714,False
Aci Castello,Italy,15,17588,37.55564,15.14535,False
Aci Catena,Italy,15,24663,37.60614,15.14165,False
Aci Sant'Antonio,Italy,15,10373,37.60499,15.12294,False
Acilia-Castel Fusano-Ostia Antica,Italy,07,129362,41.76337,12.33078,False
Acireale,Italy,15,49477,37.60886,15.16577,False
Acquaviva delle Fonti,Italy,13,20536,40.89704,16.8433,False
Acqui Terme,Italy,12,17828,44.67552,8.46934,False
Adelfia,Italy,13,16756,41.0033,16.87208,False
Adrano,Italy,15,34446,37.66358,14.83283,False
Adria,Italy,20,12986,45.05445,12.05599,False
Adriano,Italy,09,17508,45.51342,9.24871,False
Afragola,Italy,04,64470,40.92298,14.30935,False
Agliana,Italy,16,14561,43.90246,11.00531,False
Agrate Brianza,Italy,09,14493,45.57431,9.34793,False
Agrigento,Italy,15,32514,37.31065,13.57661,False
Agropoli,Italy,04,17335,40.34923,14.99067,False
Alassio,Italy,08,10623,44.00393,8.16713,False
Alatri,Italy,07,10308,41.73187,13.3412,False
Alba,Italy,12,24923,44.6999,8.0347,False
Alba Adriatica,Italy,01,11165,42.83176,13.9259,False
Albano Laziale,Italy,07,26684,41.72748,12.659,False
Albenga,Italy,08,17103,44.04997,8.21829,False
Albignasego,Italy,20,16477,45.34705,11.86781,False
Albino,Italy,09,13263,45.76444,9.79904,False
Alcamo,Italy,15,44431,37.9779,12.96473,False
Alessandria,Italy,12,92104,44.90924,8.61007,False
Alghero,Italy,14,34261,40.55969,8.31953,False
Alpignano,Italy,12,16598,45.09346,7.52392,False
Altamura,Italy,13,70539,40.82664,16.54952,False
Altavilla Vicentina,Italy,20,10128,45.51329,11.46877,False
Alzano Lombardo,Italy,09,12750,45.73681,9.72638,False
Ancona,Italy,10,89994,43.60717,13.5103,False
Andria,Italy,13,99784,41.23117,16.29797,False
Angri,Italy,04,31632,40.73815,14.5707,False
Anguillara Sabazia,Italy,07,14121,42.0792,12.28368,False
Anzio,Italy,07,45403,41.45263,12.62157,False
Aosta,Italy,19,35261,45.73764,7.31722,False
Apricena,Italy,13,13195,41.78629,15.44394,False
Aprilia,Italy,07,74977,41.59452,12.65419,False
Arcella,Italy,20,44000,45.42178,11.88755,False
Arco,Italy,17,12072,45.91772,10.88672,False
Arcore,Italy,09,16690,45.62675,9.32454,False
Ardea,Italy,07,17078,41.60742,12.54158,False
Arenella,Italy,04,67634,40.85734,14.2228,False
Arenzano,Italy,08,11226,44.40521,8.68315,False
Arese,Italy,09,19138,45.55048,9.07741,False
Arezzo,Italy,16,100734,43.46276,11.88068,False
Ariccia,Italy,07,17487,41.72063,12.6723,False
Arluno,Italy,09,10362,45.50344,8.94222,False
Arona,Italy,12,12970,45.7589,8.55715,False
Arpino,Italy,04,17760,40.88882,14.32015,False
Artena,Italy,07,10805,41.74126,12.90667,False
Arzano,Italy,04,34933,40.90959,14.26519,False
Arzignano,Italy,20,21247,45.52027,11.33446,False
Ascoli Piceno,Italy,10,41741,42.85351,13.57395,False
Assemini,Italy,14,25257,39.29123,8.99879,False
Asti,Italy,12,74348,44.90162,8.20751,False
Augusta,Italy,15,30723,37.24065,15.22121,False
Aurora,Italy,12,20001,45.0807,7.6873,False
Avellino,Italy,04,48104,40.91494,14.79103,False
Aversa,Italy,04,52974,40.97259,14.20745,False
Avezzano,Italy,01,37808,42.02896,13.42641,False
Avola,Italy,15,28666,36.9084,15.13937,False
Avvocata,Italy,04,33001,40.85432,14.24325,False
Azzano Decimo,Italy,06,12320,45.90937,12.6642,False
Bacoli,Italy,04,25590,40.79672,14.07349,False
Bagheria,Italy,15,53149,38.07892,13.51237,False
Bagnoli,Italy,04,23333,40.81322,14.16807,False
Bagnolo Mella,Italy,09,11871,45.42765,10.18638,False
Baranzate,Italy,09,11190,45.52717,9.11724,False
Barcellona Pozzo di Gotto,Italy,15,34598,38.14772,15.21469,False
Bareggio,Italy,09,16546,45.47927,8.99789,False
Bari,Italy,13,316491,41.12066,16.86982,False
Barletta,Italy,13,93279,41.31429,16.28165,False
Baronissi,Italy,04,12383,40.74817,14.7738,False
Barra,Italy,04,36642,40.84255,14.31849,False
Barrafranca,Italy,15,13397,37.3785,14.2027,False
Barriera di Lanzo,Italy,12,50000,45.10981,7.65126,False
Barriera di Milano,Italy,12,50354,45.09228,7.69399,False
Bassano del Grappa,Italy,20,38224,45.76656,11.72739,False
Bastia umbra,Italy,18,17831,43.06425,12.54612,False
Battipaglia,Italy,04,47104,40.60861,14.98209,False
Beccacivetta,Italy,20,10402,45.3571,10.95748,False
Bellaria-Igea Marina,Italy,05,17635,44.14255,12.47154,False
Bellizzi,Italy,04,10811,40.61981,14.94685,False
Belluno,Italy,20,25064,46.14262,12.2156,False
Belmonte Mezzagno,Italy,15,10208,38.04653,13.39207,False
Belpasso,Italy,15,16319,37.59192,14.97985,False
Benevento,Italy,04,58418,41.1307,14.77816,False
Bergamo,Italy,09,121200,45.69601,9.66721,False
Bernalda,Italy,02,10763,40.41261,16.68919,False
Bettola-Zeloforomagno,Italy,09,13761,45.4308,9.3087,False
Biancavilla,Italy,15,23188,37.64442,14.86685,False
Biassono,Italy,09,10897,45.62864,9.27124,False
Biella,Italy,12,43030,45.56304,8.05796,False
Bisceglie,Italy,13,55385,41.24264,16.50104,False
Bitetto,Italy,13,11374,41.04146,16.74806,False
Bitonto,Italy,13,51661,41.11006,16.69086,False
Bitritto,Italy,13,10773,41.04336,16.82682,False
Bollate,Italy,09,35235,45.54647,9.12054,False
Bologna,Italy,05,394843,44.49381,11.33875,False
Bolzano,Italy,17,107436,46.49067,11.33982,False
Borgaro Torinese,Italy,12,11291,45.15122,7.65543,False
Borgata Lesna,Italy,12,10003,45.0636,7.62102,False
Borgata Paradiso,Italy,12,12000,45.0764,7.60211,False
Borgo San Dalmazzo,Italy,12,11128,44.33785,7.4931,False
Borgo San Paolo,Italy,12,33366,45.06024,7.64455,False
Borgo Vittoria,Italy,12,14817,45.1024,7.67867,False
Borgomanero,Italy,12,20430,45.69873,8.4623,False
Borgosesia,Italy,12,10967,45.72045,8.27466,False
Boscoreale,Italy,04,26861,40.77274,14.48118,False
Boscotrecase,Italy,04,10331,40.77296,14.46185,False
Bovisio-Masciago,Italy,09,16542,45.61019,9.15301,False
Bovolone,Italy,20,14036,45.26142,11.11786,False
Bra,Italy,12,24072,44.69776,7.85128,False
Bracciano,Italy,07,12459,42.10271,12.16565,False
Breo,Italy,12,14772,44.39865,7.81903,False
Brera,Italy,09,18492,45.47154,9.18763,False
Brescia,Italy,09,200423,45.53558,10.21472,False
Bressanone,Italy,17,15868,46.71503,11.65598,False
Bresso,Italy,09,25712,45.53792,9.18921,False
Brindisi,Italy,13,87141,40.63215,17.93607,False
Bronte,Italy,15,19074,37.78863,14.83377,False
Brugherio,Italy,09,33061,45.55301,9.29907,False
Brunico,Italy,17,12282,46.79942,11.93429,False
Brusciano,Italy,04,15238,40.92237,14.42386,False
Bussolengo,Italy,20,15170,45.46903,10.85371,False
Busto Arsizio,Italy,09,83405,45.61128,8.84914,False
Busto Garolfo,Italy,09,13364,45.54809,8.88298,False
Cagliari,Italy,14,149257,39.23054,9.11917,False
Caivano,Italy,04,34604,40.95753,14.30591,False
Caldogno-Rettorgole-Cresole,Italy,20,10361,45.6078,11.5028,False
Calenzano,Italy,16,12623,43.85447,11.16608,False
Calolziocorte,Italy,09,13794,45.79538,9.43765,False
Caltagirone,Italy,15,38391,37.23785,14.51551,False
Caltanissetta,Italy,15,62797,37.49025,14.06216,False
Calvizzano,Italy,04,11194,40.90782,14.18581,False
Camaiore,Italy,16,26746,43.94265,10.29754,False
Cameri,Italy,12,10330,45.50159,8.66245,False
Campi Bisenzio,Italy,16,32871,43.8245,11.13027,False
Campi Salentina,Italy,13,10596,40.39747,18.02141,False
Campo di Marte,Italy,16,88588,43.77693,11.27707,False
Campobasso,Italy,11,49230,41.55947,14.66737,False
Campobello di Licata,Italy,15,10047,37.25759,13.91811,False
Campodarsego,Italy,20,11971,45.49815,11.92194,False
Camponogara,Italy,20,10817,45.37954,12.08638,False
Canegrate,Italy,09,12322,45.56825,8.92689,False
Canicattì,Italy,15,32918,37.35842,13.84786,False
Canosa di Puglia,Italy,13,29847,41.21954,16.06768,False
Cantù,Italy,09,39917,45.74096,9.13084,False
Capannori,Italy,16,41116,43.84171,10.57271,False
Capo d'Orlando,Italy,15,12038,38.14262,14.73292,False
Capoterra,Italy,14,11255,39.1752,8.97199,False
Capua,Italy,04,15438,41.10519,14.21269,False
Capurso,Italy,13,13958,41.04598,16.92168,False
Carate Brianza,Italy,09,15404,45.67574,9.23723,False
Caravaggio,Italy,09,13340,45.49627,9.64165,False
Carbonara di Bari,Italy,13,22625,41.06667,16.86667,False
Carbonia,Italy,14,21664,39.16465,8.5213,False
Cardano al Campo,Italy,09,14124,45.64887,8.76933,False
Cardito,Italy,04,22239,40.9459,14.29952,False
Carini,Italy,15,35082,38.1324,13.18274,False
Carlentini,Italy,15,14900,37.28071,15.0102,False
Carmagnola,Italy,12,23012,44.84963,7.72032,False
Caronno Pertusella,Italy,09,16377,45.59777,9.04634,False
Carovigno,Italy,13,14043,40.70626,17.65847,False
Carpenedolo,Italy,09,11589,45.36169,10.43124,False
Carpi,Italy,05,71148,44.78237,10.8777,False
Carrara,Italy,16,58666,44.07926,10.09789,False
Carugate,Italy,09,15368,45.54983,9.34044,False
Casa Santa,Italy,15,23880,38.02514,12.5484,False
Casagiove,Italy,04,13654,41.07124,14.31163,False
Casal Bertone,Italy,07,16273,41.89821,12.53413,False
Casal Palocco,Italy,07,32706,41.74845,12.34726,False
Casal de' Pazzi,Italy,07,27206,41.92884,12.56582,False
Casal di Principe,Italy,04,20589,41.00996,14.13013,False
Casale Monferrato,Italy,12,33213,45.13338,8.4525,False
Casalecchio di Reno,Italy,05,33789,44.47563,11.27495,False
Casalmaggiore,Italy,09,10438,44.98981,10.42055,False
Casalnuovo di Napoli,Italy,04,45796,40.90969,14.34205,False
Casalpusterlengo,Italy,09,12674,45.17921,9.64834,False
Casamassima,Italy,13,18380,40.95653,16.92075,False
Casandrino,Italy,04,13179,40.92845,14.24744,False
Casarano,Italy,13,19359,40.01131,18.16237,False
Casavatore,Italy,04,18663,40.89921,14.27663,False
Cascina,Italy,16,40512,43.67557,10.55494,False
Caselle Torinese,Italy,12,11817,45.17458,7.6429,False
Caserta,Italy,04,72844,41.07262,14.33231,False
Casoria,Italy,04,73918,40.90751,14.293,False
Cassano All'Ionio,Italy,03,11560,39.78142,16.32738,False
Cassano Magnago,Italy,09,21208,45.67206,8.82691,False
Cassano d'Adda,Italy,09,17267,45.52637,9.51528,False
Cassano delle Murge,Italy,13,12321,40.89112,16.76531,False
Cassina de' Pecchi,Italy,09,11042,45.51637,9.35975,False
Cassino,Italy,07,21074,41.48581,13.82835,False
Castano Primo,Italy,09,10478,45.55175,8.77562,False
Castel Maggiore,Italy,05,16068,44.57707,11.36071,False
Castel Mella,Italy,09,10725,45.49913,10.14553,False
Castel San Giovanni,Italy,05,11308,45.06014,9.43784,False
Castel San Pietro Terme,Italy,05,11081,44.39854,11.58546,False
Castel Volturno,Italy,04,21881,41.03288,13.94354,False
Casteldaccia,Italy,15,10091,38.05121,13.53041,False
Castelfidardo,Italy,10,14892,43.45916,13.55044,False
Castelfiorentino,Italy,16,12656,43.60963,10.96772,False
Castelfranco Emilia,Italy,05,17315,44.59445,11.04979,False
Castelfranco Veneto,Italy,20,25545,45.67146,11.92755,False
Castellammare del Golfo,Italy,15,13085,38.02653,12.88183,False
Castellammare di Stabia,Italy,04,66164,40.70211,14.48685,False
Castellana,Italy,13,14485,40.88643,17.16549,False
Castellaneta,Italy,13,14333,40.62794,16.9329,False
Castellanza,Italy,09,14223,45.61079,8.89616,False
Castelnovo ne'Monti,Italy,05,10046,44.43556,10.40329,False
Castelvetrano,Italy,15,31680,37.68081,12.79194,False
Castiglione delle Stiviere,Italy,09,18530,45.3902,10.48619,False
Castrovillari,Italy,03,20334,39.81632,16.20183,False
Catania,Italy,15,311584,37.49223,15.07041,False
Catanzaro,Italy,03,78970,38.88247,16.60086,False
Cattolica,Italy,05,16189,43.96182,12.73631,False
Cava Dè Tirreni,Italy,04,53130,40.69954,14.70773,False
Ceccano,Italy,07,14805,41.57236,13.32901,False
Cecina,Italy,16,22018,43.30621,10.51729,False
Cefalù,Italy,15,11613,38.03856,14.02285,False
Ceglie Messapica,Italy,13,16536,40.6462,17.51661,False
Cenisia,Italy,12,36044,45.06885,7.65052,False
Cento,Italy,05,18191,44.73099,11.28716,False
Centro,Italy,12,20285,45.07119,7.68376,False
Cercola,Italy,04,17821,40.86043,14.35733,False
Cerea,Italy,20,12869,45.18936,11.21661,False
Cerignola,Italy,13,54056,41.26523,15.89559,False
Cernusco sul Naviglio,Italy,09,29078,45.52526,9.33297,False
Cerro Maggiore,Italy,09,12027,45.59366,8.95428,False
Certaldo,Italy,16,12981,43.54768,11.03924,False
Cerveteri,Italy,07,15883,41.9908,12.09082,False
Cervia,Italy,05,28700,44.26204,12.34812,False
Cervignano del Friuli,Italy,06,12275,45.82082,13.33929,False
Cervinara,Italy,04,10150,41.02042,14.61444,False
Cesano Boscone,Italy,09,23368,45.44207,9.09445,False
Cesano Maderno,Italy,09,36986,45.62915,9.15189,False
Cesate,Italy,09,13531,45.59587,9.07574,False
Cesena,Italy,05,97137,44.1391,12.24315,False
Cesenatico,Italy,05,18925,44.19987,12.3991,False
Chiaia,Italy,04,40730,40.83255,14.22677,False
Chiaiano,Italy,04,23396,40.88101,14.20759,False
Chiampo,Italy,20,10857,45.54746,11.28285,False
Chiaravalle,Italy,10,13465,43.60114,13.32511,False
Chiari,Italy,09,15541,45.53763,9.92699,False
Chiavari,Italy,08,26572,44.31771,9.32241,False
Chieri,Italy,12,36749,45.01054,7.82133,False
Chieti,Italy,01,44444,42.34827,14.16494,False
Chinatown,Italy,09,29000,45.48171,9.17522,False
Chioggia,Italy,20,46951,45.21857,12.27774,False
Chiugiana-La Commenda,Italy,18,10604,43.09823,12.30818,False
Chivasso,Italy,12,23017,45.19093,7.88981,False
Ciampino,Italy,07,38277,41.80064,12.60158,False
Cicciano,Italy,04,12639,40.96402,14.53487,False
Cinisello Balsamo,Italy,09,75943,45.55823,9.21495,False
Cinisi,Italy,15,11704,38.16082,13.10099,False
Circoiscrizione I,Italy,12,78523,45.06639,7.6868,False
Circoiscrizione II,Italy,12,141344,45.05013,7.64052,False
Circoiscrizione III,Italy,12,130709,45.06279,7.63071,False
Circoiscrizione IV,Italy,12,98787,45.08125,7.63188,False
Circoiscrizione V,Italy,12,126666,45.10147,7.65538,False
Circoiscrizione VI,Italy,12,107369,45.1022,7.70029,False
Circoiscrizione VII,Italy,12,89448,45.07824,7.69718,False
Circoiscrizione VIII,Italy,12,134028,45.03789,7.67174,False
Ciriè,Italy,12,17439,45.23486,7.60125,False
Cirò Marina,Italy,03,14840,39.36876,17.12477,False
Cisterna di Latina,Italy,07,27362,41.5908,12.82808,False
Cit Turin,Italy,12,12502,45.07431,7.65914,False
Cittadella,Italy,20,14421,45.64523,11.78453,False
Città di Castello,Italy,18,22497,43.46556,12.2375,False
Civita Castellana,Italy,07,11745,42.29304,12.40885,False
Civitanova Marche,Italy,10,42251,43.30491,13.72068,False
Civitavecchia,Italy,07,47543,42.09325,11.79674,False
Codogno,Italy,09,14583,45.16187,9.70216,False
Codroipo,Italy,06,12811,45.96469,12.97985,False
Colle di Val d'Elsa,Italy,16,16625,43.42107,11.12739,False
Colleferro,Italy,07,20736,41.72722,13.00481,False
Collegno,Italy,12,46524,45.07873,7.56735,False
Cologno Monzese,Italy,09,45786,45.53004,9.27795,False
Cologno al Serio,Italy,09,11145,45.57604,9.70892,False
Comiso,Italy,15,26298,36.94893,14.60731,False
Como,Italy,09,84808,45.80819,9.0832,False
Concesio,Italy,09,11262,45.60518,10.21697,False
Concorezzo,Italy,09,14910,45.58854,9.33393,False
Conegliano,Italy,20,30765,45.88805,12.30201,False
Conversano,Italy,13,22661,40.96836,17.11329,False
Copertino,Italy,13,23489,40.26821,18.0543,False
Corato,Italy,13,46505,41.15171,16.41143,False
Corbetta,Italy,09,13801,45.46723,8.91867,False
Cordenons,Italy,06,15962,45.9836,12.70038,False
Corigliano Scalo,Italy,03,15136,39.62713,16.51368,False
Corleone,Italy,15,10290,37.81338,13.3017,False
Cormano,Italy,09,20031,45.54917,9.15964,False
Cornaredo,Italy,09,20098,45.50128,9.02681,False
Correggio,Italy,05,15571,44.76737,10.78345,False
Corsico,Italy,09,33669,45.43099,9.11093,False
Cosenza,Italy,03,63852,39.2989,16.25307,False
Cossato,Italy,12,13931,45.57032,8.18471,False
Creazzo,Italy,20,10124,45.53154,11.47789,False
Crema,Italy,09,31481,45.36264,9.68176,False
Cremona,Italy,09,71223,45.13325,10.02129,False
Crispano,Italy,04,12249,40.95251,14.28993,False
Crispiano,Italy,13,12429,40.60379,17.2329,False
Crocetta,Italy,12,18334,45.058,7.66562,False
Crotone,Italy,03,64603,39.08077,17.12764,False
Cuneo,Italy,12,55980,44.39071,7.54828,False
Cusano,Italy,09,18904,45.55187,9.18373,False
Dalmine,Italy,09,22881,45.64933,9.60617,False
Darfo Boario Terme,Italy,09,14932,45.8915,10.18879,False
Desenzano del Garda,Italy,09,22665,45.47127,10.53559,False
Desio,Italy,09,41960,45.61831,9.20249,False
Domodossola,Italy,12,17778,46.1165,8.29313,False
Dueville,Italy,20,12649,45.63556,11.55135,False
Eboli,Italy,04,26183,40.61747,15.05693,False
Empoli,Italy,16,34394,43.71795,10.94758,False
Enna,Italy,15,22998,37.5655,14.27433,False
Eppan,Italy,17,15062,46.45853,11.25695,False
Erba,Italy,09,16431,45.8088,9.22609,False
Ercolano,Italy,04,53576,40.80783,14.35012,False
Esquilino,Italy,07,21263,41.89931,12.5139,False
Este,Italy,20,16963,45.22338,11.66379,False
Fabriano,Italy,10,23230,43.33941,12.90327,False
Faenza,Italy,05,41714,44.29007,11.87948,False
Fagnano Olona-Bergoro,Italy,09,11906,45.66977,8.85994,False
Falchera,Italy,12,13361,45.11667,7.7,False
Falconara Marittima,Italy,10,25948,43.62558,13.39954,False
Fano,Italy,10,60978,43.84052,13.01665,False
Fasano,Italy,13,22593,40.83625,17.36007,False
Favara,Italy,15,32110,37.31754,13.66226,False
Favaro Veneto,Italy,20,10491,45.49889,12.28333,False
Feltre,Italy,20,13643,46.02085,11.90031,False
Ferentino,Italy,07,12539,41.69119,13.2562,False
Fermo,Italy,10,18109,43.16296,13.72274,False
Ferrara,Italy,05,132009,44.83804,11.62057,False
Fiano Romano,Italy,07,11417,42.15538,12.59467,False
Ficarazzi,Italy,15,11356,38.09229,13.4639,False
Fidenza,Italy,05,21952,44.86694,10.06039,False
Figline Valdarno,Italy,16,13287,43.61995,11.47191,False
Filadelfia,Italy,12,45531,45.0241,7.64359,False
Fiorano,Italy,05,16278,44.53889,10.81166,False
Fiorenzuola d'Arda,Italy,05,13207,44.92435,9.91329,False
Fiumicino,Italy,07,34556,41.77093,12.23662,False
Florence,Italy,16,367150,43.77925,11.24626,False
Floridia,Italy,15,22089,37.08343,15.15332,False
Foggia,Italy,13,137032,41.45845,15.55188,False
Foligno,Italy,18,56918,42.95488,12.70268,False
Follonica,Italy,16,21163,42.92779,10.76451,False
Fondi,Italy,07,39762,41.35787,13.42718,False
Forio,Italy,04,15969,40.73757,13.86003,False
Forlì,Italy,05,116696,44.22177,12.04144,False
Formia,Italy,07,28521,41.25632,13.60888,False
Formigine,Italy,05,34328,44.57268,10.84737,False
Fornacelle,Italy,16,17278,43.92377,11.03525,False
Fossano,Italy,12,18773,44.55077,7.71922,False
Francavilla Fontana,Italy,13,33415,40.53123,17.58522,False
Francavilla al Mare,Italy,01,21095,42.42158,14.28217,False
Francofonte,Italy,15,12635,37.22477,14.87488,False
Frascati,Italy,07,20036,41.8091,12.67942,False
Frattamaggiore,Italy,04,29822,40.9414,14.27588,False
Frattaminore,Italy,04,15487,40.9558,14.27201,False
Frosinone,Italy,07,44505,41.63976,13.34109,False
Fucecchio,Italy,16,14479,43.73292,10.79749,False
Fuorigrotta,Italy,04,76521,40.83333,14.2,False
Gaeta,Italy,07,19936,41.21408,13.57082,False
Galatina,Italy,13,19569,40.17416,18.17032,False
Galatone,Italy,13,14153,40.14673,18.06937,False
Gallarate,Italy,09,50439,45.66019,8.79164,False
Galliate,Italy,12,15699,45.47942,8.69815,False
Gallipoli,Italy,13,19176,40.05594,17.99088,False
Gambettola,Italy,05,10034,44.11748,12.33705,False
Garbagnate Milanese,Italy,09,25974,45.57438,9.07537,False
Gardone Val Trompia,Italy,09,10113,45.69137,10.18635,False
Gela,Italy,15,75001,37.07381,14.24038,False
Gemona,Italy,06,11141,46.27405,13.12237,False
Genoa,Italy,08,580097,44.40478,8.94439,False
Genzano di Roma,Italy,07,20582,41.70706,12.68904,False
Ghedi,Italy,09,16351,45.40204,10.27681,False
Giardinetti-Tor Vergata,Italy,07,20680,41.85305,12.61853,False
Giarre,Italy,15,24138,37.7244,15.18165,False
Giaveno,Italy,12,11540,45.04435,7.34722,False
Giffoni Valle Piana,Italy,04,10992,40.71811,14.94235,False
Ginosa,Italy,13,16151,40.5769,16.75655,False
Gioia Tauro,Italy,03,18769,38.4251,15.8975,False
Gioia del Colle,Italy,13,24184,40.79968,16.92298,False
Giovinazzo,Italy,13,19186,41.185,16.67054,False
Giugliano in Campania,Italy,04,80269,40.92849,14.20197,False
Giulianova,Italy,01,20490,42.75381,13.9665,False
Giussano,Italy,09,25916,45.70004,9.2089,False
Gorgonzola,Italy,09,18979,45.53069,9.40531,False
Gorizia,Italy,06,34428,45.94088,13.62167,False
Gragnano,Italy,04,29082,40.68907,14.52036,False
Grammichele,Italy,15,12844,37.21326,14.63311,False
Gravina di Catania,Italy,15,26524,37.56085,15.06292,False
Gravina in Puglia,Italy,13,42210,40.81748,16.41915,False
Gricignano di Aversa,Italy,04,10559,40.97973,14.23087,False
Grosseto,Italy,16,60922,42.76296,11.10941,False
Grottaferrata,Italy,07,18144,41.78664,12.67144,False
Grottaglie,Italy,13,31320,40.53694,17.43723,False
Grottammare,Italy,10,14572,42.98182,13.86765,False
Grugliasco,Italy,12,36700,45.06516,7.57954,False
Grumo Appula,Italy,13,12618,41.01089,16.70844,False
Grumo Nevano,Italy,04,17879,40.93591,14.25983,False
Guastalla,Italy,05,11682,44.91172,10.66186,False
Gubbio,Italy,18,14378,43.34996,12.57309,False
Guidonia,Italy,07,20943,41.99232,12.71876,False
Guidonia Montecelio,Italy,07,89165,41.99362,12.72238,False
Guspini,Italy,14,11704,39.53954,8.63502,False
Gussago,Italy,09,14502,45.58358,10.15717,False
Iglesias,Italy,14,22659,39.3092,8.5372,False
Imola,Italy,05,69953,44.35916,11.7132,False
Imperia,Italy,08,42328,43.88917,8.03933,False
Induno Olona,Italy,09,10258,45.84571,8.84056,False
Infernetto,Italy,07,29838,41.73456,12.36159,False
Ischia,Italy,04,18564,40.73793,13.94862,False
Ischia Porto,Italy,04,18192,40.73913,13.951,False
Isernia,Italy,11,16945,41.59603,14.23399,False
Isola del Liri,Italy,07,10805,41.68678,13.59679,False
Isola di Capo Rizzuto,Italy,03,11045,38.95844,17.09242,False
Ispica,Italy,15,13725,36.78622,14.9053,False
Ivrea,Italy,12,23599,45.46723,7.87617,False
Jesi,Italy,10,36985,43.52142,13.24368,False
L'Aquila,Italy,01,33691,42.35055,13.39954,False
La Maddalena,Italy,14,10297,41.21424,9.40833,False
La Massimina-Casal Lumbroso,Italy,07,11112,41.87332,12.35694,False
La Spezia,Italy,08,93288,44.103,9.82375,False
Ladispoli,Italy,07,34204,41.95068,12.075,False
Lainate,Italy,09,25011,45.57176,9.02681,False
Laives,Italy,17,10710,46.42679,11.33841,False
Lamezia Terme,Italy,03,70501,38.96255,16.30938,False
Lancenigo-Villorba,Italy,20,15265,45.71289,12.25697,False
Lanciano,Italy,01,34791,42.22718,14.39024,False
Lariano,Italy,07,12893,41.71847,12.82868,False
Lastra a Signa,Italy,16,11504,43.76998,11.11271,False
Laterza,Italy,13,13879,40.62881,16.79947,False
Latiano,Italy,13,14662,40.55052,17.71856,False
Latina,Italy,07,76305,41.46614,12.9043,False
Lavagna,Italy,08,11455,44.3062,9.35383,False
Lavello,Italy,02,13086,41.04769,15.78915,False
Lavinio,Italy,07,10000,41.5035,12.58973,False
Lecce,Italy,13,80695,40.35481,18.17244,False
Lecco,Italy,09,46580,45.85589,9.39704,False
Legnago,Italy,20,21646,45.19365,11.30227,False
Legnano,Italy,09,57589,45.59788,8.91506,False
Leini,Italy,12,13644,45.18275,7.71422,False
Leno,Italy,09,10172,45.3693,10.21675,False
Lentate sul Seveso,Italy,09,10981,45.67637,9.11774,False
Lentini,Italy,15,24102,37.28556,14.99737,False
Leonforte,Italy,15,13781,37.64197,14.39766,False
Leverano,Italy,13,13643,40.28852,17.9965,False
Licata,Italy,15,36537,37.10267,13.93972,False
Lido,Italy,20,15719,45.4105,12.36649,False
Lido di Jesolo,Italy,20,10523,45.50694,12.64694,False
Lido di Ostia,Italy,07,85301,41.73212,12.27654,False
Limbiate,Italy,09,32062,45.59951,9.12509,False
Lingotto,Italy,12,49705,45.03333,7.65,False
Lissone,Italy,09,37353,45.61236,9.23985,False
Livorno,Italy,16,157017,43.54427,10.32615,False
Lizzano,Italy,13,10116,40.39301,17.44571,False
Loano,Italy,08,11014,44.12777,8.25743,False
Locri,Italy,03,10486,38.23868,16.25957,False
Lodi,Italy,09,40767,45.30989,9.50085,False
Lonate Pozzolo,Italy,09,10958,45.59213,8.75194,False
Lonigo,Italy,20,12110,45.38576,11.38402,False
Lucca,Italy,16,81748,43.84369,10.50447,False
Lucento,Italy,12,25000,45.10588,7.65563,False
Lucera,Italy,13,32222,41.5055,15.3391,False
Lugo,Italy,05,21273,44.42137,11.91094,False
Luino,Italy,09,12146,46.00185,8.74512,False
Lumezzane,Italy,09,23712,45.64789,10.26487,False
Lusciano,Italy,04,14107,40.97001,14.19043,False
Macerata,Italy,10,30842,43.29789,13.45293,False
Macerata Campania,Italy,04,10558,41.06327,14.2775,False
Macomer,Italy,14,10375,40.26233,8.76733,False
Maddaloni,Italy,04,34546,41.03578,14.3823,False
Madonna di Campagna,Italy,12,21362,45.10306,7.66382,False
Magenta,Italy,09,22566,45.46456,8.88453,False
Maglie,Italy,13,14397,40.12069,18.29797,False
Malafede,Italy,07,16844,41.77451,12.37739,False
Malnate,Italy,09,15466,45.79377,8.88104,False
Malo,Italy,20,13218,45.6591,11.41601,False
Mandello del Lario,Italy,09,10255,45.92199,9.31974,False
Manduria,Italy,13,27411,40.39899,17.63726,False
Manerbio,Italy,09,12228,45.3539,10.13803,False
Manfredonia,Italy,13,56932,41.63065,15.91876,False
Maniago,Italy,06,10395,46.16644,12.70602,False
Mantua,Italy,09,39260,45.16031,10.79784,False
Marano di Napoli,Italy,04,49920,40.8971,14.18824,False
Marcianise,Italy,04,40239,41.03064,14.29868,False
Marcon-Gaggio-Colmello,Italy,20,12565,45.56444,12.29889,False
Marghera,Italy,20,28622,45.45111,12.22389,False
Margherita di Savoia,Italy,13,11488,41.37174,16.15275,False
Mariano Comense,Italy,09,22643,45.69651,9.1818,False
Marigliano,Italy,04,29901,40.9248,14.45612,False
Marina di Ardea-Tor San Lorenzo,Italy,07,20216,41.55439,12.54115,False
Marina di Carrara,Italy,16,25000,44.03837,10.04142,False
Marina di Massa,Italy,16,19092,44.0038,10.10674,False
Marino,Italy,07,44142,41.76984,12.65917,False
Marsala,Italy,15,77915,37.7992,12.4367,False
Martina Franca,Italy,13,37685,40.70355,17.33814,False
Martinsicuro,Italy,01,10317,42.88031,13.91326,False
Mascalucia,Italy,15,32179,37.57465,15.04964,False
Massa,Italy,16,64783,44.03541,10.13927,False
Massa Lubrense,Italy,04,10192,40.60937,14.37202,False
Massafra,Italy,13,30875,40.58618,17.11635,False
Massarosa,Italy,16,22435,43.86638,10.34458,False
Matera,Italy,02,60403,40.66599,16.60463,False
Matino,Italy,13,10966,40.03083,18.1363,False
Mazara del Vallo,Italy,15,51534,37.65535,12.58986,False
Mazzarino,Italy,15,11870,37.30188,14.20959,False
Meda,Italy,09,22665,45.66121,9.15337,False
Mejaniga,Italy,20,11434,45.45768,11.90644,False
Melegnano,Italy,09,16707,45.35781,9.3236,False
Melfi,Italy,02,13079,40.99571,15.65578,False
Melito di Napoli,Italy,04,36933,40.91948,14.23104,False
Melzo,Italy,09,18031,45.4981,9.42043,False
Menfi,Italy,15,11874,37.60409,12.96889,False
Mentana,Italy,07,17047,42.03539,12.64413,False
Merano,Italy,17,41051,46.66817,11.15953,False
Merate,Italy,09,13024,45.68858,9.4208,False
Mercato San Severino,Italy,04,11473,40.78468,14.75369,False
Mesagne,Italy,13,26497,40.55851,17.80774,False
Messina,Italy,15,219948,38.19394,15.55256,False
Mestre,Italy,20,147662,45.49167,12.24538,False
Miano,Italy,04,23896,40.88816,14.25339,False
Milan,Italy,09,1371498,45.46427,9.18951,False
Milazzo,Italy,15,31771,38.22008,15.24023,False
Minturno,Italy,07,16236,41.26294,13.74583,False
Mira Taglio,Italy,20,32881,45.4346,12.12942,False
Mirafiori Nord,Italy,12,41337,45.04248,7.6276,False
Mirafiori Sud,Italy,12,33677,45.02125,7.62314,False
Mirandola,Italy,05,17380,44.88515,11.06902,False
Mirano,Italy,20,15139,45.49458,12.10775,False
Misilmeri,Italy,15,19171,38.03183,13.44795,False
Misterbianco,Italy,15,45542,37.51803,15.00913,False
Modena,Italy,05,184732,44.64783,10.92539,False
Modica,Italy,15,54456,36.85868,14.75966,False
Modugno,Italy,13,36384,41.08433,16.78342,False
Mogliano Veneto,Italy,20,21991,45.55594,12.24294,False
Mola di Bari,Italy,13,24682,41.05997,17.09001,False
Molfetta,Italy,13,59557,41.20036,16.59905,False
Moncalieri,Italy,12,56134,44.9994,7.68236,False
Mondovì,Italy,12,21880,44.39603,7.81764,False
Mondragone,Italy,04,28683,41.11399,13.89157,False
Monfalcone,Italy,06,26706,45.80463,13.53292,False
Monopoli,Italy,13,37738,40.94918,17.29717,False
Monreale,Italy,15,21964,38.08125,13.28947,False
Monselice,Italy,20,18682,45.239,11.74984,False
Monserrato,Italy,14,20193,39.25642,9.1444,False
Monsummano Terme,Italy,16,12935,43.8672,10.81295,False
Monte Argentario,Italy,16,12147,42.43452,11.11954,False
Monte Rosello,Italy,14,45000,40.73542,8.56771,False
Monte Sant'Angelo,Italy,13,12482,41.7053,15.96068,False
Monte di Procida,Italy,04,12975,40.79809,14.05023,False
Montebelluna,Italy,20,26670,45.77504,12.04904,False
Montecalvario,Italy,04,23050,40.84436,14.24555,False
Montecatini-Terme,Italy,16,17954,43.88153,10.7723,False
Montecchio Maggiore-Alte Ceccato,Italy,20,20815,45.50369,11.412,False
Montefiascone,Italy,07,10637,42.54255,12.03192,False
Montegranaro,Italy,10,11493,43.23099,13.63047,False
Montegrotto Terme,Italy,20,10276,45.33119,11.78634,False
Montelupo Fiorentino,Italy,16,11177,43.72958,11.00997,False
Montemurlo,Italy,16,17502,43.92686,11.03718,False
Monteroni di Lecce,Italy,13,13246,40.31929,18.09163,False
Monterotondo,Italy,07,37225,42.05159,12.61969,False
Monterusciello,Italy,04,29125,40.86874,14.08276,False
Montesarchio,Italy,04,10516,41.06227,14.64096,False
Montesilvano,Italy,01,53275,42.5114,14.14507,False
Montevarchi,Italy,16,18682,43.5252,11.57238,False
Monti,Italy,07,11956,41.89547,12.49939,False
Montichiari,Italy,09,15030,45.41317,10.39799,False
Montignoso,Italy,16,10023,44.02405,10.17259,False
Monza,Italy,09,124398,45.58005,9.27246,False
Morbegno,Italy,09,10472,46.1372,9.57415,False
Mortara,Italy,09,13986,45.2494,8.73302,False
Mottola,Italy,13,13146,40.6389,17.03432,False
Muggia,Italy,06,10929,45.60419,13.76754,False
Muggiò,Italy,09,23193,45.58878,9.22784,False
Mugnano di Napoli,Italy,04,34231,40.90936,14.20984,False
Naples,Italy,04,909048,40.85216,14.26811,False
Nardò,Italy,13,29668,40.17953,18.03174,False
Nave,Italy,09,10848,45.5848,10.27947,False
Nervi,Italy,08,10484,44.38333,9.03333,False
Nerviano,Italy,09,17030,45.55343,8.9792,False
Nettuno,Italy,07,49873,41.45794,12.66393,False
Nicastro,Italy,03,40000,38.97089,16.31285,False
Nichelino,Italy,12,47760,45.00031,7.65305,False
Nicosia,Italy,15,10174,37.74747,14.39218,False
Niscemi,Italy,15,26893,37.14649,14.39381,False
Nizza Millefonti,Italy,12,26487,45.02691,7.66542,False
Noale,Italy,20,10500,45.54596,12.06445,False
Nocera Inferiore,Italy,04,45608,40.7454,14.64542,False
Nocera Superiore,Italy,04,23452,40.74248,14.67447,False
Noci,Italy,13,15383,40.79356,17.12681,False
Noicattaro,Italy,13,21988,41.03449,16.98963,False
Nola,Italy,04,24101,40.92606,14.52816,False
Nonantola,Italy,05,10867,44.67785,11.03785,False
Noto,Italy,15,18421,36.89244,15.06977,False
Nova Milanese,Italy,09,22310,45.58882,9.19792,False
Novara,Italy,12,101916,45.44694,8.62118,False
Novate Milanese,Italy,09,19758,45.5305,9.13954,False
Novellara,Italy,05,10393,44.84488,10.72745,False
Novi Ligure,Italy,12,25957,44.76246,8.787,False
Nuoro,Italy,14,35948,40.31991,9.32568,False
Oderzo,Italy,20,15764,45.78114,12.49442,False
Olbia,Italy,14,60345,40.92337,9.49802,False
Oleggio,Italy,12,12655,45.59674,8.64213,False
Olgiate Comasco,Italy,09,10733,45.78436,8.96816,False
Olgiate Olona,Italy,09,12215,45.63706,8.88147,False
Omegna,Italy,12,14868,45.88002,8.40665,False
Opera,Italy,09,11481,45.37355,9.21084,False
Orbassano,Italy,12,21813,45.00547,7.53813,False
Oria,Italy,13,14715,40.49999,17.6428,False
Oristano,Italy,14,31671,39.9036,8.59257,False
Orta Nova,Italy,13,16677,41.32879,15.70994,False
Orta di Atella,Italy,04,24750,40.96441,14.26854,False
Ortona,Italy,01,13327,42.35087,14.40342,False
Osimo,Italy,10,16610,43.48539,13.48222,False
Osio Sotto,Italy,09,11181,45.61608,9.58905,False
Ospitaletto,Italy,09,13450,45.55221,10.07562,False
Ostuni,Italy,13,24157,40.72913,17.57675,False
Ottaviano,Italy,04,23396,40.85193,14.47826,False
Pachino,Italy,15,20493,36.71522,15.09019,False
Paderno Dugnano,Italy,09,46235,45.56899,9.16483,False
Padua,Italy,20,203725,45.40797,11.88586,False
Pagani,Italy,04,32835,40.74199,14.61448,False
Palagiano,Italy,13,15388,40.57762,17.03812,False
Palagonia,Italy,15,16227,37.32955,14.74474,False
Palazzolo sull'Oglio,Italy,09,17973,45.59665,9.88688,False
Palermo,Italy,15,648260,38.1166,13.3636,False
Palese,Italy,13,14655,41.15,16.76667,False
Palestrina,Italy,07,14925,41.83274,12.88178,False
Pallanza-Intra-Suna,Italy,12,28911,45.93778,8.57088,False
Palma Campania,Italy,04,12689,40.86608,14.5517,False
Palma di Montechiaro,Italy,15,22654,37.19066,13.76603,False
Palmi,Italy,03,18556,38.35943,15.85155,False
Palo del Colle,Italy,13,20692,41.05562,16.70321,False
Paola,Italy,03,12649,39.36313,16.03691,False
Paolo VI,Italy,13,17330,40.52218,17.27401,False
Parabiago,Italy,09,26364,45.56034,8.94545,False
Parella,Italy,12,46795,45.0801,7.62567,False
Parete,Italy,04,10989,40.95891,14.16193,False
Parma,Italy,05,198292,44.79935,10.32618,False
Partanna,Italy,15,10200,37.7268,12.88917,False
Partinico,Italy,15,28708,38.04657,13.11785,False
Paternò,Italy,15,46030,37.56675,14.90254,False
Paullo,Italy,09,10877,45.41834,9.40042,False
Pavia,Italy,09,65734,45.19205,9.15917,False
Pedara,Italy,15,12089,37.62386,15.05672,False
Pellaro,Italy,03,13000,38.01667,15.65,False
Pendino,Italy,04,16848,40.84708,14.26321,False
Pergine Valsugana,Italy,17,11538,46.06434,11.23758,False
Perugia,Italy,18,120137,43.1122,12.38878,False
Pesaro,Italy,10,77241,43.90921,12.9164,False
Pescantina,Italy,20,11743,45.48548,10.86796,False
Pescara,Italy,01,119554,42.4584,14.20283,False
Pescia,Italy,16,11567,43.8871,10.68849,False
Piacenza,Italy,05,103607,45.05242,9.69342,False
Pianezza,Italy,12,13242,45.1042,7.55003,False
Piano di Sorrento,Italy,04,12317,40.62806,14.41729,False
Pianura,Italy,04,57821,40.85907,14.17314,False
Piazza,Italy,09,13507,45.58725,10.15526,False
Piazza Armerina,Italy,15,17736,37.38417,14.36921,False
Piedimonte Matese,Italy,04,11220,41.35082,14.36803,False
Pietrasanta,Italy,16,18897,43.95952,10.22784,False
Pieve Emanuele,Italy,09,11680,45.35052,9.20268,False
Pinerolo,Italy,12,30866,44.88534,7.33135,False
Pioltello,Italy,09,34203,45.50147,9.33053,False
Piombino,Italy,16,34041,42.92554,10.52585,False
Piossasco,Italy,12,16904,44.98802,7.4601,False
Piove di Sacco-Piovega,Italy,20,13287,45.29665,12.03683,False
Pisa,Italy,16,109960,43.70853,10.4036,False
Piscinola,Italy,04,27534,40.89299,14.23394,False
Pistoia,Italy,16,73832,43.93064,10.92365,False
Poggibonsi,Italy,16,21692,43.47064,11.14804,False
Poggiomarino,Italy,04,19451,40.80114,14.54066,False
Poggioreale,Italy,04,23654,40.86543,14.28877,False
Policoro,Italy,02,11810,40.2128,16.67795,False
Polignano a Mare,Italy,13,13356,40.99221,17.22149,False
Pollena Trocchia,Italy,04,11880,40.85134,14.37911,False
Polo Nord,Italy,12,16983,45.0548,7.64948,False
Pomezia,Italy,07,22346,41.66931,12.50124,False
Pomigliano d'Arco,Italy,04,38921,40.90975,14.38316,False
Pompei,Italy,04,23902,40.74574,14.49698,False
Ponsacco,Italy,16,13683,43.62307,10.62661,False
Ponte San Nicolò,Italy,20,12180,45.36718,11.92341,False
Ponte San Pietro,Italy,09,11256,45.70596,9.5905,False
Pontecagnano,Italy,04,11211,40.64448,14.87628,False
Pontedera,Italy,16,19518,43.66141,10.63067,False
Ponticelli,Italy,04,52284,40.8542,14.33038,False
Ponzano,Italy,20,10238,45.71541,12.20444,False
Porcia,Italy,06,12987,45.96301,12.61642,False
Pordenone,Italy,06,49878,45.95689,12.66051,False
Porta Palazzo,Italy,12,19000,45.07669,7.68371,False
Portici,Italy,04,53801,40.81563,14.33716,False
Porto Empedocle,Italy,15,16574,37.28942,13.52494,False
Porto Recanati,Italy,10,10308,43.43296,13.66165,False
Porto San Giorgio,Italy,10,15558,43.17784,13.79411,False
Porto Sant'Elpidio,Italy,10,22233,43.25297,13.7597,False
Porto Tolle,Italy,20,10666,44.94969,12.32453,False
Porto Torres,Italy,14,21653,40.83375,8.40531,False
Porto Viro,Italy,20,13644,45.02678,12.21754,False
Portogruaro,Italy,20,17468,45.78071,12.84052,False
Posillipo,Italy,04,22856,40.81279,14.20001,False
Potenza,Italy,02,56433,40.64175,15.80794,False
Pozzallo,Italy,15,18166,36.73028,14.84672,False
Pozzo Strada,Italy,12,54766,45.06837,7.62503,False
Pozzuoli,Italy,04,81231,40.84394,14.0952,False
Prati,Italy,07,14631,41.90943,12.46819,False
Prato,Italy,16,195089,43.8805,11.09699,False
Priolo Gargallo,Italy,15,11724,37.15512,15.18248,False
Priverno,Italy,07,10005,41.47047,13.17867,False
Procida,Italy,04,10228,40.75636,14.01457,False
Progresso,Italy,05,12441,44.56892,11.3642,False
Putignano,Italy,13,23661,40.85106,17.1219,False
Quadrilatero,Italy,12,15000,45.07563,7.67223,False
Qualiano,Italy,04,23752,40.91899,14.15352,False
Quartiere Otto,Italy,09,16000,45.48607,9.13917,False
Quarto,Italy,04,37683,40.87822,14.14352,False
Quarto Oggiaro,Italy,09,182118,45.51314,9.14343,False
Quartu Sant'Elena,Italy,14,66620,39.22935,9.25004,False
Quartucciu,Italy,14,11347,39.25262,9.17764,False
Quattromiglia,Italy,03,22889,39.34474,16.23802,False
Raffadali,Italy,15,11992,37.40214,13.53175,False
Ragusa,Italy,15,74251,36.92574,14.72443,False
Ramacca,Italy,15,10137,37.38616,14.69241,False
Rapallo,Italy,08,26993,44.3496,9.22796,False
Ravanusa,Italy,15,12051,37.26659,13.96834,False
Ravenna,Italy,05,80868,44.41344,12.20121,False
Recanati,Italy,10,14337,43.40381,13.55379,False
Reggio Calabria,Italy,03,182455,38.11047,15.66129,False
Reggio nell'Emilia,Italy,05,171944,44.69825,10.63125,False
Rescaldina,Italy,09,14211,45.62002,8.94878,False
Rezzato,Italy,09,12779,45.51182,10.31731,False
Rho,Italy,09,47086,45.53245,9.0402,False
Ribera,Italy,15,17664,37.49773,13.26676,False
Riccione,Italy,05,32744,43.99942,12.65689,False
Riesi,Italy,15,11503,37.28079,14.08317,False
Rieti,Italy,07,39068,42.40476,12.85735,False
Rimini,Italy,05,148688,44.05755,12.56528,False
Rionero in Vulture,Italy,02,12670,40.92328,15.6711,False
Riposto,Italy,15,11719,37.73183,15.20576,False
Riva del Garda,Italy,17,17331,45.88577,10.84117,False
Rivalta di Torino,Italy,12,10411,45.03268,7.52042,False
Rivarolo Canavese,Italy,12,10978,45.32829,7.7211,False
Rivoli,Italy,12,48629,45.07073,7.51465,False
Rocca di Papa,Italy,07,15036,41.7658,12.70188,False
Romano Banco,Italy,09,26163,45.42309,9.10707,False
Romano d'Ezzelino,Italy,20,12700,45.77902,11.76657,False
Romano di Lombardia,Italy,09,17549,45.52081,9.7544,False
Rome,Italy,07,2318895,41.89193,12.51133,True
Ronchi dei Legionari,Italy,06,11902,45.82735,13.50417,False
Rosa,Italy,06,13443,45.93056,12.87083,False
Rosarno,Italy,03,12838,38.48717,15.97956,False
Roseto degli Abruzzi,Italy,01,16538,42.67164,14.01481,False
Rosignano Solvay-Castiglioncello,Italy,16,19786,43.38946,10.43615,False
Rosolini,Italy,15,19721,36.82145,14.95132,False
Rossano Stazione,Italy,03,23824,39.59855,16.63485,False
Rosà,Italy,20,12548,45.70198,11.76141,False
Rovato,Italy,09,12239,45.56342,10.00213,False
Rovereto,Italy,17,34152,45.8904,11.04053,False
Rovigo,Italy,20,50279,45.06982,11.79022,False
Rozzano,Italy,09,39731,45.38193,9.1559,False
Rubiera,Italy,05,12001,44.65158,10.7794,False
Rutigliano,Italy,13,17674,41.00997,17.00558,False
Ruvo di Puglia,Italy,13,23938,41.11758,16.48421,False
Sabaudia,Italy,07,19327,41.30025,13.02815,False
Sacile,Italy,06,16626,45.95412,12.50274,False
Sala Consilina,Italy,04,11734,40.40134,15.5914,False
Salerno,Italy,04,125797,40.67545,14.79328,False
Salsomaggiore Terme,Italy,05,15754,44.81592,9.98637,False
Saluzzo,Italy,12,16537,44.64671,7.49309,False
Salò,Italy,09,10576,45.60685,10.5205,False
Samarate,Italy,09,14172,45.6241,8.78507,False
Sambiase,Italy,03,20000,38.96667,16.28333,False
San Benedetto del Tronto,Italy,10,45873,42.9568,13.87676,False
San Bonifacio,Italy,20,17347,45.39595,11.27352,False
San Carlo All'Arena,Italy,04,69094,40.86511,14.26291,False
San Cataldo,Italy,15,22079,37.48412,13.98542,False
San Cesareo,Italy,07,10529,41.82113,12.80447,False
San Cipriano d'Aversa,Italy,04,13416,40.99881,14.13173,False
San Donato,Italy,12,32586,45.08201,7.66485,False
San Donato Milanese,Italy,09,28351,45.41047,9.26838,False
San Donà di Piave,Italy,20,41856,45.63019,12.5681,False
San Felice A Cancello,Italy,04,16571,41.01702,14.48736,False
San Ferdinando,Italy,04,18404,40.83342,14.24751,False
San Ferdinando di Puglia,Italy,13,13734,41.30263,16.07046,False
San Gennaro Vesuviano,Italy,04,10684,40.86226,14.52414,False
San Giorgio Ionico,Italy,13,14618,40.45796,17.38034,False
San Giorgio a Cremano,Italy,04,45463,40.83261,14.34162,False
San Giovanni Lupatoto,Italy,20,20038,45.38193,11.04474,False
San Giovanni Rotondo,Italy,13,27124,41.70643,15.7277,False
San Giovanni Valdarno,Italy,16,16002,43.56757,11.52987,False
San Giovanni a Teduccio,Italy,04,23839,40.83808,14.30606,False
San Giovanni in Fiore,Italy,03,17358,39.25446,16.69699,False
San Giovanni in Persiceto,Italy,05,15783,44.63838,11.18419,False
San Giovanni la Punta,Italy,15,22046,37.5769,15.09371,False
San Giuliano Milanese,Italy,09,31050,45.39402,9.29109,False
San Giuseppe Vesuviano,Italy,04,26888,40.8356,14.50487,False
San Lazzaro,Italy,05,22350,44.4705,11.40851,False
San Leone Mosè,Italy,15,13332,37.26497,13.58434,False
San Lorenzo,Italy,04,48078,40.85686,14.26481,False
San Marcellino,Italy,04,12558,40.99001,14.17583,False
San Marco in Lamis,Italy,13,13388,41.7121,15.63825,False
San Martino Buon Albergo,Italy,20,11818,45.42083,11.09562,False
San Martino di Lupari,Italy,20,10931,45.65128,11.86004,False
San Mauro Torinese,Italy,12,18521,45.10359,7.76803,False
San Miniato,Italy,16,16900,43.67954,10.84975,False
San Miniato Basso,Italy,16,26365,43.69332,10.84119,False
San Nicandro Garganico,Italy,13,15815,41.83844,15.56535,False
San Nicola la Strada,Italy,04,21147,41.05237,14.33334,False
San Pancrazio Salentino,Italy,13,10184,40.418,17.83419,False
San Paolo,Italy,13,29800,41.12476,16.79258,False
San Pietro Vernotico,Italy,13,13667,40.4889,17.99752,False
San Pietro a Patierno,Italy,04,17324,40.88566,14.29008,False
San Prisco,Italy,04,11869,41.08592,14.27675,False
San Salvario,Italy,12,35591,45.05288,7.67979,False
San Salvo,Italy,01,17123,42.04413,14.73335,False
San Sebastiano,Italy,09,23228,45.65192,10.25681,False
San Severo,Italy,13,51919,41.68564,15.38148,False
San Siro,Italy,09,12783,45.47815,9.12609,False
San Vito al Tagliamento,Italy,06,12599,45.9168,12.85945,False
San Vito dei Normanni,Italy,13,17617,40.65642,17.70814,False
Sanremo,Italy,08,47043,43.81725,7.7772,False
Sansepolcro,Italy,16,12364,43.57258,12.13858,False
Sant'Agata de'Goti,Italy,04,11558,41.08932,14.49743,False
Sant'Ambrogio di Valpolicella,Italy,20,10384,45.52089,10.83618,False
Sant'Anastasia,Italy,04,20733,40.86842,14.40196,False
Sant'Angelo Lodigiano,Italy,09,11516,45.23526,9.40651,False
Sant'Antimo,Italy,04,33561,40.94223,14.23476,False
Sant'Antioco,Italy,14,10997,39.07017,8.45243,False
Sant'Antonio,Italy,09,13596,45.19649,10.79381,False
Sant'Antonio Abate,Italy,04,18859,40.72152,14.54021,False
Sant'Arpino,Italy,04,12028,40.95716,14.25075,False
Santa Croce sull'Arno,Italy,16,11685,43.71709,10.77242,False
Santa Maria A Vico,Italy,04,14095,41.02611,14.46515,False
Santa Maria Capua Vetere,Italy,04,31743,41.08156,14.25342,False
Santa Maria La Carità,Italy,04,11210,40.71611,14.50984,False
Santa Marinella,Italy,07,14034,42.03425,11.85416,False
Santa Rita,Italy,12,29680,45.04593,7.64451,False
Santarcangelo,Italy,05,10934,44.06326,12.44657,False
Santena,Italy,12,10437,44.94624,7.77303,False
Santeramo in Colle,Italy,13,24922,40.79236,16.75873,False
Sarezzo,Italy,09,13295,45.66067,10.1969,False
Sarno,Italy,04,28837,40.80748,14.62151,False
Saronno,Italy,09,38099,45.62513,9.03517,False
Sarzana,Italy,08,20435,44.11178,9.9622,False
Sassari,Italy,14,91895,40.72586,8.55552,False
Sassuolo,Italy,05,36926,44.5432,10.7848,False
Sava,Italy,13,15898,40.40203,17.55267,False
Saviano,Italy,04,13110,40.90507,14.50498,False
Savigliano,Italy,12,16800,44.64808,7.65677,False
Savignano sul Rubicone,Italy,05,14715,44.09009,12.39935,False
Savona,Italy,08,61345,44.30905,8.47715,False
Scafati,Italy,04,48702,40.7602,14.53723,False
Scampia,Italy,04,23377,40.90347,14.23736,False
Scandiano,Italy,05,25896,44.5983,10.69558,False
Scandicci,Italy,16,44951,43.75423,11.18794,False
Schio,Italy,20,33740,45.71262,11.35671,False
Sciacca,Italy,15,40569,37.50693,13.08399,False
Scicli,Italy,15,16109,36.79014,14.7028,False
Scordia,Italy,15,16645,37.29548,14.84058,False
Secondigliano,Italy,04,51874,40.9,14.26667,False
Sedriano,Italy,09,10833,45.49105,8.97161,False
Segrate,Italy,09,28296,45.49185,9.29812,False
Selargius,Italy,14,23285,39.25779,9.16323,False
Senago,Italy,09,20620,45.57562,9.1262,False
Senigallia,Italy,10,30882,43.71626,13.20882,False
Seregno,Italy,09,42760,45.65002,9.20548,False
Seriate,Italy,09,23552,45.68532,9.72487,False
Sesto Fiorentino,Italy,16,45656,43.83193,11.19924,False
Sesto San Giovanni,Italy,09,81822,45.53329,9.22585,False
Sestri Levante,Italy,08,16963,44.27317,9.39683,False
Sestu,Italy,14,18191,39.29846,9.09248,False
Settimo Milanese,Italy,09,14946,45.47771,9.05574,False
Settimo Torinese,Italy,12,47485,45.13925,7.77008,False
Seveso,Italy,09,22733,45.6467,9.14296,False
Sezze,Italy,07,16071,41.50032,13.06176,False
Siderno,Italy,03,15651,38.26993,16.29607,False
Siena,Italy,16,53901,43.31822,11.33064,False
Signa,Italy,16,12602,43.7942,11.1036,False
Silvi,Italy,01,12551,42.54984,14.11759,False
Sinnai,Italy,14,15791,39.30286,9.20283,False
Siracusa,Italy,15,121605,37.07542,15.28664,False
Soccavo,Italy,04,45314,40.8455,14.19262,False
Solaro,Italy,09,12105,45.61427,9.08304,False
Solaro,Italy,09,13409,44.8799,9.17315,False
Solofra,Italy,04,11886,40.83343,14.83705,False
Somma Lombardo,Italy,09,14851,45.68213,8.70759,False
Somma Vesuviana,Italy,04,32484,40.87329,14.43865,False
Sondrio,Italy,09,19208,46.16852,9.87134,False
Sora,Italy,07,23758,41.71829,13.61356,False
Sorrento,Italy,04,14724,40.62678,14.37771,False
Sorso,Italy,14,11419,40.79949,8.5757,False
Spilimbergo,Italy,06,11789,46.11345,12.89241,False
Spinaceto,Italy,07,24219,41.77861,12.44236,False
Spinea-Orgnano,Italy,20,23710,45.49107,12.155,False
Spoleto,Italy,18,19266,42.74071,12.73899,False
Spresiano,Italy,20,10287,45.77908,12.25628,False
Squinzano,Italy,13,14482,40.43513,18.04086,False
Statte,Italy,13,13867,40.52856,17.20122,False
Stella,Italy,04,30483,40.86027,14.25223,False
Stezzano,Italy,09,12316,45.64968,9.65192,False
Stradella,Italy,09,10785,45.07445,9.30169,False
Sulmona,Italy,01,21086,42.04945,13.92578,False
Surbo,Italy,13,11363,40.39383,18.13456,False
Suzzara,Italy,09,16571,44.99242,10.74407,False
Taggia,Italy,08,12762,43.84612,7.85223,False
Taglio,Italy,20,14441,45.02222,12.21083,False
Taranto,Italy,13,198585,40.46438,17.24707,False
Tarquinia,Italy,07,11949,42.25419,11.75657,False
Taurianova,Italy,03,11676,38.35525,16.01306,False
Taurisano,Italy,13,10799,39.95746,18.21498,False
Tavagnacco,Italy,06,11638,46.10976,13.22251,False
Taviano,Italy,13,11560,39.98224,18.08151,False
Tempio Pausania,Italy,14,12706,40.90068,9.10456,False
Teramo,Italy,01,54338,42.66123,13.69901,False
Terlizzi,Italy,13,25811,41.12905,16.54536,False
Termini Imerese,Italy,15,22957,37.98225,13.69729,False
Termoli,Italy,11,31044,41.99994,14.99389,False
Terni,Italy,18,111189,42.56335,12.64329,False
Terracina,Italy,07,30980,41.29174,13.24359,False
Terzigno,Italy,04,17138,40.804,14.49309,False
Teverola,Italy,04,12175,40.99561,14.20763,False
Thiene,Italy,20,21145,45.7088,11.47959,False
Tivoli,Italy,07,22018,41.95952,12.8016,False
Todi,Italy,18,15345,42.77881,12.41202,False
Tolentino,Italy,10,16504,43.20918,13.28524,False
Tor Lupara,Italy,07,20843,41.99771,12.61814,False
Tor Tre Teste,Italy,07,11417,41.88233,12.58518,False
Torre Annunziata,Italy,04,43521,40.75337,14.45251,False
Torre del Greco,Italy,04,85332,40.78931,14.36806,False
Torre del Lago Puccini,Italy,16,11230,43.82887,10.28912,False
Torremaggiore,Italy,13,16955,41.68894,15.29408,False
Tortona,Italy,12,22743,44.89784,8.86374,False
Torvaianica,Italy,07,17235,41.62112,12.46197,False
Tradate,Italy,09,17154,45.70843,8.90763,False
Trani,Italy,13,53981,41.27733,16.41011,False
Trapani,Italy,15,67531,38.0176,12.53617,False
Trastevere,Italy,07,12962,41.88333,12.46667,False
Travagliato,Italy,09,12828,45.52391,10.08013,False
Trecastagni,Italy,15,10135,37.61543,15.07796,False
Trecate,Italy,12,19430,45.43399,8.7364,False
Tremestieri Etneo,Italy,15,13657,37.56494,15.07863,False
Trento,Italy,17,120709,46.06787,11.12108,False
Trentola-Ducenta,Italy,04,17056,40.97517,14.1749,False
Trepuzzi,Italy,13,14141,40.40535,18.07625,False
Treviglio,Italy,09,24937,45.52081,9.59102,False
Treviso,Italy,20,85760,45.66673,12.2416,False
Trezzano sul Naviglio,Italy,09,20001,45.42212,9.06342,False
Trezzo sull'Adda,Italy,09,11782,45.60523,9.51417,False
Tricase,Italy,13,13702,39.93018,18.35421,False
Trieste,Italy,06,204338,45.64953,13.77678,False
Triggiano,Italy,13,26811,41.06549,16.92501,False
Trinitapoli,Italy,13,13885,41.35654,16.08924,False
Trofarello,Italy,12,10763,44.98238,7.74688,False
Turi,Italy,13,11813,40.91657,17.02038,False
Turin,Italy,12,847287,45.07049,7.68682,False
Udine,Italy,06,100170,46.0693,13.23715,False
Umbertide,Italy,18,11040,43.30341,12.33749,False
Valdagno,Italy,20,22555,45.64498,11.29886,False
Valenza,Italy,12,17305,45.01242,8.64379,False
Valenzano,Italy,13,16101,41.04376,16.88491,False
Valmadrera-Caserta,Italy,09,11609,45.84628,9.35824,False
Valmontone,Italy,07,13001,41.77323,12.91856,False
Vanchiglia,Italy,12,29230,45.0714,7.70421,False
Vanchiglietta,Italy,12,18300,45.07357,7.71758,False
Varazze,Italy,08,11534,44.36412,8.5963,False
Varedo,Italy,09,12750,45.59761,9.16323,False
Varese,Italy,09,80588,45.82058,8.82511,False
Vasto,Italy,01,41409,42.1115,14.70649,False
Veglie,Italy,13,13970,40.33474,17.96238,False
Velletri,Italy,07,52911,41.68573,12.77753,False
Venaria Reale,Italy,12,33531,45.12597,7.63136,False
Venice,Italy,20,51298,45.43713,12.33265,False
Venosa,Italy,02,11328,40.96283,15.81285,False
Ventimiglia,Italy,08,24120,43.78956,7.60872,False
Verbania,Italy,12,31070,45.92136,8.55183,False
Vercelli,Italy,12,45875,45.32163,8.41989,False
Verona,Italy,20,258031,45.43854,10.9938,False
Vetralla,Italy,07,11231,42.31787,12.07323,False
Viadana,Italy,09,20013,44.93553,10.51898,False
Viareggio,Italy,16,62169,43.86693,10.2502,False
Vibo Valentia,Italy,03,19263,38.67618,16.10094,False
Vicaria,Italy,04,15062,40.86151,14.27328,False
Vicenza,Italy,20,111980,45.54672,11.5475,False
Vico Equense,Italy,04,12820,40.65977,14.43386,False
Vieste,Italy,13,11227,41.88209,16.17139,False
Vigevano,Italy,09,57970,45.31407,8.85437,False
Vignola,Italy,05,22397,44.48383,11.01096,False
Vigonza,Italy,20,13798,45.43484,11.97465,False
Villa Adriana,Italy,07,12008,41.95499,12.77216,False
Villa Carcina,Italy,09,10695,45.63329,10.19556,False
Villa La Tesoriera,Italy,12,14540,45.07776,7.63835,False
Villa Literno,Italy,04,10027,41.00942,14.07612,False
Villa San Giovanni,Italy,03,13747,38.21991,15.63689,False
Villabate,Italy,15,19031,38.07789,13.44275,False
Villacidro,Italy,14,12768,39.45734,8.74105,False
Villafranca di Verona,Italy,20,15895,45.35405,10.84462,False
Villanova,Italy,07,15117,41.96357,12.75633,False
Villaricca,Italy,04,25074,40.92006,14.19339,False
Villasanta,Italy,09,13424,45.60634,9.30797,False
Vimercate,Italy,09,22727,45.61545,9.36801,False
Vimodrone,Italy,09,17072,45.51461,9.28772,False
Vinovo,Italy,12,10173,44.94674,7.63252,False
Viterbo,Italy,07,47134,42.41937,12.1056,False
Vittoria,Italy,15,50852,36.95151,14.52788,False
Vittorio Veneto,Italy,20,24789,45.98026,12.30065,False
Voghera,Italy,09,38464,44.99151,9.01175,False
Volla,Italy,04,22911,40.87363,14.34085,False
Volpiano,Italy,12,14371,45.1994,7.77546,False
Vomero,Italy,04,44791,40.84282,14.23075,False
Zagarolo,Italy,07,11509,41.84159,12.8154,False
Zevio,Italy,20,12035,45.37209,11.12929,False
Zola Predosa,Italy,05,15965,44.48967,11.21831,False
Bolderaja,Latvia,25,14771,57.03132,24.05571,False
Cēsis,Latvia,05,15020,57.31188,25.27456,False
Daugavpils,Latvia,06,78126,55.88333,26.53333,False
Dārzciems,Latvia,25,17599,56.94563,24.17459,False
Jelgava,Latvia,11,54834,56.65,23.71278,False
Jēkabpils,Latvia,10,21014,56.49903,25.85735,False
Jūrmala,Latvia,13,52001,56.968,23.77038,False
Liepāja,Latvia,16,67421,56.50474,21.01085,False
Mežciems,Latvia,25,14409,56.96906,24.23427,False
Mārupe,Latvia,95,19096,56.90544,24.05113,False
Ogre,Latvia,21,22767,56.8162,24.61401,False
Riga,Latvia,25,742572,56.946,24.10589,True
Rēzekne,Latvia,23,26429,56.51028,27.34,False
Salaspils,Latvia,C3,17826,56.86014,24.36544,False
Sigulda,Latvia,C7,14757,57.15375,24.85953,False
Tukums,Latvia,29,16182,56.96764,23.15554,False
Valmiera,Latvia,31,22812,57.54108,25.42751,False
Ventspils,Latvia,32,32723,57.39485,21.56121,False
Aleksotas,Lithuania,57,24270,54.88037,23.90842,False
Alytus,Lithuania,56,49195,54.39574,24.03885,False
Antakalnis,Lithuania,65,40000,54.70781,25.31706,False
Anykščiai,Lithuania,64,10575,55.52557,25.10264,False
Birzai,Lithuania,60,14911,56.2,24.75,False
Dainava (Kaunas),Lithuania,57,70000,54.91525,23.96831,False
Druskininkai,Lithuania,56,12055,54.01573,23.98703,False
Eiguliai,Lithuania,57,40453,54.93133,23.93243,False
Elektrėnai,Lithuania,65,13501,54.78544,24.66302,False
Fabijoniškės,Lithuania,65,37000,54.73333,25.24167,False
Gargždai,Lithuania,58,16433,55.70951,21.39441,False
Grigiškės,Lithuania,65,11555,54.68333,25.08333,False
Jonava,Lithuania,57,26423,55.08014,24.27544,False
Joniškis,Lithuania,61,11113,56.23939,23.61541,False
Jurbarkas,Lithuania,62,10186,55.07556,22.76416,False
Justiniškės,Lithuania,65,31000,54.71664,25.2174,False
Karoliniškės,Lithuania,65,31200,54.69034,25.21903,False
Kaunas,Lithuania,57,289380,54.90156,23.90909,False
Klaipėda,Lithuania,58,172292,55.7068,21.13912,False
Kretinga,Lithuania,58,17249,55.8888,21.24448,False
Kuršėnai,Lithuania,61,10829,56.00318,22.93662,False
Kėdainiai,Lithuania,57,22677,55.28782,23.97275,False
Lazdynai,Lithuania,65,31097,54.66815,25.20684,False
Lentvaris,Lithuania,65,10004,54.64364,25.05162,False
Marijampolė,Lithuania,59,34975,54.55787,23.35004,False
Mazeikiai,Lithuania,63,32470,56.31667,22.33333,False
Naujamiestis,Lithuania,65,28157,54.67951,25.26855,False
Naujininkai,Lithuania,65,33500,54.66425,25.28418,False
Naujoji Akmene,Lithuania,61,11922,56.31667,22.9,False
Naujoji Vilnia,Lithuania,65,36800,54.69515,25.41969,False
Palanga,Lithuania,58,18207,55.9175,21.06861,False
Panevėžys,Lithuania,60,85885,55.73186,24.35983,False
Pašilaičiai,Lithuania,65,33056,54.73429,25.21912,False
Pilaitė,Lithuania,65,20320,54.69981,25.18393,False
Plunge,Lithuania,63,18904,55.91139,21.84417,False
Radviliskis,Lithuania,61,16344,55.81667,23.53333,False
Rasos,Lithuania,65,10597,54.67877,25.31173,False
Rokiškis,Lithuania,60,11765,55.95867,25.59466,False
Silute,Lithuania,58,14968,55.34889,21.48306,False
Taurage,Lithuania,62,21203,55.25222,22.28972,False
Telsiai,Lithuania,63,21294,55.98139,22.24722,False
Ukmerge,Lithuania,65,20154,55.25,24.75,False
Utena,Lithuania,64,25397,55.4978,25.60462,False
Vilkpėdė,Lithuania,65,21346,54.66969,25.2477,False
Vilnius,Lithuania,65,542366,54.68916,25.2798,True
Visaginas,Lithuania,64,18024,55.59678,26.43984,False
Šeškinė,Lithuania,65,36000,54.70972,25.25053,False
Šiauliai,Lithuania,61,99462,55.93333,23.31667,False
Šilainiai,Lithuania,57,40600,54.92911,23.88599,False
Belair,Luxembourg,LU,12990,49.6116,6.10682,False
Bonnevoie-Sud,Luxembourg,LU,13372,49.59679,6.14719,False
Dudelange,Luxembourg,ES,18013,49.48056,6.0875,False
Esch-sur-Alzette,Luxembourg,ES,36625,49.49583,5.98056,False
Gare,Luxembourg,LU,11360,49.60175,6.12971,False
Gasperich,Luxembourg,LU,10208,49.58556,6.12306,False
Kirchberg,Luxembourg,LU,10725,49.62389,6.14944,False
Limpertsberg,Luxembourg,LU,11521,49.62083,6.12167,False
Luxembourg,Luxembourg,LU,76684,49.60982,6.13268,True
Berovo,"Macedonia, The former Yugoslav Rep. of",04,13847,41.70182,22.85716,False
Bitola,"Macedonia, The former Yugoslav Rep. of",06,69287,41.03226,21.33553,False
Bogovinje,"Macedonia, The former Yugoslav Rep. of",C7,15166,41.92235,20.91533,False
Bosilovo,"Macedonia, The former Yugoslav Rep. of",11,12447,41.44064,22.72786,False
Brvenica,"Macedonia, The former Yugoslav Rep. of",12,16267,41.96707,20.98091,False
Butel,"Macedonia, The former Yugoslav Rep. of",F6,36154,42.03083,21.44667,False
Cegrane,"Macedonia, The former Yugoslav Rep. of",D4,12523,41.83889,20.97583,False
Centar Župa,"Macedonia, The former Yugoslav Rep. of",18,45412,41.47849,20.55945,False
Debar,"Macedonia, The former Yugoslav Rep. of",D2,18074,41.52286,20.52198,False
Delcevo,"Macedonia, The former Yugoslav Rep. of",22,17415,41.96722,22.76944,False
Dolna Banjica,"Macedonia, The former Yugoslav Rep. of",D4,10147,41.78611,20.90611,False
Dolneni,"Macedonia, The former Yugoslav Rep. of",28,11534,41.42459,21.45455,False
Dračevo,"Macedonia, The former Yugoslav Rep. of",F6,10605,41.93667,21.52167,False
Gevgelija,"Macedonia, The former Yugoslav Rep. of",33,20664,41.14289,22.50108,False
Gjorče Petro,"Macedonia, The former Yugoslav Rep. of",F6,41000,42.00778,21.35306,False
Gostivar,"Macedonia, The former Yugoslav Rep. of",D4,50974,41.79627,20.90799,False
Ilinden,"Macedonia, The former Yugoslav Rep. of",36,16406,41.99297,21.58084,False
Kamenjane,"Macedonia, The former Yugoslav Rep. of",C7,15376,41.94568,20.92894,False
Kavadarci,"Macedonia, The former Yugoslav Rep. of",D6,38799,41.43344,22.01218,False
Kisela Voda,"Macedonia, The former Yugoslav Rep. of",F6,58216,41.94889,21.50278,False
Kičevo,"Macedonia, The former Yugoslav Rep. of",43,31123,41.51274,20.95867,False
Kochani,"Macedonia, The former Yugoslav Rep. of",46,34258,41.91639,22.41278,False
Kondovo,"Macedonia, The former Yugoslav Rep. of",F6,11656,42.01151,21.31427,False
Kratovo,"Macedonia, The former Yugoslav Rep. of",51,10288,42.07906,22.18167,False
Kriva Palanka,"Macedonia, The former Yugoslav Rep. of",52,20820,42.20197,22.33385,False
Kumanovo,"Macedonia, The former Yugoslav Rep. of",D7,75051,42.13279,21.71585,False
Lipkovo,"Macedonia, The former Yugoslav Rep. of",59,28102,42.15696,21.58559,False
Negotino,"Macedonia, The former Yugoslav Rep. of",B7,17518,41.87792,20.88389,False
Negotino,"Macedonia, The former Yugoslav Rep. of",69,19515,41.48456,22.09056,False
Novo Selo,"Macedonia, The former Yugoslav Rep. of",72,11818,41.41536,22.88336,False
Ohrid,"Macedonia, The former Yugoslav Rep. of",E2,42033,41.11701,20.80175,False
Prilep,"Macedonia, The former Yugoslav Rep. of",E3,73814,41.34558,21.5537,False
Probishtip,"Macedonia, The former Yugoslav Rep. of",83,12702,42.00306,22.17861,False
Radovis,"Macedonia, The former Yugoslav Rep. of",84,24984,41.63833,22.46472,False
Resen,"Macedonia, The former Yugoslav Rep. of",86,16539,41.08999,21.00885,False
Saraj,"Macedonia, The former Yugoslav Rep. of",F6,25379,42.0,21.32778,False
Shtip,"Macedonia, The former Yugoslav Rep. of",98,48279,41.74583,22.19583,False
Skopje,"Macedonia, The former Yugoslav Rep. of",F6,474889,41.99646,21.43141,True
Struga,"Macedonia, The former Yugoslav Rep. of",E6,37387,41.17787,20.67894,False
Strumica,"Macedonia, The former Yugoslav Rep. of",E7,33825,41.43763,22.64288,False
Studeničani,"Macedonia, The former Yugoslav Rep. of",A2,18219,41.92208,21.53483,False
Sveti Nikole,"Macedonia, The former Yugoslav Rep. of",A4,13292,41.86956,21.95274,False
Tearce,"Macedonia, The former Yugoslav Rep. of",A5,23096,42.07593,21.05179,False
Tetovo,"Macedonia, The former Yugoslav Rep. of",E8,63176,42.00989,20.97138,False
Vasilevo,"Macedonia, The former Yugoslav Rep. of",A9,12382,41.47423,22.64506,False
Veles,"Macedonia, The former Yugoslav Rep. of",F1,57873,41.71719,21.77196,False
Vinica,"Macedonia, The former Yugoslav Rep. of",B4,18218,41.8812,22.51074,False
Zajas,"Macedonia, The former Yugoslav Rep. of",43,12218,41.60722,20.93833,False
Zelino,"Macedonia, The former Yugoslav Rep. of",C3,25422,41.98028,21.06417,False
Čair,"Macedonia, The former Yugoslav Rep. of",F6,64773,42.01528,21.44111,False
Šuto Orizare,"Macedonia, The former Yugoslav Rep. of",F6,20800,42.04,21.425,False
Арачиново,"Macedonia, The former Yugoslav Rep. of",01,12800,42.02679,21.56276,False
Attard,Malta,01,11377,35.88967,14.4425,False
Birkirkara,Malta,04,24356,35.89706,14.46115,False
Birżebbuġa,Malta,05,12915,35.82546,14.52685,False
Fgura,Malta,08,12877,35.87028,14.51333,False
Gżira,Malta,17,11669,35.90583,14.48806,False
Haz-Zebbug,Malta,65,11079,35.87194,14.44111,False
Imsida,Malta,23,13713,35.8925,14.48278,False
Marsaskala,Malta,32,10024,35.8622,14.56701,False
Mellieħa,Malta,34,11389,35.95663,14.36259,False
Mosta,Malta,35,23482,35.90942,14.42566,False
Naxxar,Malta,38,14890,35.91368,14.44382,False
Qormi,Malta,43,16801,35.87601,14.472,False
Rabat,Malta,45,11936,35.88152,14.39872,False
San Pawl il-Baħar,Malta,52,32042,35.95064,14.41561,False
San Ġiljan,Malta,49,13792,35.91839,14.48977,False
San Ġwann,Malta,48,14720,35.90556,14.47611,False
Sliema,Malta,56,22591,35.91247,14.50175,False
Swieqi,Malta,57,14452,35.92154,14.47998,False
Żabbar,Malta,64,15648,35.87687,14.53592,False
Żejtun,Malta,67,11549,35.85547,14.53341,False
Żurrieq,Malta,68,10962,35.8296,14.47588,False
Basarabeasca,"Moldova, Republic of",61,10809,46.33352,28.96165,False
Bender,"Moldova, Republic of",62,110175,46.83158,29.47671,False
Bilicenii Vechi,"Moldova, Republic of",85,15479,47.6558,28.04734,False
Briceni,"Moldova, Republic of",70,14132,48.35628,27.70293,False
Bălţi,"Moldova, Republic of",60,125000,47.76291,27.92854,False
Cahul,"Moldova, Republic of",64,34492,45.90456,28.19516,False
Camenca,"Moldova, Republic of",58,11072,48.03233,28.69899,False
Ceadîr-Lunga,"Moldova, Republic of",51,22700,46.06169,28.83078,False
Chisinau,"Moldova, Republic of",57,635994,47.00902,28.85938,True
Cimişlia,"Moldova, Republic of",68,12464,46.52629,28.7649,False
Codru,"Moldova, Republic of",57,15934,46.97648,28.819,False
Comrat,"Moldova, Republic of",51,22911,46.29488,28.65713,False
Congaz,"Moldova, Republic of",51,13406,46.10744,28.59303,False
Călăraşi,"Moldova, Republic of",66,14066,47.25548,28.30953,False
Căuşeni,"Moldova, Republic of",67,21690,46.63738,29.41087,False
Dancu,"Moldova, Republic of",77,10000,46.75818,28.20716,False
Dnestrovsc,"Moldova, Republic of",58,10426,46.624,29.906,False
Drochia,"Moldova, Republic of",71,16080,48.03686,27.81242,False
Dubăsari,"Moldova, Republic of",58,23254,47.26562,29.16667,False
Durleşti,"Moldova, Republic of",57,26308,47.02156,28.76303,False
Edineţ,"Moldova, Republic of",73,22872,48.17319,27.30075,False
Floreşti,"Moldova, Republic of",75,16759,47.89168,28.29339,False
Fălești,"Moldova, Republic of",74,14377,47.57667,27.71264,False
Glodeni,"Moldova, Republic of",76,10146,47.77467,27.51753,False
Hînceşti,"Moldova, Republic of",77,16900,46.83089,28.58999,False
Ialoveni,"Moldova, Republic of",78,14915,46.94357,28.78153,False
Leova,"Moldova, Republic of",79,14301,46.48195,28.25298,False
Nisporeni,"Moldova, Republic of",80,11718,47.08025,28.17098,False
Orhei,"Moldova, Republic of",82,24918,47.38503,28.82535,False
Rîbniţa,"Moldova, Republic of",58,55455,47.76817,29.01,False
Rîşcani,"Moldova, Republic of",84,12893,47.94829,27.56669,False
Slobozia,"Moldova, Republic of",58,15356,46.72927,29.70446,False
Soroca,"Moldova, Republic of",87,27423,48.15659,28.28489,False
Strășeni,"Moldova, Republic of",89,19225,47.14216,28.60774,False
Sîngerei,"Moldova, Republic of",85,14600,47.63694,28.1407,False
Taraclia,"Moldova, Republic of",90,13512,45.90321,28.66628,False
Tiraspol,"Moldova, Republic of",58,157000,46.84275,29.6284,False
Ungheni,"Moldova, Republic of",92,34422,47.21023,27.80013,False
Vulcăneşti,"Moldova, Republic of",51,14352,45.68492,28.40613,False
La Condamine,Monaco,00,12167,43.73439,7.42024,False
Monaco,Monaco,00,32965,43.73718,7.42145,True
Monte-Carlo,Monaco,00,16012,43.73976,7.42732,False
Bar,Montenegro,02,17727,42.0937,19.09841,False
Berane,Montenegro,03,11073,42.84333,19.87281,False
Bijelo Polje,Montenegro,04,15400,43.03834,19.74758,False
Budva,Montenegro,05,18000,42.28721,18.83922,False
Cetinje,Montenegro,06,15137,42.39063,18.91417,False
Herceg Novi,Montenegro,08,19536,42.45306,18.5375,False
Nikšić,Montenegro,12,58212,42.7731,18.94446,False
Pljevlja,Montenegro,14,19489,43.3567,19.35843,False
Podgorica,Montenegro,16,236852,42.44124,19.26309,True
Ulcinj,Montenegro,20,10828,41.92936,19.22436,False
's-Gravenland,Netherlands,11,10000,51.92336,4.55315,False
's-Gravenzande,Netherlands,11,19190,52.00167,4.16528,False
's-Hertogenbosch,Netherlands,06,160783,51.69917,5.30417,False
Aalanden,Netherlands,15,13375,52.53334,6.10069,False
Aalsmeer,Netherlands,07,22991,52.25917,4.75972,False
Aalten,Netherlands,03,19141,51.925,6.58056,False
Alblasserdam,Netherlands,11,18348,51.86583,4.66111,False
Alkmaar,Netherlands,07,94853,52.63167,4.74861,False
Almelo,Netherlands,15,72725,52.35667,6.6625,False
Almere Stad,Netherlands,16,176432,52.37025,5.21413,False
Alphen aan den Rijn,Netherlands,11,70251,52.12917,4.65546,False
Amersfoort,Netherlands,09,139914,52.155,5.3875,False
Amstelveen,Netherlands,07,79639,52.30083,4.86389,False
Amsterdam,Netherlands,07,741636,52.37403,4.88969,True
Amsterdam-Zuidoost,Netherlands,07,84811,52.3075,4.97222,False
Apeldoorn,Netherlands,03,136670,52.21,5.96944,False
Appingedam,Netherlands,04,12364,53.32167,6.85833,False
Arnhem,Netherlands,03,162424,51.98,5.91111,False
Assen,Netherlands,01,68836,52.99667,6.5625,False
Assendelft,Netherlands,07,24230,52.46833,4.74306,False
Baarn,Netherlands,09,24584,52.21167,5.2875,False
Badhoevedorp,Netherlands,07,15080,52.33723,4.78523,False
Barendrecht,Netherlands,11,38672,51.85667,4.53472,False
Barneveld,Netherlands,03,35095,52.14,5.58472,False
Bemmel,Netherlands,03,12020,51.89167,5.89861,False
Bennekom,Netherlands,03,15160,51.99833,5.67639,False
Benthuizen,Netherlands,11,18959,52.0775,4.54444,False
Bergeijk,Netherlands,06,18181,51.31917,5.35833,False
Bergen,Netherlands,07,29715,52.66917,4.70417,False
Bergen op Zoom,Netherlands,06,66256,51.495,4.29167,False
Bergschenhoek,Netherlands,11,16579,51.99,4.49861,False
Berkel en Rodenrijs,Netherlands,11,20189,51.99313,4.47865,False
Best,Netherlands,06,29074,51.5075,5.39028,False
Beuningen,Netherlands,03,25557,51.86083,5.76667,False
Beverwijk,Netherlands,07,37585,52.48333,4.65694,False
Bilthoven,Netherlands,09,23248,52.13,5.20139,False
Bleiswijk,Netherlands,11,10549,52.01083,4.53194,False
Blerick,Netherlands,05,15820,51.37167,6.14861,False
Bloemhof,Netherlands,11,13715,51.89723,4.49943,False
Bodegraven,Netherlands,11,19395,52.0825,4.75,False
Borculo,Netherlands,03,10373,52.11583,6.52222,False
Borne,Netherlands,15,23877,52.30136,6.7482,False
Borssele,Netherlands,10,22285,51.42333,3.73472,False
Boskoop,Netherlands,11,15222,52.075,4.65556,False
Boxmeer,Netherlands,06,12407,51.64667,5.94722,False
Boxtel,Netherlands,06,29511,51.59083,5.32917,False
Breda,Netherlands,06,184126,51.58656,4.77596,False
Breukelen,Netherlands,09,14498,52.17417,5.00139,False
Brummen,Netherlands,03,21344,52.09,6.15556,False
Brunssum,Netherlands,05,29254,50.94667,5.97083,False
Bussum,Netherlands,07,31334,52.27333,5.16111,False
Camminghaburen,Netherlands,02,11500,53.20973,5.84318,False
Capelle aan den IJssel,Netherlands,11,65255,51.92917,4.57778,False
Carnisse,Netherlands,11,11225,51.88932,4.47758,False
Castricum,Netherlands,07,35256,52.54833,4.66944,False
Coevorden,Netherlands,01,14600,52.66103,6.74046,False
Cranendonck,Netherlands,06,19966,51.30417,5.58889,False
Culemborg,Netherlands,03,26826,51.955,5.22778,False
Dalfsen,Netherlands,15,26575,52.51167,6.25694,False
De Lier,Netherlands,11,11823,51.975,4.24861,False
De Meern,Netherlands,09,22116,52.08167,5.03611,False
Dedemsvaart,Netherlands,15,13090,52.6,6.45833,False
Delft,Netherlands,11,95060,52.00667,4.35556,False
Delfzijl,Netherlands,04,28649,53.33,6.91806,False
Den Helder,Netherlands,07,59569,52.95988,4.75933,False
Deventer,Netherlands,15,97331,52.255,6.16389,False
Didam,Netherlands,03,17812,51.94083,6.13194,False
Diemen,Netherlands,07,24361,52.33964,4.96256,False
Dieren,Netherlands,03,14842,52.0512,6.103,False
Doesburg,Netherlands,03,11480,52.0125,6.13889,False
Doetinchem,Netherlands,03,49906,51.965,6.28889,False
Dokkum,Netherlands,02,12669,53.32224,5.99697,False
Dongen,Netherlands,06,25464,51.62667,4.93889,False
Doorn,Netherlands,09,10330,52.03343,5.34571,False
Dordrecht,Netherlands,11,119260,51.81,4.67361,False
Drachten,Netherlands,02,45186,53.11254,6.0989,False
Driebergen-Rijsenburg,Netherlands,09,18553,52.05333,5.28056,False
Dronten,Netherlands,16,28073,52.525,5.71806,False
Duiven,Netherlands,03,25469,51.94667,6.01389,False
Ede,Netherlands,03,67670,52.03333,5.65833,False
Eerbeek,Netherlands,03,10103,52.105,6.05833,False
Eersel,Netherlands,06,18185,51.3575,5.31806,False
Eibergen,Netherlands,03,16493,52.1,6.64861,False
Eijsden,Netherlands,05,11795,50.78,5.7177,False
Eindhoven,Netherlands,06,235691,51.44083,5.47778,False
Elburg,Netherlands,03,21844,52.4475,5.84306,False
Elst,Netherlands,03,20488,51.91917,5.84167,False
Emmeloord,Netherlands,16,46409,52.71083,5.74861,False
Emmen,Netherlands,01,57010,52.77917,6.90694,False
Enkhuizen,Netherlands,07,17365,52.70333,5.29167,False
Enschede,Netherlands,15,153655,52.21833,6.89583,False
Epe,Netherlands,03,33385,52.3475,5.98333,False
Ermelo,Netherlands,03,10255,52.29833,5.62222,False
Franeker,Netherlands,02,12996,53.18546,5.54123,False
Geertruidenberg,Netherlands,06,20941,51.70167,4.85694,False
Geldermalsen,Netherlands,03,25734,51.88083,5.28889,False
Geldrop,Netherlands,06,27900,51.42167,5.55972,False
Geleen,Netherlands,05,32790,50.97417,5.82917,False
Gemert,Netherlands,06,15995,51.55583,5.69028,False
Gennep,Netherlands,05,16642,51.69833,5.97361,False
Glanerbrug,Netherlands,15,17260,52.21583,6.97083,False
Goedereede,Netherlands,11,11597,51.8175,3.98056,False
Goes,Netherlands,10,36931,51.50417,3.88889,False
Goirle,Netherlands,06,22646,51.52083,5.06667,False
Goor,Netherlands,15,11460,52.23333,6.58611,False
Gorinchem,Netherlands,11,34736,51.83652,4.97243,False
Gouda,Netherlands,11,71952,52.01667,4.70833,False
Grave,Netherlands,06,12999,51.75902,5.73882,False
Groenlo,Netherlands,03,10000,52.04167,6.61111,False
Groesbeek,Netherlands,03,18741,51.77667,5.93611,False
Groningen,Netherlands,04,244807,53.21917,6.56667,False
Groot IJsselmonde,Netherlands,11,28120,51.88264,4.54937,False
Haaksbergen,Netherlands,15,24137,52.15667,6.73889,False
Haarlem,Netherlands,07,162543,52.38084,4.63683,False
Hardenberg,Netherlands,15,57909,52.57583,6.61944,False
Harderwijk,Netherlands,03,40516,52.34167,5.62083,False
Harlingen,Netherlands,02,16119,53.17477,5.42244,False
Hatert,Netherlands,03,10210,51.80635,5.83057,False
Hattem,Netherlands,03,11876,52.475,6.06389,False
Heemskerk,Netherlands,07,39191,52.51108,4.67165,False
Heemstede,Netherlands,07,25562,52.34992,4.62301,False
Heerenveen,Netherlands,02,43094,52.95929,5.91854,False
Heerhugowaard,Netherlands,07,47580,52.67144,4.84862,False
Heerlen,Netherlands,05,93084,50.88365,5.98154,False
Heesch,Netherlands,06,12810,51.73362,5.52672,False
Heiloo,Netherlands,07,24144,52.60252,4.68815,False
Hellevoetsluis,Netherlands,11,21927,51.83333,4.13333,False
Helmond,Netherlands,06,74740,51.48167,5.66111,False
Hendrik-Ido-Ambacht,Netherlands,11,21027,51.84417,4.63889,False
Hengelo,Netherlands,15,82311,52.26583,6.79306,False
Hillegom,Netherlands,11,18419,52.29083,4.58333,False
Hilversum,Netherlands,07,83640,52.22333,5.17639,False
Hoensbroek,Netherlands,05,25000,50.92387,5.92528,False
Hoge Vucht,Netherlands,06,16000,51.60794,4.7915,False
Hoofddorp,Netherlands,07,132734,52.3025,4.68889,False
Hoogeveen,Netherlands,01,38754,52.7225,6.47639,False
Hoogezand,Netherlands,04,21480,53.16167,6.76111,False
Hoogkerk,Netherlands,04,11405,53.21083,6.50139,False
Hoogland,Netherlands,09,10587,52.1825,5.37361,False
Hoogvliet,Netherlands,11,34950,51.86333,4.3625,False
Hoorn,Netherlands,07,68852,52.6425,5.05972,False
Horst,Netherlands,05,13365,51.45417,6.05139,False
Huissen,Netherlands,03,19725,51.93833,5.93333,False
Huizen,Netherlands,07,41273,52.29917,5.24167,False
IJmuiden,Netherlands,07,31925,52.4603,4.61048,False
IJsselmuiden,Netherlands,15,12670,52.5649,5.92901,False
IJsselstein,Netherlands,09,33886,52.02,5.04306,False
Joure,Netherlands,02,13090,52.9657,5.80301,False
Julianadorp,Netherlands,07,15135,52.89,4.74028,False
Kampen,Netherlands,15,48980,52.555,5.91111,False
Katwijk aan Zee,Netherlands,11,20010,52.20333,4.39861,False
Kerkrade,Netherlands,05,49777,50.86583,6.0625,False
Klazienaveen,Netherlands,01,11919,52.72417,6.99028,False
Korrewegwijk,Netherlands,04,16710,53.23235,6.56804,False
Korvel,Netherlands,06,12520,51.54954,5.07079,False
Krimpen aan den IJssel,Netherlands,11,29017,51.91667,4.60278,False
Laren,Netherlands,07,11508,52.25667,5.22778,False
Leek,Netherlands,04,19651,53.1625,6.37639,False
Leerdam,Netherlands,09,20758,51.89333,5.09167,False
Leesten,Netherlands,03,10000,52.1279,6.23217,False
Leeuwarden,Netherlands,02,124481,53.20271,5.80973,False
Leiden,Netherlands,11,119713,52.15833,4.49306,False
Leiderdorp,Netherlands,11,25966,52.15833,4.52917,False
Leidsche Rijn,Netherlands,09,49307,52.09497,5.04613,False
Lelystad,Netherlands,16,79811,52.50833,5.475,False
Lemmer,Netherlands,02,10050,52.84618,5.70912,False
Leusden,Netherlands,09,29215,52.1325,5.43194,False
Lichtenvoorde,Netherlands,03,19590,51.98667,6.56667,False
Lindenholt,Netherlands,03,16121,51.8327,5.7934,False
Lisse,Netherlands,11,22321,52.26,4.55694,False
Lochem,Netherlands,03,12360,52.15917,6.41111,False
Lombardijen,Netherlands,11,13785,51.8738,4.52192,False
Loon op Zand,Netherlands,06,23000,51.6275,5.075,False
Lopik,Netherlands,09,14013,51.9725,4.94861,False
Losser,Netherlands,15,22431,52.26083,7.00417,False
Lunetten,Netherlands,09,11679,52.06178,5.13474,False
Lunteren,Netherlands,03,12510,52.085,5.62222,False
Maarssen,Netherlands,09,39675,52.13917,5.04167,False
Maaspoort,Netherlands,06,16150,51.72611,5.30194,False
Maassluis,Netherlands,11,32780,51.92333,4.25,False
Maastricht,Netherlands,05,122378,50.84833,5.68889,False
Made,Netherlands,06,11795,51.67667,4.79306,False
Marsdijk,Netherlands,01,12241,53.01766,6.58527,False
Medemblik,Netherlands,07,41500,52.77167,5.10556,False
Meppel,Netherlands,01,30697,52.69583,6.19444,False
Merenwijk,Netherlands,11,16500,52.17655,4.50885,False
Middelburg,Netherlands,10,46485,51.5,3.61389,False
Middelharnis,Netherlands,11,17554,51.7575,4.16528,False
Mijdrecht,Netherlands,09,15230,52.20667,4.8625,False
Monster,Netherlands,11,11580,52.02583,4.175,False
Naaldwijk,Netherlands,11,17753,51.99417,4.20972,False
Naarden,Netherlands,07,17115,52.29583,5.1625,False
Nieuw-Vennep,Netherlands,07,31415,52.26417,4.63056,False
Nieuwegein,Netherlands,09,61489,52.02917,5.08056,False
Nieuwerkerk aan den IJssel,Netherlands,11,10000,51.96833,4.60972,False
Nijkerk,Netherlands,03,38335,52.22,5.48611,False
Nijmegen,Netherlands,03,177359,51.8425,5.85278,False
Nijverdal,Netherlands,15,25000,52.36,6.46806,False
Noordwijk-Binnen,Netherlands,11,24363,52.234,4.44474,False
Noordwijkerhout,Netherlands,11,11875,52.26167,4.49306,False
Nootdorp,Netherlands,11,19020,52.045,4.39583,False
Nuenen,Netherlands,06,23223,51.47,5.55278,False
Nunspeet,Netherlands,03,19496,52.37917,5.78611,False
Oegstgeest,Netherlands,11,21149,52.18,4.46944,False
Oirschot,Netherlands,06,10393,51.505,5.31389,False
Oisterwijk,Netherlands,06,25980,51.57917,5.18889,False
Oldenzaal,Netherlands,15,31410,52.31333,6.92917,False
Ommen,Netherlands,15,11820,52.52083,6.42083,False
Ommoord,Netherlands,11,25150,51.95951,4.54533,False
Oosterbeek,Netherlands,03,11138,51.98583,5.84583,False
Oosterhout,Netherlands,06,53107,51.645,4.85972,False
Oosterpark,Netherlands,04,10550,53.2237,6.5853,False
Opmeer,Netherlands,07,11183,52.70667,4.94444,False
Oss,Netherlands,06,76430,51.765,5.51806,False
Oud-Beijerland,Netherlands,11,23569,51.82417,4.4125,False
Oudenbosch,Netherlands,06,13380,51.58833,4.53472,False
Papendrecht,Netherlands,11,31621,51.83167,4.6875,False
Pendrecht,Netherlands,11,11885,51.87152,4.46901,False
Pijnacker,Netherlands,11,18695,52.01954,4.42946,False
Prinsenbeek,Netherlands,06,10720,51.59833,4.7125,False
Purmerend,Netherlands,07,80117,52.505,4.95972,False
Putten,Netherlands,03,23168,52.25917,5.60694,False
Raalte,Netherlands,15,20015,52.38583,6.275,False
Reeuwijk,Netherlands,11,12817,52.04667,4.725,False
Rhenen,Netherlands,09,18061,51.95917,5.56806,False
Rhoon,Netherlands,11,18250,51.8575,4.42222,False
Ridderkerk,Netherlands,11,45189,51.8725,4.60278,False
Rijen,Netherlands,06,16230,51.59083,4.91944,False
Rijssen,Netherlands,15,27740,52.30667,6.51806,False
Rijswijk,Netherlands,11,47299,52.03634,4.32501,False
Roermond,Netherlands,05,44975,51.19417,5.9875,False
Roosendaal,Netherlands,06,77725,51.53083,4.46528,False
Rotterdam,Netherlands,11,868135,51.9225,4.47917,False
Rozenburg,Netherlands,11,12420,51.90417,4.24861,False
Sassenheim,Netherlands,11,15510,52.225,4.52222,False
Schagen,Netherlands,07,19890,52.7875,4.79861,False
Scheveningen,Netherlands,11,23000,52.10461,4.27557,False
Schiebroek,Netherlands,11,16305,51.95838,4.47124,False
Schiedam,Netherlands,11,75438,51.91917,4.38889,False
Schijndel,Netherlands,06,23239,51.6225,5.43194,False
Schoonhoven,Netherlands,11,12352,51.9475,4.84861,False
Sint-Oedenrode,Netherlands,06,16931,51.5675,5.45972,False
Sittard,Netherlands,05,48400,50.99833,5.86944,False
Sliedrecht,Netherlands,11,23854,51.82083,4.77639,False
Sneek,Netherlands,02,32811,53.03297,5.6589,False
Soest,Netherlands,09,45021,52.17333,5.29167,False
Someren,Netherlands,06,10690,51.385,5.71111,False
Spangen,Netherlands,11,10285,51.91688,4.43539,False
Spijkenisse,Netherlands,11,74988,51.845,4.32917,False
Stadskanaal,Netherlands,04,20000,52.98947,6.9504,False
Staphorst,Netherlands,15,15765,52.645,6.21111,False
Steenbergen,Netherlands,06,23582,51.58417,4.31944,False
Steenwijk,Netherlands,15,17138,52.7875,6.12083,False
Stein,Netherlands,05,11290,50.96917,5.76667,False
Tegelen,Netherlands,05,20190,51.34417,6.13611,False
Terneuzen,Netherlands,10,27930,51.33583,3.82778,False
The Hague,Netherlands,11,474292,52.07667,4.29861,False
Tiel,Netherlands,03,40702,51.88667,5.42917,False
Tilburg,Netherlands,06,221947,51.55551,5.0913,False
Tongelre,Netherlands,06,19680,51.44889,5.51978,False
Tubbergen,Netherlands,15,20334,52.4075,6.78472,False
Twello,Netherlands,03,13500,52.23667,6.10278,False
Uden,Netherlands,06,34601,51.66083,5.61944,False
Uitgeest,Netherlands,07,11794,52.52917,4.70972,False
Uithoorn,Netherlands,07,26846,52.2375,4.82639,False
Ulft,Netherlands,03,10440,51.89,6.37778,False
Urk,Netherlands,16,22173,52.6625,5.60139,False
Utrecht,Netherlands,09,376435,52.09083,5.12222,False
Vaassen,Netherlands,03,12719,52.28583,5.96667,False
Valkenswaard,Netherlands,06,31071,51.35083,5.45972,False
Veendam,Netherlands,04,28155,53.10667,6.87917,False
Veenendaal,Netherlands,09,61271,52.02863,5.55891,False
Veghel,Netherlands,06,25352,51.61667,5.54861,False
Veldhuizen,Netherlands,03,14585,52.04442,5.64201,False
Velp,Netherlands,03,17669,51.995,5.97361,False
Velsen-Zuid,Netherlands,07,67758,52.46,4.65,False
Velserbroek,Netherlands,07,15420,52.43283,4.66155,False
Venlo,Netherlands,05,101988,51.37,6.16806,False
Venray,Netherlands,05,39047,51.525,5.975,False
Vianen,Netherlands,09,19931,51.9925,5.09167,False
Vlaardingen,Netherlands,11,73798,51.9125,4.34167,False
Vlissingen,Netherlands,10,45273,51.4425,3.57361,False
Volendam,Netherlands,07,22000,52.495,5.07083,False
Voorburg,Netherlands,11,38000,52.07417,4.35972,False
Voorschoten,Netherlands,11,22468,52.1275,4.44861,False
Vreewijk,Netherlands,11,13745,51.88428,4.51967,False
Vriezenveen,Netherlands,15,12310,52.40833,6.62222,False
Vught,Netherlands,06,25043,51.65333,5.2875,False
Waalwijk,Netherlands,06,45610,51.6825,5.07083,False
Waddinxveen,Netherlands,11,25338,52.045,4.65139,False
Wageningen,Netherlands,03,35433,51.97,5.66667,False
Wassenaar,Netherlands,11,25353,52.14583,4.40278,False
Weert,Netherlands,05,48662,51.25167,5.70694,False
Weesp,Netherlands,07,17802,52.3075,5.04167,False
Werkendam,Netherlands,06,11204,51.81,4.89444,False
Wezep,Netherlands,03,13885,52.46167,5.99861,False
Wierden,Netherlands,15,25342,52.35917,6.59306,False
Wijchen,Netherlands,03,32693,51.80917,5.725,False
Wijk bij Duurstede,Netherlands,09,17465,51.97417,5.34167,False
Winschoten,Netherlands,04,18506,53.14417,7.03472,False
Winterswijk,Netherlands,03,29623,51.9725,6.71944,False
Wisch,Netherlands,03,19496,51.92648,6.41705,False
Woerden,Netherlands,09,48431,52.085,4.88333,False
Wolvega,Netherlands,02,13090,52.87545,5.99691,False
Wormer,Netherlands,07,13175,52.495,4.80556,False
Woudenberg,Netherlands,09,11305,52.08083,5.41667,False
Ypenburg,Netherlands,11,30000,52.04098,4.36981,False
Zaandam,Netherlands,07,71708,52.43854,4.82643,False
Zaanstad,Netherlands,07,140085,52.45313,4.81356,False
Zaltbommel,Netherlands,03,26383,51.81,5.24444,False
Zandvoort,Netherlands,07,16868,52.37125,4.53306,False
Zeewolde,Netherlands,16,19022,52.33,5.54167,False
Zeist,Netherlands,09,60949,52.09,5.23333,False
Zevenaar,Netherlands,03,26063,51.93,6.07083,False
Zierikzee,Netherlands,10,10483,51.65,3.91944,False
Zoetermeer,Netherlands,11,115845,52.0575,4.49306,False
Zuidwijk,Netherlands,11,12490,51.87532,4.48514,False
Zutphen,Netherlands,03,36188,52.13833,6.20139,False
Zwijndrecht,Netherlands,11,45696,51.8175,4.63333,False
Zwolle,Netherlands,15,129840,52.5125,6.09444,False
Alta,Norway,05,15094,69.96887,23.27165,False
Arendal,Norway,42,30916,58.46151,8.77253,False
Asker,Norway,01,61906,59.83333,10.43721,False
Askim,Norway,13,12482,59.58326,11.16286,False
Bergen,Norway,46,294029,60.39299,5.32415,False
Bodø,Norway,09,34073,67.28267,14.37513,False
Brumunddal,Norway,34,11019,60.88095,10.93948,False
Bryne,Norway,14,12465,58.73536,5.64766,False
Drammen,Norway,04,106013,59.74389,10.20449,False
Drøbak,Norway,01,11363,59.66239,10.62801,False
Egersund,Norway,14,11433,58.45133,5.9997,False
Elverum,Norway,34,12490,60.88191,11.56231,False
Ensjø,Norway,12,10000,59.91427,10.78746,False
Fredrikstad,Norway,13,83761,59.2181,10.9298,False
Førde,Norway,46,10339,61.45217,5.85717,False
Gjøvik,Norway,34,17596,60.79574,10.69155,False
Grimstad,Norway,42,24017,58.3405,8.59343,False
Halden,Norway,13,21970,59.12478,11.38754,False
Hamar,Norway,34,29479,60.7945,11.06798,False
Hammerfest,Norway,05,11448,70.66313,23.68092,False
Harstad,Norway,18,20953,68.79833,16.54165,False
Haugesund,Norway,14,40321,59.41378,5.268,False
Horten,Norway,20,27178,59.41721,10.48343,False
Hønefoss,Norway,04,13678,60.16804,10.25647,False
Jessheim,Norway,01,12365,60.14151,11.17515,False
Kleppe,Norway,14,10092,58.77423,5.62936,False
Kongsberg,Norway,04,17667,59.66858,9.65017,False
Kongsvinger,Norway,34,12338,60.19049,11.99772,False
Kopervik,Norway,14,11561,59.28354,5.30669,False
Kristiansand,Norway,42,117237,58.14671,7.9956,False
Kristiansund,Norway,08,24013,63.11045,7.72795,False
Larvik,Norway,20,23113,59.05328,10.03517,False
Leirvik,Norway,46,14126,59.77977,5.50051,False
Lenvik,Norway,18,11679,69.44318,18.15643,False
Levanger,Norway,21,20171,63.74644,11.29963,False
Lillehammer,Norway,34,29011,61.11514,10.46628,False
Lillestrøm,Norway,01,89684,59.95597,11.04918,False
Mandal,Norway,42,11053,58.0274,7.45342,False
Mo i Rana,Norway,09,18866,66.31278,14.14278,False
Molde,Norway,08,22410,62.73752,7.15912,False
Moss,Norway,13,49668,59.43403,10.65771,False
Narvik,Norway,09,14141,68.43838,17.4272,False
Nesoddtangen,Norway,01,10911,59.86244,10.66308,False
Nesttun,Norway,46,35638,60.31821,5.35317,False
Notodden,Norway,17,12359,59.55936,9.25853,False
Oslo,Norway,12,1082575,59.91273,10.74609,True
Porsgrunn,Norway,17,34377,59.14054,9.6561,False
Sandefjord,Norway,20,64345,59.13118,10.21665,False
Sandnes,Norway,14,85386,58.85244,5.73521,False
Sarpsborg,Norway,13,59038,59.28391,11.10962,False
Ski,Norway,01,12513,59.71949,10.83576,False
Skien,Norway,17,50595,59.20962,9.60897,False
Sola,Norway,14,29541,58.88854,5.65285,False
Sortland,Norway,09,10468,68.69569,15.40498,False
Stavanger,Norway,14,151669,58.97005,5.73332,False
Steinkjer,Norway,21,13060,64.01487,11.49537,False
Stjørdal,Norway,21,13032,63.46803,10.91776,False
Stjørdalshalsen,Norway,21,15693,63.4681,10.92618,False
Stokke,Norway,20,11657,59.22255,10.30055,False
Strand,Norway,14,13474,59.05,5.93333,False
Strømmen,Norway,01,11410,59.95063,11.01009,False
Time,Norway,14,19781,58.73333,5.7,False
Tromsdalen,Norway,18,18291,69.65,19.01667,False
Tromsø,Norway,18,41915,69.6489,18.95508,False
Trondheim,Norway,21,216518,63.43049,10.39506,False
Tønsberg,Norway,20,55387,59.26754,10.40762,False
Vennesla,Norway,42,12816,58.26856,7.97314,False
Volda,Norway,08,10809,62.146,6.07108,False
Ytrebygda,Norway,46,24044,60.30504,5.28236,False
Ålesund,Norway,08,52626,62.47225,6.15492,False
Aleksandrów Kujawski,Poland,73,12290,52.87659,18.69345,False
Aleksandrów Łódzki,Poland,74,20292,51.81965,19.30384,False
Andrychów,Poland,77,21954,49.85497,19.33834,False
Augustów,Poland,81,29752,53.84321,22.97979,False
Barlinek,Poland,87,14385,52.99464,15.21864,False
Bartoszyce,Poland,85,23482,54.25354,20.80819,False
Bemowo,Poland,78,123932,52.2546,20.90844,False
Bełchatów,Poland,74,62896,51.36883,19.35671,False
Biała Podlaska,Poland,75,57541,52.03238,23.11652,False
Białogard,Poland,87,24368,54.00696,15.98751,False
Białołeka,Poland,78,129106,52.32127,20.97204,False
Białystok,Poland,81,295683,53.13333,23.16433,False
Bielany,Poland,78,131910,52.29242,20.93531,False
Bielawa,Poland,72,29232,50.69075,16.623,False
Bielsk Podlaski,Poland,81,26493,52.76512,23.18647,False
Bielsko-Biala,Poland,83,176515,49.82245,19.04686,False
Bieruń,Poland,83,19659,50.09,19.09291,False
Bieńczyce,Poland,77,42633,50.08809,20.02786,False
Biskupiec,Poland,85,10340,53.86467,20.95692,False
Biskupin,Poland,72,11292,51.10097,17.10442,False
Biskupin-Sępolno-Dąbie-Bartoszowice,Poland,72,19951,51.10833,17.09134,False
Biłgoraj,Poland,75,26987,50.54114,22.72204,False
Bochnia,Poland,77,29184,49.96905,20.43028,False
Bogatynia,Poland,72,16460,50.90747,14.95634,False
Boguszów-Gorce,Poland,72,16726,50.75514,16.20494,False
Bolesławiec,Poland,72,40682,51.26418,15.5697,False
Borek,Poland,72,11883,51.08429,17.0095,False
Braniewo,Poland,85,18356,54.37971,19.81959,False
Brodnica,Poland,73,27341,53.25967,19.39653,False
Brwinów,Poland,78,12315,52.14269,20.71697,False
Brzeg,Poland,79,38259,50.86079,17.4674,False
Brzeg Dolny,Poland,72,12511,51.27299,16.70815,False
Brzesko,Poland,77,16866,49.96911,20.60606,False
Brzeszcze,Poland,77,10935,49.98203,19.15157,False
Brzeziny,Poland,74,12289,51.80023,19.75144,False
Brzeźno Gdańskie,Poland,82,10938,54.40365,18.63144,False
Bukowno,Poland,77,10874,50.26474,19.45962,False
Busko-Zdrój,Poland,84,17095,50.47078,20.71884,False
Bydgoszcz,Poland,73,330038,53.1235,18.00762,False
Bystrzyca Kłodzka,Poland,72,10375,50.30179,16.64231,False
Bytom,Poland,83,189186,50.34802,18.93282,False
Bytów,Poland,82,16724,54.17057,17.49187,False
Będzin,Poland,83,58236,50.32607,19.12565,False
Błonie,Poland,78,12195,52.19849,20.61709,False
Chełm,Poland,75,60231,51.14312,23.4716,False
Chełm,Poland,82,30743,54.34048,18.61925,False
Chełmno,Poland,73,20576,53.34855,18.4251,False
Chełmża,Poland,73,15403,53.18463,18.60466,False
Chodzież,Poland,86,19776,52.99505,16.9198,False
Chojnice,Poland,82,38789,53.69554,17.55701,False
Chojnów,Poland,72,14209,51.27373,15.93661,False
Chorzów,Poland,83,113430,50.30582,18.9742,False
Choszczno,Poland,87,15733,53.16905,15.42054,False
Chrzanów,Poland,77,39973,50.13546,19.40203,False
Ciechanów,Poland,78,46438,52.88141,20.61996,False
Ciechocinek,Poland,73,10832,52.87908,18.79505,False
Cieplice Śląskie Zdrój,Poland,72,15000,50.86545,15.68367,False
Cieszyn,Poland,83,35586,49.75133,18.63213,False
Czarnków,Poland,86,11562,52.90214,16.56413,False
Czechowice-Dziedzice,Poland,83,34703,49.91342,19.00479,False
Czeladź,Poland,83,34308,50.31542,19.07824,False
Czerwionka-Leszczyny,Poland,83,28740,50.15007,18.67762,False
Częstochowa,Poland,83,248125,50.79646,19.12409,False
Człuchów,Poland,82,13350,53.66722,17.35883,False
Darłowo,Poland,87,13324,54.42095,16.4107,False
Dobre Miasto,Poland,85,10514,53.98668,20.39749,False
Drawsko Pomorskie,Poland,87,11275,53.53056,15.80967,False
Drezdenko,Poland,76,10541,52.83831,15.83079,False
Drzetowo-Grabowo,Poland,87,22655,53.44888,14.5792,False
Działdowo,Poland,85,21127,53.23958,20.17004,False
Dzierżoniów,Poland,72,34168,50.7282,16.65141,False
Dąbie,Poland,87,13275,53.40027,14.67644,False
Dąbrowa Górnicza,Poland,83,116971,50.33394,19.20479,False
Dąbrowa Tarnowska,Poland,77,11291,50.17462,20.98633,False
Dębica,Poland,80,47366,50.05146,21.41141,False
Dęblin,Poland,75,17775,51.55912,21.84829,False
Dębno,Poland,87,13804,52.73901,14.698,False
Elbląg,Poland,85,127558,54.1522,19.40884,False
Ełk,Poland,85,55769,53.82824,22.36469,False
Fordon,Poland,73,70000,53.14821,18.17036,False
Gaj,Poland,72,19136,51.08006,17.04018,False
Gajowice,Poland,72,21781,51.09627,17.00195,False
Garwolin,Poland,78,15912,51.89747,21.61466,False
Gdańsk,Poland,82,487371,54.35227,18.64912,False
Gdynia,Poland,82,257000,54.51889,18.53188,False
Gierłoż,Poland,85,28351,54.08134,21.49551,False
Giżycko,Poland,85,29972,54.03811,21.76441,False
Gliwice,Poland,83,198835,50.29761,18.67658,False
Gniezno,Poland,86,70269,52.53481,17.58259,False
Goleniów,Poland,87,22505,53.56392,14.82854,False
Golub-Dobrzyń,Poland,73,12937,53.11087,19.05381,False
Gorlice,Poland,77,28609,49.65563,21.16035,False
Gorzów Wielkopolski,Poland,76,114567,52.73371,15.22505,False
Gostynin,Poland,78,18976,52.42938,19.46194,False
Gostyń,Poland,86,20771,51.88247,17.01225,False
Gołdap,Poland,85,13769,54.30631,22.30362,False
Grabiszyn-Grabiszynek,Poland,72,13170,51.09352,16.98152,False
Grabiszynek,Poland,72,11145,51.08703,16.98629,False
Grajewo,Poland,81,22803,53.64728,22.45537,False
Grodzisk Mazowiecki,Poland,78,26684,52.10387,20.6337,False
Grodzisk Wielkopolski,Poland,86,13826,52.22762,16.36534,False
Grudziądz,Poland,73,92552,53.48411,18.75366,False
Gryfice,Poland,87,16720,53.9165,15.20027,False
Gryfino,Poland,87,21270,53.25243,14.48831,False
Grzegórzki,Poland,77,28960,50.06423,19.96761,False
Grójec,Poland,78,14880,51.86252,20.86757,False
Gubin,Poland,76,16629,51.94956,14.72837,False
Góra,Poland,72,12668,51.66638,16.53494,False
Góra Kalwaria,Poland,78,10777,51.97653,21.21537,False
Gądów-Popowice Południowe,Poland,72,24508,51.1272,16.97027,False
Głogów,Poland,72,65400,51.66361,16.0845,False
Głowno,Poland,74,15103,51.96463,19.71565,False
Głubczyce,Poland,79,13697,50.20086,17.82858,False
Głuchołazy,Poland,79,15120,50.31505,17.38355,False
Hajnówka,Poland,81,22157,52.74328,23.58122,False
Hrubieszów,Poland,75,18605,50.80502,23.89251,False
Huby,Poland,72,18727,51.08928,17.04113,False
Inowrocław,Poland,73,77597,52.79886,18.26387,False
Iława,Poland,85,32557,53.59601,19.56849,False
Janów Lubelski,Poland,75,11811,50.70695,22.41039,False
Jarocin,Poland,86,25582,51.97266,17.50256,False
Jarosław,Poland,80,35475,50.01623,22.67776,False
Jastrzębie Zdrój,Poland,83,95813,49.95542,18.57479,False
Jasło,Poland,80,37851,49.74506,21.47252,False
Jawor,Poland,72,23865,51.05132,16.19347,False
Jaworzno,Poland,83,96541,50.20528,19.27498,False
Jelcz,Poland,72,15308,51.02102,17.32095,False
Jelcz Laskowice,Poland,72,15340,51.02134,17.31649,False
Jelenia Góra,Poland,72,77366,50.89973,15.72899,False
Józefów,Poland,78,17910,52.13707,21.23589,False
Jędrzejów,Poland,84,16792,50.63945,20.30454,False
Kabaty,Poland,78,30000,52.13012,21.08148,False
Kalisz,Poland,86,108759,51.76109,18.09102,False
Kamienna Góra,Poland,72,21743,50.78314,16.03037,False
Karczew,Poland,78,10319,52.07655,21.24962,False
Kartuzy,Poland,82,15002,54.33424,18.19735,False
Karłowice,Poland,72,12651,51.14132,17.05212,False
Karłowice-Różanka,Poland,72,31813,51.13675,17.04323,False
Katowice,Poland,83,286960,50.2597,19.02173,False
Kielce,Poland,84,192468,50.87033,20.62752,False
Kluczbork,Poland,79,25978,50.97281,18.21816,False
Knurów,Poland,83,39744,50.21971,18.65067,False
Kobyłka,Poland,78,17659,52.33953,21.19589,False
Kokoszki,Poland,82,10240,54.35563,18.49102,False
Kolbuszowa,Poland,80,10442,50.2441,21.7761,False
Kolno,Poland,81,10659,53.41148,21.92905,False
Koluszki,Poland,74,13343,51.73872,19.81994,False
Konin,Poland,86,81258,52.22338,18.25121,False
Konstancin-Jeziorna,Poland,78,16548,52.0938,21.11761,False
Konstantynów Łódzki,Poland,74,18335,51.74776,19.32564,False
Koronowo,Poland,73,10965,53.3137,17.93698,False
Kostrzyn nad Odrą,Poland,76,17778,52.58713,14.64953,False
Koszalin,Poland,87,107450,54.19438,16.17222,False
Kowary,Poland,72,10869,50.79313,15.83559,False
Kozanów,Poland,72,15901,51.14447,16.96937,False
Kozienice,Poland,78,17075,51.58294,21.54779,False
Kozy,Poland,83,11920,49.84756,19.14891,False
Koło,Poland,86,23493,52.20024,18.63865,False
Kołobrzeg,Poland,87,44377,54.17565,15.58342,False
Końskie,Poland,84,20756,51.19166,20.40607,False
Kościan,Poland,86,24096,52.08829,16.64866,False
Kościerzyna,Poland,82,23327,54.12226,17.98119,False
Koźle,Poland,79,14780,50.3356,18.14332,False
Kraków,Poland,77,816614,50.06143,19.93658,False
Krapkowice,Poland,79,18275,50.47515,17.96539,False
Krasnystaw,Poland,75,19532,50.98464,23.1742,False
Kraśnik,Poland,75,35834,50.9236,22.22706,False
Krosno,Poland,80,47784,49.68866,21.77058,False
Krosno Odrzańskie,Poland,76,12178,52.05492,15.09882,False
Krotoszyn,Poland,86,29231,51.69868,17.43738,False
Krynica-Zdrój,Poland,77,12270,49.42225,20.95942,False
Krzyki,Poland,72,12993,51.07085,16.99475,False
Krzyki-Partynice,Poland,72,21233,51.06413,17.00186,False
Kudowa-Zdrój,Poland,72,10176,50.44297,16.24397,False
Kutno,Poland,74,48323,52.23064,19.36409,False
Kwidzyn,Poland,82,37601,53.72495,18.93114,False
Kędzierzyn-Koźle,Poland,79,65636,50.34984,18.22606,False
Kępno,Poland,86,14813,51.2784,17.98908,False
Kętrzyn,Poland,85,27478,54.07676,21.37527,False
Kęty,Poland,77,19249,49.88214,19.22333,False
Kłobuck,Poland,83,12934,50.90081,18.93674,False
Kłodzko,Poland,72,25717,50.43488,16.66145,False
Legionowo,Poland,78,50786,52.40149,20.92664,False
Legnica,Poland,72,106033,51.21006,16.1619,False
Leszno,Poland,86,63565,51.84034,16.57494,False
Leżajsk,Poland,80,13958,50.26257,22.41932,False
Libiąż,Poland,77,17834,50.10396,19.31568,False
Lidzbark Warmiński,Poland,85,16540,54.12588,20.57954,False
Limanowa,Poland,77,14738,49.70594,20.42204,False
Lipno,Poland,73,14821,52.84436,19.17852,False
Lubaczów,Poland,80,12595,50.157,23.12339,False
Lubartów,Poland,75,22839,51.46026,22.60952,False
Lubań,Poland,72,22245,51.12014,15.28768,False
Lubin,Poland,72,77532,51.40089,16.20149,False
Lublin,Poland,75,336339,51.25058,22.57009,False
Lubliniec,Poland,83,23784,50.66897,18.6844,False
Luboń,Poland,86,26431,52.34705,16.89267,False
Lubsko,Poland,76,14994,51.78467,14.97196,False
Lębork,Poland,82,35161,54.53921,17.75012,False
Lędziny,Poland,83,16305,50.14264,19.13149,False
Malbork,Poland,82,36709,54.03591,19.0266,False
Marki,Poland,78,23177,52.32065,21.10474,False
Maślice,Poland,72,12793,51.15773,16.92715,False
Miastko,Poland,82,10954,54.00283,16.98263,False
Miechów,Poland,77,11735,50.35648,20.02788,False
Mielec,Poland,80,59509,50.28709,21.4239,False
Mikołów,Poland,83,38821,50.17103,18.9041,False
Milanówek,Poland,78,15784,52.11879,20.67155,False
Milicz,Poland,72,11304,51.5277,17.27137,False
Międzychód,Poland,86,10994,52.59882,15.89696,False
Międzyrzec Podlaski,Poland,75,17158,51.9864,22.78248,False
Międzyrzecz,Poland,76,18669,52.44461,15.57801,False
Mińsk Mazowiecki,Poland,78,37027,52.17935,21.57251,False
Mogilno,Poland,73,12465,52.65806,17.95578,False
Mokotów,Poland,78,217683,52.1934,21.03487,False
Morąg,Poland,85,14745,53.91711,19.92602,False
Mosina,Poland,86,12318,52.24543,16.84709,False
Mońki,Poland,81,10577,53.40496,22.79791,False
Mrągowo,Poland,85,21965,53.86437,21.30507,False
Muchobór Wielki,Poland,72,13098,51.0974,16.94478,False
Myszków,Poland,83,33273,50.5752,19.32461,False
Mysłowice,Poland,83,72124,50.20745,19.16668,False
Myślenice,Poland,77,17686,49.83383,19.9383,False
Myślibórz,Poland,87,12092,52.92382,14.86785,False
Mława,Poland,78,29398,53.11278,20.3841,False
Nadodrze,Poland,72,23177,51.12541,17.0307,False
Nakło nad Notecią,Poland,73,19565,53.14214,17.60181,False
Namysłów,Poland,79,16376,51.07592,17.72284,False
Nidzica,Poland,85,14720,53.36052,20.42749,False
Niedobczyce,Poland,83,10846,50.0654,18.49531,False
Nisko,Poland,80,15573,50.51987,22.13968,False
Nowa Dęba,Poland,80,11489,50.42974,21.75078,False
Nowa Ruda,Poland,72,24753,50.58008,16.50164,False
Nowa Sól,Poland,76,40354,51.80333,15.71702,False
Nowe Miasto Lubawskie,Poland,85,10997,53.42079,19.59515,False
Nowogard,Poland,87,16703,53.67437,15.1163,False
Nowy Dwór,Poland,72,14832,51.1147,16.95577,False
Nowy Dwór Mazowiecki,Poland,78,27633,52.43022,20.71652,False
Nowy Sącz,Poland,77,84376,49.62177,20.69705,False
Nowy Targ,Poland,77,33763,49.47783,20.03228,False
Nowy Tomyśl,Poland,86,15179,52.3195,16.12844,False
Nysa,Poland,79,47283,50.47379,17.33437,False
Oborniki,Poland,86,17915,52.64739,16.81406,False
Ochota,Poland,78,82774,52.22096,20.98526,False
Olecko,Poland,85,15923,54.03374,22.50704,False
Olesno,Poland,79,10236,50.87698,18.42094,False
Oleśnica,Poland,72,36956,51.21338,17.38986,False
Oliwa,Poland,82,14618,54.40723,18.55363,False
Olkusz,Poland,77,37744,50.2813,19.56503,False
Olsztyn,Poland,85,169793,53.78376,20.49272,False
Opoczno,Poland,74,22592,51.37569,20.27827,False
Opole,Poland,79,127676,50.67119,17.92604,False
Orunia Górna-Gdańsk Południe,Poland,82,19807,54.32491,18.61567,False
Orunia-Św. Wojciech-Lipce,Poland,82,14136,54.31469,18.63685,False
Orzesze,Poland,83,18438,50.15595,18.77923,False
Osiedle Kosmonautów,Poland,72,19048,51.12753,16.96186,False
Osiedle Powstańców Śląskich,Poland,72,24329,51.09289,17.02061,False
Osowa,Poland,82,16021,54.43109,18.46727,False
Ostrowiec Świętokrzyski,Poland,84,73989,50.92936,21.38525,False
Ostrołęka,Poland,78,53740,53.08621,21.57566,False
Ostrzeszów,Poland,86,14446,51.4264,17.93355,False
Ostróda,Poland,85,33524,53.69671,19.96486,False
Ostrów Mazowiecka,Poland,78,22653,52.80245,21.89507,False
Ostrów Wielkopolski,Poland,86,72898,51.65501,17.80686,False
Otwock,Poland,78,43388,52.10577,21.26129,False
Ozorków,Poland,74,20608,51.96336,19.29139,False
Oława,Poland,72,33029,50.9466,17.2926,False
Ołbin,Poland,72,31216,51.12132,17.05303,False
Oświęcim,Poland,77,34170,50.03437,19.21037,False
Pabianice,Poland,74,70542,51.66446,19.35473,False
Parczew,Poland,75,10249,51.64021,22.90057,False
Pasłęk,Poland,85,12267,54.0616,19.65932,False
Piaseczno,Poland,78,36278,52.0814,21.02397,False
Piastów,Poland,78,23290,52.18435,20.83952,False
Piecki-Migowo,Poland,82,27173,54.35698,18.58174,False
Piekary Śląskie,Poland,83,59757,50.38017,18.92653,False
Pilczyce-Kozanów-Popowice Północne,Poland,72,31320,51.13092,16.97654,False
Pionki,Poland,78,19966,51.47604,21.44995,False
Piotrków Trybunalski,Poland,74,80128,51.40547,19.70321,False
Pisz,Poland,85,19232,53.62744,21.81253,False
Piła,Poland,86,75532,53.15145,16.73782,False
Pińczów,Poland,84,11806,50.52052,20.52649,False
Plac Grunwaldzki,Poland,72,13187,51.11164,17.06005,False
Pleszew,Poland,86,17640,51.89636,17.78549,False
Police,Poland,87,34350,53.55214,14.57182,False
Polkowice,Poland,72,21565,51.50391,16.07261,False
Poniatowa,Poland,75,10056,51.17983,22.13093,False
Powstańców Śląskich Wschód,Poland,72,11456,51.09164,17.0247,False
Powstańców Śląskich Zachód-Centrum Południow,Poland,72,12077,51.09607,17.0177,False
Poznań,Poland,86,536151,52.40692,16.92993,False
Praga Południe,Poland,78,179836,52.24424,21.08545,False
Praga Północ,Poland,78,93192,52.25443,21.03472,False
Prudnik,Poland,79,23343,50.32124,17.57461,False
Pruszcz Gdański,Poland,82,23618,54.26217,18.63625,False
Pruszków,Poland,78,55371,52.17072,20.81214,False
Przasnysz,Poland,78,16718,53.01907,20.88029,False
Przedmieście Oławskie,Poland,72,20316,51.10209,17.04829,False
Przedmieście Świdnickie,Poland,72,13870,51.10083,17.03458,False
Przemyśl,Poland,80,67013,49.78498,22.76728,False
Przeworsk,Poland,80,15805,50.05912,22.49408,False
Przymorze Małe,Poland,82,14912,54.40981,18.5784,False
Przymorze Wielkie,Poland,82,24368,54.41166,18.5984,False
Psie Pole,Poland,72,95615,51.14595,17.03519,False
Psie Pole Zawidawie,Poland,72,29606,51.14756,17.11438,False
Pszczyna,Poland,83,25288,49.98037,18.95382,False
Pszów,Poland,83,14028,50.03994,18.39472,False
Puck,Poland,82,11415,54.7179,18.40841,False
Puławy,Poland,75,49759,51.41655,21.96939,False
Pułtusk,Poland,78,19039,52.7025,21.08276,False
Pyrzyce,Poland,87,12893,53.1462,14.89257,False
Pyskowice,Poland,83,19018,50.4,18.63333,False
Płock,Poland,78,127474,52.54682,19.70638,False
Płońsk,Poland,78,22217,52.62348,20.37552,False
Rabka-Zdrój,Poland,77,13071,49.60889,19.96654,False
Racibórz,Poland,83,58464,50.09195,18.21928,False
Radlin,Poland,83,17479,50.0502,18.47626,False
Radom,Poland,78,226794,51.40253,21.14714,False
Radomsko,Poland,74,44700,51.06713,19.44477,False
Radzionków,Poland,83,17167,50.40026,18.90232,False
Radzyń Podlaski,Poland,75,16071,51.78333,22.61667,False
Rawa Mazowiecka,Poland,74,17770,51.76437,20.25493,False
Rawicz,Poland,86,21380,51.60946,16.85852,False
Reda,Poland,82,18116,54.60528,18.34717,False
Rejon placu Grunwaldzkiego,Poland,72,27030,51.11669,17.06126,False
Rejon placu Świętego Macieja,Poland,72,44090,51.12056,17.03761,False
Rejon ulicy Traugutta,Poland,72,20617,51.10247,17.04827,False
Rembertów,Poland,78,21893,52.26059,21.16355,False
Rogoźno,Poland,86,10859,52.75226,16.99049,False
Ropczyce,Poland,80,15279,50.05229,21.60891,False
Ruda Śląska,Poland,83,146189,50.2584,18.85632,False
Rumia,Poland,82,44791,54.57092,18.38802,False
Rybnik,Poland,83,142510,50.09713,18.54179,False
Rydułtowy,Poland,83,21887,50.05857,18.41703,False
Rypin,Poland,73,16589,53.06603,19.40941,False
Rzeszów,Poland,80,198317,50.04132,21.99901,False
Różanka-Polanka,Poland,72,15746,51.14344,17.01987,False
Sandomierz,Poland,84,25087,50.68265,21.74898,False
Sanok,Poland,80,39684,49.55573,22.2056,False
Siedlce,Poland,82,12473,54.34692,18.61694,False
Siedlce,Poland,78,77185,52.16772,22.29006,False
Siemianowice Śląskie,Poland,83,73121,50.32738,19.02901,False
Siemiatycze,Poland,81,15421,52.42719,22.86231,False
Sieradz,Poland,74,44436,51.59584,18.73023,False
Sierpc,Poland,78,18866,52.8568,19.66913,False
Skarżysko-Kamienna,Poland,84,49410,51.11311,20.87162,False
Skawina,Poland,77,23647,49.97524,19.82869,False
Skierniewice,Poland,74,49042,51.95485,20.15837,False
Skoczów,Poland,83,14810,49.80089,18.7877,False
Skwierzyna,Poland,76,10051,52.59914,15.50652,False
Sochaczew,Poland,78,38267,52.22944,20.23838,False
Sokołów Podlaski,Poland,78,18241,52.40677,22.25307,False
Sokółka,Poland,81,19079,53.40715,23.50228,False
Solec Kujawski,Poland,73,15125,53.08371,18.22572,False
Sopot,Poland,82,35049,54.4418,18.56003,False
Sosnowiec,Poland,83,227295,50.28682,19.10385,False
Stabłowice,Poland,72,14099,51.15375,16.9002,False
Stalowa Wola,Poland,80,66495,50.58286,22.05334,False
Starachowice,Poland,84,53739,51.0374,21.07126,False
Stargard,Poland,87,71224,53.33672,15.0499,False
Starogard Gdański,Poland,82,47272,53.96396,18.52638,False
Staszów,Poland,84,16137,50.56307,21.16593,False
Strzegom,Poland,72,16106,50.96264,16.35006,False
Strzelce Opolskie,Poland,79,20241,50.5107,18.30056,False
Strzelin,Poland,72,12394,50.78157,17.06477,False
Sulechów,Poland,76,18055,52.08362,15.62513,False
Sulejówek,Poland,78,18414,52.25221,21.26902,False
Sulęcin,Poland,77,10090,52.44429,15.11676,False
Suwałki,Poland,81,69222,54.11175,22.93087,False
Swarzędz,Poland,86,29010,52.41289,17.08503,False
Syców,Poland,72,10809,51.30814,17.71979,False
Szamotuły,Poland,86,18588,52.61201,16.57794,False
Szczecin,Poland,87,395513,53.42894,14.55302,False
Szczecinek,Poland,87,38496,53.70791,16.69937,False
Szczepin,Poland,72,18488,51.11614,17.01018,False
Szczytno,Poland,85,26044,53.56259,20.98747,False
Szerszenie,Poland,81,14000,52.3978,22.95632,False
Szprotawa,Poland,76,12786,51.56563,15.53664,False
Szydłowiec,Poland,78,12128,51.22823,20.86106,False
Sławno,Poland,87,13415,54.36276,16.67888,False
Słubice,Poland,76,17567,52.35088,14.56065,False
Słupca,Poland,86,14476,52.28733,17.87192,False
Słupsk,Poland,82,98608,54.46405,17.02872,False
Targówek,Poland,78,124279,52.29185,21.04845,False
Tarnobrzeg,Poland,80,50459,50.57304,21.67937,False
Tarnowskie Góry,Poland,83,60938,50.44548,18.86147,False
Tarnów,Poland,77,117799,50.01381,20.98698,False
Tczew,Poland,82,60133,54.09242,18.77787,False
Tomaszów Lubelski,Poland,75,20261,50.44767,23.41616,False
Tomaszów Mazowiecki,Poland,74,67197,51.53131,20.00855,False
Toruń,Poland,73,196935,53.01375,18.59814,False
Trzcianka,Poland,86,16914,53.04063,16.45629,False
Trzebiatów,Poland,87,10322,54.06147,15.26475,False
Trzebinia,Poland,77,18828,50.15931,19.46966,False
Trzebnica,Poland,72,12212,51.31076,17.06331,False
Tuchola,Poland,73,13686,53.58792,17.85905,False
Turek,Poland,86,29533,52.01548,18.50055,False
Tychy,Poland,83,130000,50.13717,18.96641,False
Ujeścisko-Łostowice,Poland,82,29845,54.32435,18.60269,False
Ursus,Poland,78,47285,52.19517,20.88419,False
Ursynów,Poland,78,149775,52.15051,21.05041,False
Ustka,Poland,82,16250,54.58048,16.86194,False
Ustroń,Poland,83,15637,49.72153,18.80198,False
Wadowice,Poland,77,19238,49.88335,19.49292,False
Wapienica,Poland,83,10514,49.81667,18.98333,False
Warka,Poland,78,11048,51.7843,21.19091,False
Warsaw,Poland,78,1702139,52.22977,21.01178,True
Wawer,Poland,78,77205,52.19656,21.17752,False
Wałbrzych,Poland,72,127431,50.77141,16.28432,False
Wałcz,Poland,87,25971,53.27787,16.47122,False
Wejherowo,Poland,82,46820,54.60568,18.23559,False
Wesoła,Poland,78,20000,52.25451,21.22407,False
Wieliczka,Poland,77,18677,49.98738,20.06473,False
Wielki Kack,Poland,82,10012,54.46754,18.4881,False
Wieluń,Poland,74,21624,51.22097,18.56964,False
Wilanów,Poland,78,14032,52.16311,21.08748,False
Wisła,Poland,83,11379,49.65629,18.8591,False
Wodzisław Śląski,Poland,83,49521,50.00377,18.47205,False
Wola,Poland,78,140958,52.23477,20.96004,False
Wolin,Poland,87,12438,53.84214,14.61465,False
Wolsztyn,Poland,86,13689,52.11552,16.11712,False
Wołomin,Poland,78,36592,52.34006,21.24207,False
Wołów,Poland,72,12276,51.33656,16.64429,False
Wrocław,Poland,72,672545,51.10286,17.03006,False
Wronki,Poland,86,11462,52.71051,16.38044,False
Wrzeszcz,Poland,82,65000,54.37648,18.60753,False
Wrzeszcz Dolny,Poland,82,21648,54.38473,18.61273,False
Wrzeszcz Górny,Poland,82,20810,54.37978,18.59539,False
Września,Poland,86,28703,52.32512,17.56519,False
Wschowa,Poland,76,14458,51.80705,16.31663,False
Wyszków,Poland,78,26500,52.59278,21.4584,False
Wąbrzeźno,Poland,73,13911,53.27989,18.94773,False
Wągrowiec,Poland,86,25648,52.80842,17.19961,False
Węgorzewo,Poland,85,11864,54.21567,21.7372,False
Węgrów,Poland,78,12512,52.39954,22.01634,False
Władysławowo,Poland,82,14889,54.79086,18.4009,False
Włochy,Poland,78,36276,52.17941,20.94612,False
Włocławek,Poland,73,120339,52.64817,19.0678,False
Włodawa,Poland,75,13142,51.55,23.55,False
Włoszczowa,Poland,84,10661,50.85256,19.96593,False
Zabrze,Poland,83,192177,50.32492,18.78576,False
Zakopane,Poland,77,27266,49.29899,19.94885,False
Zakrzów,Poland,72,10737,51.16624,17.13688,False
Zambrów,Poland,81,22857,52.9855,22.24319,False
Zamość,Poland,75,66034,50.72314,23.25196,False
Zaspa-Młyniec,Poland,82,12376,54.39127,18.59848,False
Zaspa-Rozstaje,Poland,82,12446,54.39672,18.61299,False
Zawiercie,Poland,83,53159,50.48766,19.41679,False
Zduńska Wola,Poland,74,44515,51.59915,18.93974,False
Zdzieszowice,Poland,79,13401,50.42482,18.12349,False
Zgierz,Poland,74,58036,51.85561,19.40623,False
Zgorzelec,Poland,72,33247,51.14942,15.00835,False
Zgorzelisko,Poland,72,11967,51.13833,17.13365,False
Zielona Góra,Poland,76,118433,51.93548,15.50643,False
Zielonka,Poland,78,17518,52.30376,21.16018,False
Zlote Lany,Poland,83,12865,49.81426,19.07172,False
Ząbki,Poland,78,23473,52.29271,21.10539,False
Ząbkowice Śląskie,Poland,72,15004,50.58969,16.81239,False
Złocieniec,Poland,87,13337,53.53286,16.01132,False
Złotoryja,Poland,72,15564,51.12637,15.91979,False
Złotów,Poland,86,18395,53.36346,17.04082,False
Łapy,Poland,81,16434,52.9911,22.88422,False
Łask,Poland,74,18577,51.59056,19.13278,False
Łaziska Górne,Poland,83,21983,50.14952,18.84215,False
Łańcut,Poland,80,18266,50.06871,22.22912,False
Łobez,Poland,87,10609,53.63918,15.62129,False
Łomianki,Poland,78,15315,52.33413,20.88602,False
Łomża,Poland,81,62019,53.17806,22.05935,False
Łowicz,Poland,74,29809,52.10714,19.94525,False
Łuków,Poland,75,30465,51.929,22.37956,False
Łódź,Poland,74,639890,51.77058,19.47395,False
Łęczna,Poland,75,21719,51.30121,22.88135,False
Łęczyca,Poland,74,15528,52.05959,19.19972,False
Śrem,Poland,86,30404,52.08868,17.01508,False
Środa Wielkopolska,Poland,86,21757,52.22843,17.27617,False
Środmieście,Poland,82,23364,54.35048,18.65556,False
Śródmieście,Poland,72,99088,51.11316,17.08145,False
Śródmieście,Poland,78,99950,52.22904,21.01644,False
Świdnica,Poland,72,60351,50.84378,16.48859,False
Świdnik,Poland,75,40050,51.21898,22.69621,False
Świdwin,Poland,87,15725,53.77464,15.77671,False
Świebodzice,Poland,72,23228,50.85974,16.31966,False
Świebodzin,Poland,76,21757,52.24751,15.53355,False
Świecie,Poland,73,25843,53.40953,18.44742,False
Świerczewo,Poland,87,16034,53.4273,14.51303,False
Świnoujście,Poland,87,40919,53.91053,14.24712,False
Świętochłowice,Poland,83,55600,50.29636,18.91726,False
Żabianka-Wejhera-Jelitkowo-Tysiąclecia,Poland,82,14540,54.42307,18.57445,False
Żagań,Poland,76,25731,51.61759,15.31486,False
Żary,Poland,76,38779,51.64205,15.13727,False
Żnin,Poland,73,14008,52.84958,17.71992,False
Żoliborz,Poland,78,50934,52.26896,20.98644,False
Żory,Poland,83,63174,50.04523,18.70062,False
Żyrardów,Poland,78,41179,52.0488,20.44599,False
Żywiec,Poland,83,32132,49.68529,19.19243,False
Abrantes,Portugal,18,13646,39.46667,-8.2,False
Afurada de Baixo,Portugal,17,34332,41.14389,-8.64639,False
Ajuda,Portugal,14,14306,38.70031,-9.20805,False
Albufeira,Portugal,09,15851,37.08819,-8.2503,False
Alcabideche,Portugal,14,33315,38.73366,-9.40928,False
Alcobaça,Portugal,13,15800,39.55223,-8.97749,False
Alcântara,Portugal,14,20267,38.70102,-9.17145,False
Aldeia de Paio Pires,Portugal,19,12179,38.61667,-9.08333,False
Aldoar,Portugal,17,29085,41.1671,-8.6691,False
Alfena,Portugal,17,15211,41.23671,-8.52454,False
Alfornelos,Portugal,14,27093,38.76098,-9.20508,False
Alfragide,Portugal,14,17044,38.73203,-9.2192,False
Algueirão,Portugal,14,66250,38.79764,-9.3437,False
Algés,Portugal,14,19327,38.70245,-9.22936,False
Alhos Vedros,Portugal,19,13384,38.65486,-9.02368,False
Alijó,Portugal,21,11942,41.27644,-7.47489,False
Almada,Portugal,19,34008,38.67902,-9.1569,False
Almancil,Portugal,09,11291,37.08686,-8.03074,False
Almeirim,Portugal,18,11557,39.20837,-8.62635,False
Alvalade,Portugal,14,31813,38.75328,-9.14397,False
Amadora,Portugal,14,178858,38.75382,-9.23083,False
Amora,Portugal,19,52577,38.62961,-9.11557,False
Angra do Heroísmo,Portugal,23,12045,38.6539,-27.21839,False
Anta,Portugal,17,10951,41.26634,-8.62844,False
Aradas,Portugal,02,10087,40.62084,-8.64195,False
Arcos de Valdevez,Portugal,20,22847,41.84668,-8.41905,False
Arcozelo,Portugal,17,14352,41.06187,-8.63192,False
Areeiro,Portugal,14,21160,38.741,-9.138,False
Areosa,Portugal,17,14500,41.18146,-8.58777,False
Arganil,Portugal,07,11596,40.21826,-8.05403,False
Arouca,Portugal,02,21146,40.93057,-8.24488,False
Arrentela,Portugal,19,30156,38.625,-9.10151,False
Aveiro,Portugal,02,80880,40.64575,-8.64643,False
Aver-o-Mar,Portugal,17,10501,41.40607,-8.77958,False
Avintes,Portugal,17,11577,41.10711,-8.55131,False
Azambuja,Portugal,14,21422,39.07029,-8.86822,False
Azeitão,Portugal,19,18877,38.51919,-9.0139,False
Azenha,Portugal,17,12260,41.07651,-8.62468,False
Azevedo,Portugal,17,14000,41.15,-8.56667,False
Baguim do Monte,Portugal,17,15850,41.19203,-8.54118,False
Bairro Novo,Portugal,04,32876,41.54317,-8.40725,False
Bairro da Madre de Deus,Portugal,14,12183,38.73539,-9.11761,False
Baixa,Portugal,14,12765,38.71139,-9.13722,False
Baião,Portugal,17,20522,41.16273,-8.0347,False
Barcarena,Portugal,14,11968,38.73245,-9.28,False
Barcelos,Portugal,04,19085,41.53174,-8.61843,False
Barreiro,Portugal,19,51280,38.66314,-9.0724,False
Beato António,Portugal,14,12737,38.73327,-9.10335,False
Beja,Portugal,03,34760,38.01469,-7.86284,False
Belas,Portugal,14,21019,38.7767,-9.26353,False
Belém,Portugal,14,16546,38.69875,-9.19289,False
Benfica,Portugal,14,36985,38.75087,-9.20282,False
Bomfim,Portugal,17,22978,41.15417,-8.58688,False
Bougado,Portugal,17,21680,41.33979,-8.5518,False
Braga,Portugal,04,193324,41.5514,-8.42311,False
Bragança,Portugal,05,35341,41.80716,-6.75898,False
Buraca,Portugal,14,16081,38.73333,-9.2,False
Cabeceiras de Basto,Portugal,04,16710,41.51431,-7.98942,False
Cacém,Portugal,14,93982,38.76698,-9.29793,False
Cadaval,Portugal,14,14228,39.24298,-9.10327,False
Caldas da Rainha,Portugal,13,27378,39.40326,-9.13839,False
Caldas de Vizela,Portugal,04,10239,41.38212,-8.3089,False
Calendário,Portugal,04,11357,41.40361,-8.52967,False
Camarate,Portugal,14,20177,38.80358,-9.12809,False
Campanhã,Portugal,17,29666,41.15706,-8.57466,False
Campo De Ourique,Portugal,14,22140,38.72134,-9.16738,False
Campo Grande,Portugal,14,15514,38.75471,-9.16651,False
Campolide,Portugal,14,14787,38.72946,-9.16486,False
Canelas,Portugal,17,14247,41.08333,-8.6,False
Caneças,Portugal,14,10978,38.81321,-9.22679,False
Canidelo,Portugal,17,26431,41.12314,-8.64654,False
Caniço,Portugal,10,23368,32.65078,-16.83749,False
Caparica,Portugal,19,21167,38.66179,-9.20032,False
Carcavelos,Portugal,14,20366,38.69105,-9.32215,False
Carnaxide,Portugal,14,23698,38.72706,-9.24671,False
Carnide,Portugal,14,18028,38.76667,-9.18333,False
Carregado,Portugal,14,10474,39.02362,-8.97692,False
Cartaxo,Portugal,18,10502,39.16022,-8.78741,False
Carvoeiro,Portugal,09,10141,37.09736,-8.46846,False
Cascais,Portugal,14,36436,38.69681,-9.42147,False
Castelo Branco,Portugal,06,33479,39.82364,-7.49101,False
Castelo Viegas,Portugal,07,11858,40.16313,-8.40658,False
Charneca,Portugal,14,10509,38.78351,-9.14348,False
Charneca de Caparica,Portugal,19,29763,38.62032,-9.19426,False
Chaves,Portugal,21,17535,41.74019,-7.46879,False
Cidade Universitária,Portugal,14,37000,38.75199,-9.15917,False
Coimbra,Portugal,07,140796,40.20686,-8.41996,False
Condeixa-a-Nova,Portugal,07,17078,40.11283,-8.49804,False
Contumil,Portugal,17,14000,41.16555,-8.57961,False
Corroios,Portugal,19,52520,38.64004,-9.1508,False
Costa da Caparica,Portugal,19,13968,38.64134,-9.23221,False
Costa de Caparica,Portugal,19,14231,38.64458,-9.23556,False
Covilhã,Portugal,06,17610,40.28106,-7.50504,False
Cucujães,Portugal,02,11087,40.87413,-8.50687,False
Custoias,Portugal,11,19406,41.1053,-7.32097,False
Câmara de Lobos,Portugal,10,32209,32.65043,-16.97718,False
Damaia,Portugal,14,37607,38.75141,-9.21227,False
Eiras,Portugal,07,17154,40.24827,-8.41549,False
Entroncamento,Portugal,18,19887,39.46667,-8.46667,False
Ermesinde,Portugal,17,39420,41.21653,-8.55318,False
Esgueira,Portugal,02,13431,40.64899,-8.62943,False
Esmoriz,Portugal,02,11393,40.95773,-8.62753,False
Espinho,Portugal,02,32786,41.00763,-8.64125,False
Esposende,Portugal,04,34625,41.5361,-8.78201,False
Estoril,Portugal,14,23700,38.70571,-9.39773,False
Fafe,Portugal,04,16868,41.45083,-8.17258,False
Falagueira,Portugal,14,20788,38.76392,-9.22804,False
Faro,Portugal,09,70347,37.01869,-7.92716,False
Feira,Portugal,02,16376,40.92535,-8.54277,False
Felgueiras,Portugal,17,58065,41.36806,-8.19396,False
Figueira da Foz,Portugal,07,46600,40.15085,-8.86179,False
Foz do Douro,Portugal,17,10997,41.15119,-8.67125,False
Funchal,Portugal,10,105795,32.66568,-16.92547,False
Fátima,Portugal,18,11798,39.62071,-8.65237,False
Fânzeres,Portugal,17,23916,41.16754,-8.52981,False
Gafanha,Portugal,02,14840,40.63621,-8.71338,False
Gondomar,Portugal,17,27691,41.14454,-8.53223,False
Graça,Portugal,14,13956,38.71758,-9.12949,False
Grijó,Portugal,17,10907,41.02836,-8.58017,False
Grândola,Portugal,19,10737,38.17718,-8.56675,False
Guarda,Portugal,11,40126,40.53754,-7.26631,False
Gueifães,Portugal,17,11964,41.21667,-8.6,False
Guimarães,Portugal,04,40604,41.44443,-8.29619,False
Gulpilhares,Portugal,17,10660,41.08292,-8.62679,False
Lagoa,Portugal,23,14442,37.74486,-25.57184,False
Lagos,Portugal,09,33494,37.10202,-8.67422,False
Lamego,Portugal,22,10928,41.09741,-7.80991,False
Laranjeiro,Portugal,09,20473,37.06799,-7.8078,False
Laranjeiro,Portugal,19,20988,38.65599,-9.15376,False
Lavradio,Portugal,19,21877,38.66808,-9.05204,False
Leiria,Portugal,13,128640,39.74362,-8.80705,False
Leça da Palmeira,Portugal,17,17996,41.191,-8.70027,False
Leça do Bailio,Portugal,17,16103,41.21201,-8.63422,False
Linda-a-Velha,Portugal,14,20895,38.71446,-9.2422,False
Lisbon,Portugal,14,517802,38.72509,-9.1498,True
Lordelo,Portugal,17,10035,41.23451,-8.40297,False
Lordelo do Ouro,Portugal,17,22270,41.15059,-8.64845,False
Loulé,Portugal,09,17930,37.13772,-8.01968,False
Loures,Portugal,14,66231,38.83091,-9.16845,False
Lousã,Portugal,07,11445,40.11673,-8.24921,False
Lumiar,Portugal,14,46334,38.77478,-9.15601,False
Machico,Portugal,10,12567,32.7162,-16.76758,False
Madalena,Portugal,17,10551,41.10166,-8.64761,False
Mafra,Portugal,14,12259,38.93793,-9.32756,False
Maia,Portugal,17,36426,41.23574,-8.6199,False
Margaride,Portugal,17,10652,41.36478,-8.19999,False
Marinha Grande,Portugal,13,28916,39.74769,-8.93228,False
Marvila,Portugal,14,35463,38.73981,-9.10165,False
Massamá,Portugal,14,28112,38.75279,-9.2811,False
Matosinhos,Portugal,17,28070,41.18207,-8.68908,False
Melres,Portugal,17,10328,41.06989,-8.40091,False
Mirandela,Portugal,05,12504,41.48739,-7.18695,False
Moimenta da Beira,Portugal,22,10212,40.98383,-7.61765,False
Moita,Portugal,19,17795,38.65078,-8.99038,False
Monsanto,Portugal,18,50000,39.46203,-8.7118,False
Monte Estoril,Portugal,14,23375,38.70636,-9.40595,False
Montemor-o-Novo,Portugal,08,12854,38.64812,-8.21455,False
Montijo,Portugal,19,30011,38.70675,-8.97388,False
Monção,Portugal,20,19738,42.07892,-8.48076,False
Moreira,Portugal,17,11336,41.056,-8.38939,False
Moreira,Portugal,17,12890,41.24756,-8.64788,False
Moscavide e Portela,Portugal,14,22488,38.77929,-9.10222,False
Odivelas,Portugal,14,54624,38.79269,-9.1838,False
Oeiras,Portugal,14,35000,38.69105,-9.31085,False
Olhos de Água,Portugal,09,13221,37.09024,-8.19168,False
Olhão,Portugal,09,29239,37.0286,-7.8411,False
Olivais,Portugal,14,33788,38.76994,-9.10674,False
Olival,Portugal,14,42961,38.77079,-9.25015,False
Oliveira de Azemeis,Portugal,02,11771,40.84101,-8.47555,False
Oliveira do Douro,Portugal,17,24407,41.12466,-8.58463,False
Ourém,Portugal,18,12729,39.64167,-8.5919,False
Ovar,Portugal,02,18452,40.85862,-8.62513,False
Palmela,Portugal,19,16934,38.56902,-8.90126,False
Paranhos,Portugal,17,45883,41.17289,-8.59931,False
Parede,Portugal,14,17212,38.69282,-9.35412,False
Paredes,Portugal,17,19834,41.20485,-8.33147,False
Parque das Nações,Portugal,14,22382,38.76908,-9.09632,False
Paço de Arcos,Portugal,14,25974,38.69569,-9.29143,False
Pedroso,Portugal,17,18963,41.41103,-8.74897,False
Pedrouços,Portugal,17,12553,41.1888,-8.58624,False
Peniche,Portugal,13,15662,39.3558,-9.38112,False
Perafita,Portugal,17,12538,41.18252,-8.2545,False
Piedade,Portugal,19,19472,38.67005,-9.15852,False
Pinhal Novo,Portugal,19,23510,38.63106,-8.91376,False
Pombal,Portugal,13,17355,39.91674,-8.62847,False
Ponta Delgada,Portugal,23,20056,37.73952,-25.66874,False
Ponte de Lima,Portugal,20,44667,41.76719,-8.58393,False
Ponte de Sôr,Portugal,16,11062,39.24964,-8.01009,False
Pontinha,Portugal,14,23249,38.76771,-9.19935,False
Portalegre,Portugal,16,22368,39.29379,-7.43122,False
Portimão,Portugal,09,38487,37.13856,-8.53775,False
Porto,Portugal,17,252687,41.1485,-8.61097,False
Porto Salvo,Portugal,14,13867,38.72293,-9.30473,False
Porto de Mós,Portugal,09,23648,37.08534,-8.68366,False
Póvoa de Santa Iria,Portugal,14,28901,38.86101,-9.06453,False
Póvoa de Santo Adrião,Portugal,14,14897,38.8,-9.16667,False
Póvoa de Varzim,Portugal,17,29044,41.38344,-8.76364,False
Quarteira,Portugal,09,24420,37.06946,-8.10064,False
Quelfes,Portugal,09,17253,37.06003,-7.82158,False
Queluz,Portugal,14,103399,38.75657,-9.25451,False
Quinta Do Conde,Portugal,19,25606,38.56528,-9.04316,False
Ramada,Portugal,14,17535,38.80368,-9.1877,False
Real,Portugal,04,11700,41.55841,-8.4433,False
Rebordosa,Portugal,17,11491,41.22405,-8.40669,False
Ribeira de Frades,Portugal,07,15315,40.20503,-8.47929,False
Rio Maior,Portugal,18,12064,39.33732,-8.93906,False
Rio Tinto,Portugal,17,49966,41.17872,-8.55953,False
Rio de Mouro,Portugal,14,54695,38.76613,-9.32804,False
Sacavém,Portugal,14,17718,38.79202,-9.10801,False
Samora Correia,Portugal,18,14154,38.93709,-8.87178,False
Santa Comba Dão,Portugal,22,11597,40.39856,-8.1316,False
Santa Iria da Azóia,Portugal,14,18573,38.8411,-9.09908,False
Santa Maria Maior,Portugal,10,11768,32.64838,-16.89087,False
Santarém,Portugal,18,29385,39.23379,-8.68617,False
Santo André,Portugal,16,11213,39.05532,-8.24414,False
Santo André,Portugal,19,10601,38.06078,-8.7822,False
Santo António,Portugal,10,25940,32.66138,-16.93482,False
Santo António da Charneca,Portugal,19,11143,38.62561,-9.03043,False
Santo António dos Olivais,Portugal,07,41150,40.21805,-8.40523,False
Santo Ovídio,Portugal,17,38544,41.11379,-8.60235,False
Santo Tirso,Portugal,17,14021,41.34257,-8.47746,False
Sardão,Portugal,17,10092,41.11838,-8.58765,False
Selho,Portugal,04,10223,41.41938,-8.34599,False
Semelhe,Portugal,04,11700,41.55437,-8.46281,False
Senhora da Hora,Portugal,17,28930,41.18641,-8.65172,False
Senhora do Porto,Portugal,17,11000,41.16667,-8.63333,False
Sequeira,Portugal,11,28502,40.55364,-7.22594,False
Sesimbra,Portugal,19,41134,38.44451,-9.10149,False
Sete Rios,Portugal,14,23261,38.74134,-9.16133,False
Setúbal,Portugal,19,118166,38.5244,-8.8882,False
Silves,Portugal,09,10917,37.18921,-8.43822,False
Sines,Portugal,19,12791,37.95622,-8.86979,False
Sintra,Portugal,14,26193,38.80097,-9.37826,False
Sobreda,Portugal,19,11146,38.64961,-9.18977,False
São Brás de Alportel,Portugal,09,11153,37.1531,-7.88751,False
São Domingos de Rana,Portugal,14,46718,38.70194,-9.34083,False
São Félix da Marinha,Portugal,17,11685,41.03555,-8.62259,False
São Jorge de Arroios,Portugal,14,22990,38.7289,-9.13806,False
São João da Madeira,Portugal,02,22079,40.9007,-8.4902,False
São João da Talha,Portugal,14,18925,38.82378,-9.09719,False
São João das Lampas,Portugal,14,10484,38.87376,-9.39842,False
São Mamede de Infesta,Portugal,17,25940,41.19183,-8.61105,False
São Martinho,Portugal,10,26482,32.6448,-16.93843,False
São Martinho do Bispo,Portugal,07,15315,40.21021,-8.45692,False
São Paulo de Frades,Portugal,07,17154,40.24678,-8.39402,False
São Pedro da Cova,Portugal,17,17011,41.14331,-8.50033,False
São Tiago de Custoias,Portugal,17,19000,41.2,-8.63333,False
Tavira,Portugal,09,15133,37.12734,-7.64861,False
Tomar,Portugal,18,19168,39.60199,-8.40924,False
Torres Novas,Portugal,18,15002,39.47581,-8.54348,False
Torres Vedras,Portugal,14,24443,39.09109,-9.2586,False
Trofa,Portugal,17,20692,41.33729,-8.5596,False
Tábua,Portugal,07,12071,40.36207,-8.02936,False
Unhos,Portugal,14,10712,38.81958,-9.12007,False
Valadares,Portugal,17,22322,41.09294,-8.63219,False
Valbom,Portugal,17,14443,41.12921,-8.56199,False
Vale da Amoreira,Portugal,16,10828,39.06969,-7.69849,False
Valenza,Portugal,20,14172,42.02418,-8.63474,False
Valongo,Portugal,17,21328,41.18883,-8.49857,False
Venda do Pinheiro,Portugal,14,10000,38.92365,-9.23178,False
Vendas Novas,Portugal,08,11248,38.67706,-8.45792,False
Vermoim,Portugal,17,15764,41.24315,-8.60651,False
Vialonga,Portugal,14,16088,38.87206,-9.07805,False
Viana do Castelo,Portugal,20,36148,41.69323,-8.83287,False
Vila Franca de Xira,Portugal,14,18355,38.95525,-8.98966,False
Vila Nova de Gaia,Portugal,17,70811,41.12401,-8.61241,False
Vila Real,Portugal,21,17001,41.3001,-7.7432,False
Vila Real de Santo António,Portugal,09,11560,37.195,-7.41766,False
Vila do Conde,Portugal,17,27642,41.35326,-8.74516,False
Vilar,Portugal,02,21227,40.62731,-8.63225,False
Vilar de Andorinho,Portugal,17,18944,41.10574,-8.58622,False
Vilar do Paraíso,Portugal,17,14727,41.08974,-8.6211,False
Viseu,Portugal,22,103502,40.66165,-7.90905,False
Águas Santas,Portugal,17,27686,41.21017,-8.57599,False
Águeda,Portugal,02,11941,40.5772,-8.44442,False
Évora,Portugal,08,53591,38.56587,-7.90405,False
Ílhavo,Portugal,02,17236,40.60188,-8.67021,False
Óbidos,Portugal,13,11187,39.36055,-9.1567,False
Adjud,Romania,40,15178,46.09911,27.18143,False
Agnita,Romania,33,10505,45.96667,24.61667,False
Aiud,Romania,01,28341,46.31006,23.72128,False
Alba Iulia,Romania,01,64227,46.06667,23.58333,False
Alexandria,Romania,35,40390,43.98333,25.33333,False
Aleşd,Romania,05,10264,47.05811,22.3995,False
Arad,Romania,02,169065,46.18333,21.31667,False
Avrig,Romania,33,14032,45.71667,24.38333,False
Babadag,Romania,37,10101,44.9,28.71667,False
Bacău,Romania,04,136087,46.56718,26.91384,False
Baia Mare,Romania,25,108759,47.65729,23.56808,False
Baia Sprie,Romania,25,16746,47.66189,23.69215,False
Balş,Romania,29,20626,44.35,24.1,False
Beclean,Romania,06,10909,47.18333,24.18333,False
Beiuş,Romania,05,10721,46.66667,22.35,False
Belceşti,Romania,23,11335,47.3,27.08333,False
Bistriţa,Romania,06,78877,47.13316,24.50011,False
Blaj,Romania,01,20371,46.17508,23.91578,False
Bocşa,Romania,12,16349,45.37333,21.70917,False
Boldeşti-Scăeni,Romania,30,11460,45.03333,26.03333,False
Bolintin Vale,Romania,42,11700,44.44889,25.75778,False
Borşa,Romania,25,26966,47.65527,24.66328,False
Botoşani,Romania,07,90010,47.75,26.66667,False
Brad,Romania,21,15988,46.13333,22.78333,False
Braşov,Romania,09,253200,45.64861,25.60613,False
Breaza,Romania,30,17949,45.18333,25.66667,False
Breaza de Sus,Romania,30,10903,45.19879,25.65578,False
Brăila,Romania,08,154686,45.27152,27.97429,False
Bucharest,Romania,10,1877155,44.43225,26.10626,True
Bucov,Romania,30,10279,44.96667,26.08333,False
Buftea,Romania,43,20691,44.56139,25.94889,False
Buhuşi,Romania,04,18395,46.71667,26.7,False
Bumbeşti-Jiu,Romania,19,10445,45.16667,23.4,False
Buzău,Romania,11,103481,45.15,26.83333,False
Bârlad,Romania,38,67818,46.23175,27.66907,False
Băicoi,Romania,30,19869,45.03333,25.85,False
Băileşti,Romania,17,19599,44.01667,23.35,False
Calafat,Romania,17,18643,43.99069,22.93328,False
Caracal,Romania,29,33761,44.11667,24.35,False
Caransebeş,Romania,12,27521,45.41667,22.21667,False
Carei,Romania,32,20775,47.68333,22.46667,False
Cernavodă,Romania,14,18502,44.33957,28.03273,False
Chitila,Romania,43,12788,44.50806,25.98222,False
Cisnădie,Romania,33,15042,45.71667,24.15,False
Ciurea,Romania,23,10110,47.05,27.56667,False
Cluj-Napoca,Romania,13,286598,46.76667,23.6,False
Codlea,Romania,09,20534,45.7,25.45,False
Comarnic,Romania,30,13254,45.25,25.63333,False
Comăneşti,Romania,04,23729,46.42135,26.43645,False
Constanţa,Romania,14,317832,44.18073,28.63432,False
Corabia,Romania,29,20047,43.77513,24.50146,False
Cormaia,Romania,06,10254,47.36667,24.68333,False
Costeşti,Romania,03,10654,44.66667,24.88333,False
Covasna,Romania,15,10979,45.85,26.18333,False
Craiova,Romania,17,234140,44.31667,23.8,False
Cugir,Romania,01,24734,45.83651,23.36998,False
Curtea de Argeş,Romania,03,32178,45.13422,24.67409,False
Câmpia Turzii,Romania,13,26457,46.55,23.88333,False
Câmpina,Romania,30,41554,45.12619,25.73496,False
Câmpulung Moldovenesc,Romania,34,19765,47.53333,25.56667,False
Călan,Romania,21,12782,45.73333,22.98333,False
Călineşti,Romania,03,10419,44.81667,25.05,False
Darabani,Romania,07,11890,48.18333,26.58333,False
Dej,Romania,13,38033,47.15,23.86667,False
Deleni,Romania,23,10484,47.46667,26.88333,False
Deva,Romania,21,67802,45.88333,22.9,False
Dofteana,Romania,04,10785,46.31667,26.51667,False
Dolhasca,Romania,34,11025,47.43333,26.6,False
Dorohoi,Romania,07,30776,47.95,26.4,False
Drobeta-Turnu Severin,Romania,26,79865,44.62693,22.65288,False
Drăgăneşti-Olt,Romania,29,12056,44.16667,24.53333,False
Drăgăşani,Romania,39,20630,44.65,24.26667,False
Dăbuleni,Romania,17,13641,43.8,24.08333,False
Dărmăneşti,Romania,04,14290,46.36667,26.48333,False
Feteşti,Romania,22,32866,44.38333,27.83333,False
Fetești-Gară,Romania,22,23789,44.4196,27.82536,False
Filiaşi,Romania,17,18995,44.55,23.51667,False
Filipeştii de Pădure,Romania,30,10169,45.0,25.75,False
Focșani,Romania,40,66648,45.7,27.18333,False
Făgăraș,Romania,09,30714,45.85,24.96667,False
Fălticeni,Romania,34,29576,47.45,26.3,False
Galaţi,Romania,18,217851,45.43687,28.05028,False
Gheorgheni,Romania,20,19777,46.72292,25.60055,False
Gherla,Romania,13,23741,47.03333,23.91667,False
Giurgiu,Romania,42,54551,43.88664,25.9627,False
Gura Humorului,Romania,34,15728,47.55,25.9,False
Găeşti,Romania,16,15037,44.71667,25.31667,False
Haţeg,Romania,21,10865,45.61667,22.95,False
Holboca,Romania,23,11971,47.15,27.7,False
Hunedoara,Romania,21,69136,45.75,22.9,False
Huşi,Romania,38,29129,46.67361,28.05944,False
Hârlău,Romania,23,11295,47.43333,26.9,False
Hârşova,Romania,14,10055,44.68555,27.95009,False
Ianca,Romania,08,11209,45.13333,27.45,False
Iaşi,Romania,23,378954,47.16667,27.6,False
Ineu,Romania,02,10051,46.43372,21.84048,False
Jibou,Romania,31,11183,47.25896,23.25651,False
Jilava,Romania,43,12023,44.33333,26.07806,False
Jimbolia,Romania,36,10860,45.79139,20.71722,False
Lieşti,Romania,18,10956,45.61667,27.51667,False
Lipova,Romania,02,11041,46.09085,21.69628,False
Luduş,Romania,27,17165,46.48333,24.1,False
Lugoj,Romania,36,43243,45.68861,21.90306,False
Lupeni,Romania,21,30488,45.36029,23.23832,False
Mangalia,Romania,14,39619,43.81623,28.57656,False
Marghita,Romania,05,13871,47.35,22.33333,False
Matca,Romania,18,11642,45.85,27.53333,False
Medgidia,Romania,14,43315,44.25,28.28333,False
Mediaş,Romania,33,53040,46.16667,24.35,False
Miercurea-Ciuc,Romania,20,34484,46.35,25.8,False
Mioveni,Romania,03,29062,44.95905,24.94198,False
Mizil,Romania,30,15532,45.01667,26.45,False
Moineşti,Romania,04,23981,46.47523,26.48907,False
Moldova Nouă,Romania,12,13263,44.7375,21.66694,False
Moreni,Romania,16,20596,44.98301,25.64415,False
Motru,Romania,19,22319,44.80333,22.97194,False
Murfatlar,Romania,14,10906,44.18333,28.41667,False
Măcin,Romania,37,10295,45.24371,28.13564,False
Negreşti,Romania,38,10043,46.83333,27.43333,False
Negreşti-Oaş,Romania,32,13456,47.86667,23.43333,False
Nehoiu,Romania,11,11350,45.41667,26.3,False
Nicolae Bălcescu,Romania,04,10140,46.46667,26.91667,False
Năsăud,Romania,06,10380,47.28333,24.4,False
Năvodari,Romania,14,33106,44.31667,28.6,False
Ocna Mureş,Romania,01,15316,46.38333,23.85,False
Odorheiu Secuiesc,Romania,20,36532,46.3,25.3,False
Olteniţa,Romania,41,22624,44.08333,26.63333,False
Oradea,Romania,05,183105,47.0458,21.91833,False
Oraviţa,Romania,12,12332,45.0325,21.68944,False
Orăştie,Romania,21,20763,45.83333,23.2,False
Orşova,Romania,26,12350,44.72299,22.39619,False
Otopeni,Romania,43,10332,44.55,26.06667,False
Ovidiu,Romania,14,13257,44.258,28.56083,False
Oţelu Roşu,Romania,12,11482,45.53333,22.36667,False
Pantelimon,Romania,43,16206,44.45,26.2,False
Paşcani,Romania,23,45000,47.2469,26.72291,False
Pechea,Romania,18,11287,45.63333,27.8,False
Pecica,Romania,02,12804,46.16667,21.06667,False
Petrila,Romania,21,25234,45.45,23.41667,False
Petroşani,Romania,21,44187,45.41667,23.36667,False
Piatra Neamţ,Romania,28,102688,46.91667,26.33333,False
Piteşti,Romania,03,141275,44.85,24.86667,False
Ploieşti,Romania,30,180540,44.95,26.01667,False
Poiana Mare,Romania,17,12633,43.91667,23.06667,False
Popeşti-Leordeni,Romania,43,15279,44.38333,26.16667,False
Pucioasa,Romania,16,14971,45.07807,25.43232,False
Reghin-Sat,Romania,27,35490,46.78333,24.71667,False
Reşiţa,Romania,12,81228,45.30083,21.88917,False
Roman,Romania,28,67819,46.92119,26.92646,False
Rovinari,Romania,19,12259,44.91667,23.18333,False
Roșiorii de Vede,Romania,35,27416,44.11667,24.98333,False
Râmnicu Sărat,Romania,11,38526,45.38333,27.05,False
Râmnicu Vâlcea,Romania,39,93151,45.1,24.36667,False
Râşnov,Romania,09,15253,45.58333,25.45,False
Rădăuți,Romania,34,23822,47.85,25.91667,False
Salonta,Romania,05,17561,46.8,21.65,False
Sascut,Romania,04,10031,46.2,27.1,False
Satu Mare,Romania,32,112490,47.79926,22.86255,False
Scorniceşti,Romania,29,12456,44.56667,24.55,False
Sebeş,Romania,01,27246,45.95646,23.571,False
Sector 1,Romania,10,225453,44.49239,26.04831,False
Sector 2,Romania,10,290507,44.4528,26.13321,False
Sector 3,Romania,10,385439,44.4234,26.16874,False
Sector 4,Romania,10,287828,44.37571,26.12085,False
Sector 5,Romania,10,271575,44.38808,26.07144,False
Sector 6,Romania,10,367760,44.43579,26.01649,False
Seini,Romania,25,10382,47.75,23.28333,False
Sfântu Gheorghe,Romania,15,50080,45.86667,25.78333,False
Sibiu,Romania,33,134309,45.8,24.15,False
Sighetu Marmaţiei,Romania,25,40653,47.93195,23.88603,False
Sighișoara,Romania,27,34537,46.22141,24.79279,False
Simeria,Romania,21,13827,45.85,23.01667,False
Sinaia,Romania,30,11918,45.35,25.55,False
Slatina,Romania,29,63487,44.43333,24.36667,False
Slobozia,Romania,22,41550,44.5647,27.3633,False
Sovata,Romania,27,11465,46.58333,25.06667,False
Storeşti,Romania,07,11806,47.55,26.86667,False
Strehaia,Romania,26,11607,44.61667,23.2,False
Suceava,Romania,34,84308,47.63333,26.25,False
Sânnicolau Mare,Romania,36,12888,46.08333,20.63333,False
Sânpetru,Romania,09,15000,45.71082,25.63678,False
Sântana,Romania,02,12706,46.35,21.5,False
Săbăoani,Romania,28,10218,47.01135,26.86536,False
Săcele,Romania,09,29918,45.61674,25.71101,False
Tecuci,Romania,18,41154,45.84973,27.43441,False
Timişoara,Romania,36,250849,45.75372,21.22571,False
Titu,Romania,16,10081,44.65,25.53333,False
Tomeşti,Romania,23,11828,47.11667,27.68333,False
Topliţa,Romania,20,12609,46.9243,25.3519,False
Topoloveni,Romania,03,11039,44.81667,25.08333,False
Tulcea,Romania,37,65624,45.1787,28.80501,False
Turda,Romania,13,43319,46.56667,23.78333,False
Turnu Măgurele,Romania,35,28783,43.7469,24.86846,False
Târgovişte,Romania,16,66965,44.92543,25.4567,False
Târgu Frumos,Romania,23,13797,47.2,27.0,False
Târgu Jiu,Romania,19,73545,45.05,23.28333,False
Târgu Mureş,Romania,27,212752,46.54245,24.55747,False
Târgu Neamţ,Romania,28,20473,47.2,26.36667,False
Târgu Ocna,Romania,04,13127,46.27899,26.61301,False
Târgu Secuiesc,Romania,15,20067,46.0,26.13333,False
Târnăveni,Romania,27,28634,46.33191,24.29662,False
Urlaţi,Romania,30,11798,44.98333,26.23333,False
Urziceni,Romania,22,16770,44.71667,26.63333,False
Valea Călugărească,Romania,30,10378,44.96667,26.15,False
Valea lui Mihai,Romania,05,10240,47.51667,22.15,False
Vaslui,Romania,38,63035,46.63333,27.73333,False
Vatra Dornei,Romania,34,16054,47.35,25.36667,False
Vicovu de Sus,Romania,34,14077,47.93333,25.68333,False
Victoria,Romania,09,10247,45.72968,24.7028,False
Videle,Romania,35,11813,44.27806,25.52444,False
Vişeu de Sus,Romania,25,15349,47.7079,24.42953,False
Vladimirescu,Romania,02,10451,46.16628,21.40102,False
Voluntari,Romania,43,30323,44.49002,26.17338,False
Vulcan,Romania,21,19772,45.38333,23.26667,False
Vălenii de Munte,Romania,30,12044,45.18333,26.03333,False
Zalău,Romania,31,52359,47.2,23.05,False
Zimnicea,Romania,35,15228,43.65638,25.36454,False
Zărnești,Romania,09,24926,45.56093,25.31787,False
Şimleu Silvaniei,Romania,31,15721,47.23333,22.8,False
Ştefăneşti,Romania,03,12837,44.86506,24.94961,False
Ţăndărei,Romania,22,12761,44.64128,27.65635,False
Abakan,Russian Federation,31,184168,53.7154,91.42593,False
Abalak,Russian Federation,78,13555,58.12861,68.59444,False
Abaza,Russian Federation,31,18094,52.65303,90.09454,False
Abdulino,Russian Federation,55,21195,53.68581,53.65547,False
Abinsk,Russian Federation,38,34668,44.87058,38.15759,False
Achinsk,Russian Federation,91,117634,56.26792,90.50145,False
Achkhoy-Martan,Russian Federation,12,16779,43.19219,45.28345,False
Adler,Russian Federation,38,70200,43.42896,39.92391,False
Admiralteisky,Russian Federation,66,157897,59.923,30.3,False
Adygeysk,Russian Federation,01,12208,44.88524,39.19059,False
Afipskiy,Russian Federation,38,18209,44.90005,38.84265,False
Agidel’,Russian Federation,08,19217,55.90867,53.93437,False
Aginskoye,Russian Federation,93,17496,51.10754,114.54173,False
Agryz,Russian Federation,73,18601,56.5234,52.99431,False
Ak-Dovurak,Russian Federation,79,12593,51.17524,90.59782,False
Akademgorodok,Russian Federation,53,50000,54.8523,83.106,False
Akademicheskoe,Russian Federation,42,103304,60.01375,30.39471,False
Akhtubinsk,Russian Federation,07,44551,48.28339,46.16519,False
Akhty,Russian Federation,17,14080,41.45949,47.73247,False
Akhtyrskiy,Russian Federation,38,19468,44.8546,38.3031,False
Aksay,Russian Federation,61,38871,47.26331,39.869,False
Alagir,Russian Federation,68,19665,43.04252,44.2202,False
Alapayevsk,Russian Federation,71,44000,57.84998,61.69414,False
Alatyr’,Russian Federation,16,42156,54.8421,46.5813,False
Aldan,Russian Federation,63,24426,58.61232,125.40002,False
Aleksandriyskaya,Russian Federation,70,10279,44.22722,43.34528,False
Aleksandrov,Russian Federation,83,64088,56.39733,38.71404,False
Aleksandrovsk,Russian Federation,90,15486,59.15838,57.5705,False
Aleksandrovsk-Sakhalinskiy,Russian Federation,64,12024,50.89632,142.16337,False
Aleksandrovskoye,Russian Federation,70,28006,44.71417,43.00083,False
Alekseyevka,Russian Federation,65,10737,53.24842,50.49116,False
Alekseyevka,Russian Federation,47,78000,55.63,37.8,False
Aleksin,Russian Federation,76,66885,54.50484,37.06697,False
Alexeyevka,Russian Federation,09,39848,50.63092,38.6903,False
Aleysk,Russian Federation,04,28019,52.49631,82.77466,False
Alkhan-Kala,Russian Federation,12,10168,43.25861,45.53917,False
Alleroy,Russian Federation,12,10247,43.21711,46.28209,False
Altayskoye,Russian Federation,04,13852,51.95156,85.33686,False
Altuf’yevskiy,Russian Federation,48,54000,55.88333,37.58333,False
Al’burikent,Russian Federation,17,10591,42.97389,47.47111,False
Al’met’yevsk,Russian Federation,73,140437,54.90395,52.31793,False
Amin’yevo,Russian Federation,48,30000,55.7,37.46667,False
Amursk,Russian Federation,30,46993,50.23221,136.89703,False
Anadyr,Russian Federation,15,15604,64.73424,177.5103,False
Anapa,Russian Federation,38,53600,44.89497,37.31623,False
Anapskaya,Russian Federation,38,13965,44.89671,37.386,False
Anastasiyevskaya,Russian Federation,38,11204,45.21576,37.89258,False
Andreyevskoye,Russian Federation,47,20000,55.55487,37.92566,False
Angarsk,Russian Federation,20,243158,52.55968,103.91413,False
Anna,Russian Federation,86,19148,51.49007,40.42236,False
Annino,Russian Federation,47,30000,55.58316,37.26019,False
Annino,Russian Federation,48,30000,55.58333,37.6,False
Anzhero-Sudzhensk,Russian Federation,29,82526,56.07568,86.02434,False
Apatity,Russian Federation,49,61186,67.58267,33.41339,False
Aprelevka,Russian Federation,47,17780,55.55194,37.0801,False
Apsheronsk,Russian Federation,38,40451,44.4599,39.73005,False
Aramil,Russian Federation,71,15237,56.6977,60.8369,False
Ardon,Russian Federation,68,18313,43.17888,44.29464,False
Argayash,Russian Federation,13,10096,55.48847,60.87364,False
Argun,Russian Federation,12,28100,43.29289,45.86691,False
Arkadak,Russian Federation,67,14392,51.93752,43.50404,False
Arkhangel’sk,Russian Federation,06,349742,64.5461,40.55183,False
Arkhara,Russian Federation,05,10430,49.42449,130.08426,False
Armavir,Russian Federation,38,199548,44.99849,41.11472,False
Arsen’yev,Russian Federation,59,58700,44.15695,133.27331,False
Arsk,Russian Federation,73,17243,56.09254,49.87819,False
Arti,Russian Federation,71,13564,56.41962,58.53911,False
Artëm,Russian Federation,59,102300,43.35757,132.19137,False
Artëmovskiy,Russian Federation,71,33700,57.35422,61.87121,False
Arzamas,Russian Federation,51,109479,55.39563,43.8381,False
Arzgir,Russian Federation,70,15838,45.37411,44.2198,False
Asbest,Russian Federation,71,74583,57.00816,61.46344,False
Asha,Russian Federation,13,33006,54.99982,57.25491,False
Asino,Russian Federation,75,27070,56.99918,86.15518,False
Assinovskaya,Russian Federation,12,10270,43.24167,45.18194,False
Astrakhan,Russian Federation,07,533925,46.34968,48.04076,False
Atamanovka,Russian Federation,93,10904,51.92934,113.64393,False
Atkarsk,Russian Federation,67,27554,51.88056,45.00609,False
Avtovo,Russian Federation,66,44667,59.87167,30.26583,False
Avtury,Russian Federation,12,18370,43.16345,46.00152,False
Aykhal,Russian Federation,63,15267,65.93381,111.4834,False
Ayutinskiy,Russian Federation,61,10623,47.78228,40.14763,False
Aznakayevo,Russian Federation,73,34750,54.85821,53.08006,False
Azov,Russian Federation,61,82133,47.1069,39.41486,False
Babayevo,Russian Federation,85,12300,59.3936,35.9371,False
Babayurt,Russian Federation,17,13857,43.59976,46.77805,False
Babushkin,Russian Federation,48,86000,55.86931,37.72966,False
Bachatskiy,Russian Federation,29,14618,54.2927,86.1285,False
Bachi-Yurt,Russian Federation,12,14788,43.22417,46.19423,False
Bagayevskaya,Russian Federation,61,15300,47.32049,40.3847,False
Bakal,Russian Federation,13,21762,54.9417,58.8083,False
Baksan,Russian Federation,22,37519,43.68374,43.53507,False
Balabanovo,Russian Federation,25,30194,55.18161,36.6606,False
Balakovo,Russian Federation,67,199572,52.02639,47.79671,False
Balashikha,Russian Federation,47,150103,55.79479,37.94794,False
Balashov,Russian Federation,67,98107,51.55103,43.17069,False
Baley,Russian Federation,93,13404,51.58166,116.63395,False
Balezino,Russian Federation,80,16618,57.9787,53.0138,False
Baltiysk,Russian Federation,23,34540,54.65455,19.90929,False
Barabinsk,Russian Federation,53,31508,55.35072,78.35873,False
Baranchinskiy,Russian Federation,71,10970,58.1617,59.6991,False
Barnaul,Russian Federation,04,632372,53.36199,83.72786,False
Barysh,Russian Federation,81,18547,53.64976,47.12715,False
Bataysk,Russian Federation,61,109962,47.13746,39.75713,False
Bavly,Russian Federation,73,22982,54.39759,53.25116,False
Baykal’sk,Russian Federation,20,15600,51.515,104.1402,False
Baymak,Russian Federation,08,17493,52.59172,58.31132,False
Bazarnyy Karabulak,Russian Federation,67,10389,52.27235,46.41711,False
Bazhovo,Russian Federation,13,11537,55.05955,61.60445,False
Belaya Glina,Russian Federation,38,17997,46.08115,40.87351,False
Belaya Kalitva,Russian Federation,61,47521,48.17927,40.7792,False
Belaya Kholunitsa,Russian Federation,33,11658,58.84031,50.83887,False
Belebey,Russian Federation,08,62582,54.10774,54.11741,False
Belgorod,Russian Federation,09,345289,50.60343,36.58091,False
Belidzhi,Russian Federation,17,16078,41.89184,48.41247,False
Belogorsk,Russian Federation,05,67911,50.91239,128.51238,False
Belokurikha,Russian Federation,04,14733,51.99749,84.99714,False
Belomorsk,Russian Federation,28,12165,64.53,34.76292,False
Beloozyorskiy,Russian Federation,47,18297,55.45978,38.44358,False
Belorechensk,Russian Federation,38,54526,44.77002,39.87246,False
Beloretsk,Russian Federation,08,70468,53.96206,58.39996,False
Belovo,Russian Federation,29,75764,54.42119,86.29907,False
Beloyarsk,Russian Federation,04,10733,53.4461,83.9048,False
Beloyarskiy,Russian Federation,71,12438,56.75713,61.41629,False
Beloyarskiy,Russian Federation,32,20087,63.71194,66.67222,False
Belozërsk,Russian Federation,85,11049,60.0288,37.8084,False
Belyy Yar,Russian Federation,32,16772,61.26491,73.24104,False
Belyye Berega,Russian Federation,10,10425,53.20851,34.66405,False
Belëv,Russian Federation,76,15300,53.81217,36.13339,False
Berdsk,Russian Federation,53,90250,54.75352,83.09624,False
Berezniki,Russian Federation,90,167748,59.4091,56.8204,False
Beryozovsky,Russian Federation,71,47000,56.9083,60.8019,False
Berëzovka,Russian Federation,91,20913,56.03715,93.12684,False
Berëzovskiy,Russian Federation,29,55000,55.66951,86.27485,False
Beslan,Russian Federation,68,35604,43.19277,44.53274,False
Bezenchuk,Russian Federation,65,23736,52.98058,49.43196,False
Bezhetsk,Russian Federation,77,28114,57.78422,36.70082,False
Bibirevo,Russian Federation,48,159000,55.88333,37.6,False
Bikin,Russian Federation,30,19659,46.81293,134.25012,False
Birobidzhan,Russian Federation,89,73623,48.793,132.92033,False
Birsk,Russian Federation,08,41014,55.42018,55.54212,False
Biryulëvo,Russian Federation,48,144000,55.58635,37.67781,False
Biryulëvo Zapadnoye,Russian Federation,47,89000,55.58766,37.64282,False
Bisert’,Russian Federation,71,11077,56.85884,59.05297,False
Biysk,Russian Federation,04,215430,52.53423,85.19661,False
Blagodarnyy,Russian Federation,70,35995,45.09778,43.43639,False
Blagoveshchenka,Russian Federation,04,12319,52.834,79.87514,False
Blagoveshchensk,Russian Federation,08,34238,55.0352,55.97703,False
Blagoveshchensk,Russian Federation,05,225091,50.27593,127.52637,False
Bobrov,Russian Federation,86,20587,51.09843,40.03008,False
Bobrovo,Russian Federation,47,14991,55.5275,37.615,False
Bodaybo,Russian Federation,20,15933,57.85345,114.20407,False
Bogdanovich,Russian Federation,71,32270,56.77675,62.05072,False
Bogoroditsk,Russian Federation,76,30216,53.77174,38.12305,False
Bogorodsk,Russian Federation,51,36652,56.10149,43.5101,False
Bogorodskoye,Russian Federation,48,103000,55.81396,37.72117,False
Bogotol,Russian Federation,91,23622,56.20449,89.53317,False
Boguchany,Russian Federation,91,11209,58.38317,97.44883,False
Boguchar,Russian Federation,86,15048,49.9346,40.55447,False
Boksitogorsk,Russian Federation,42,17366,59.4778,33.85008,False
Bol'šoj Kamen',Russian Federation,59,40387,43.1112,132.35021,False
Bolkhov,Russian Federation,56,11904,53.44295,36.00546,False
Bologoye,Russian Federation,77,25142,57.88587,34.05324,False
Bologoye-4,Russian Federation,77,10661,57.9,33.65,False
Bolokhovo,Russian Federation,76,10084,54.08378,37.82895,False
Bolotnoye,Russian Federation,53,17704,55.67344,84.39463,False
Bolshevo,Russian Federation,47,10133,55.93486,37.83002,False
Bol’shaya Setun’,Russian Federation,47,20000,55.71667,37.41667,False
Bol’sherech’ye,Russian Federation,54,12072,56.09727,74.63057,False
Bor,Russian Federation,51,60647,56.35944,44.07304,False
Borisoglebsk,Russian Federation,86,68597,51.36892,42.09804,False
Borisovka,Russian Federation,09,14148,50.59942,36.01716,False
Borodino,Russian Federation,91,19602,55.9076,94.9118,False
Borovichi,Russian Federation,52,56571,58.39418,33.91864,False
Borovsk,Russian Federation,25,11578,55.20343,36.49088,False
Borovskiy,Russian Federation,78,15406,57.04096,65.72018,False
Borzya,Russian Federation,93,30421,50.39138,116.53355,False
Brateyevo,Russian Federation,48,102000,55.63755,37.76438,False
Bratsk,Russian Federation,20,256600,56.1325,101.61417,False
Bredy,Russian Federation,13,10450,52.41986,60.33684,False
Bronnitsy,Russian Federation,47,18645,55.42112,38.26188,False
Bryansk,Russian Federation,10,427236,53.27096,34.32143,False
Bryukhovetskaya,Russian Federation,38,22309,45.79962,38.9967,False
Budyonnovsk,Russian Federation,70,67962,44.78389,44.16583,False
Bugulma,Russian Federation,73,91900,54.5378,52.7985,False
Buguruslan,Russian Federation,55,53511,53.6554,52.442,False
Buinsk,Russian Federation,73,20266,54.97422,48.29088,False
Bulanash,Russian Federation,71,13056,57.27825,61.9965,False
Buturlinovka,Russian Federation,86,28581,50.82618,40.598,False
Buy,Russian Federation,37,26486,58.47959,41.53587,False
Buynaksk,Russian Federation,17,62689,42.81802,47.12684,False
Buzuluk,Russian Federation,55,87714,52.77825,52.25854,False
Bykovo,Russian Federation,47,10700,55.63614,38.08027,False
Centralniy,Russian Federation,66,214625,59.93111,30.36072,False
Chaltyr,Russian Federation,61,14689,47.28477,39.48232,False
Chapayevsk,Russian Federation,65,70147,52.9771,49.7086,False
Chaplygin,Russian Federation,43,13488,53.2342,39.96135,False
Chaykovskiy,Russian Federation,90,86712,56.76323,54.11256,False
Chebarkul’,Russian Federation,13,46502,54.97763,60.36582,False
Cheboksary,Russian Federation,16,492331,56.13218,47.246,False
Chegdomyn,Russian Federation,30,14855,51.13057,133.00199,False
Chegem,Russian Federation,22,18000,43.56722,43.58528,False
Chegem Vtoroy,Russian Federation,22,10951,43.59583,43.59944,False
Chekhov,Russian Federation,47,75643,55.14552,37.46193,False
Chekmagush,Russian Federation,08,11225,55.14182,54.64305,False
Chelyabinsk,Russian Federation,13,1202371,55.1611,61.42877,False
Cherdakly,Russian Federation,81,11939,54.35495,48.84538,False
Cheremkhovo,Russian Federation,20,57395,53.14745,103.08192,False
Cherepanovo,Russian Federation,53,20125,54.2239,83.38056,False
Cherepovets,Russian Federation,85,315738,59.13333,37.9,False
Cherkessk,Russian Federation,27,122395,44.22375,42.04624,False
Cherlak,Russian Federation,54,12122,54.15437,74.80886,False
Chernaya Rechka,Russian Federation,42,56429,59.98594,30.30338,False
Chernigovka,Russian Federation,59,13969,44.3415,132.56931,False
Chernogolovka,Russian Federation,47,20483,56.00121,38.36492,False
Chernogorsk,Russian Federation,31,71582,53.82878,91.30953,False
Chernushka,Russian Federation,90,35942,56.50718,56.07707,False
Chernyakhovsk,Russian Federation,23,45187,54.63345,21.81557,False
Chernyanka,Russian Federation,09,15261,50.93816,37.81509,False
Chernyshevsk,Russian Federation,93,12466,52.52225,117.01745,False
Chertanovo Yuzhnoye,Russian Federation,48,142000,55.59072,37.59519,False
Chertkovo,Russian Federation,61,11000,49.38364,40.15231,False
Cherëmushki,Russian Federation,48,106587,55.66473,37.56135,False
Chigiri,Russian Federation,05,18538,50.33569,127.51214,False
Chishmy,Russian Federation,08,22000,54.59015,55.38201,False
Chistopol’,Russian Federation,73,62200,55.36612,50.64399,False
Chita,Russian Federation,93,349005,52.04311,113.49171,False
Chkalovsk,Russian Federation,51,13577,56.76492,43.2469,False
Chudovo,Russian Federation,52,17377,59.12225,31.68125,False
Chuguyevka,Russian Federation,59,13354,44.16337,133.86625,False
Chulym,Russian Federation,53,11975,55.08977,80.97022,False
Chul’man,Russian Federation,63,10220,56.84735,124.90812,False
Chunskiy,Russian Federation,20,16199,56.09188,99.63563,False
Chusovoy,Russian Federation,90,50205,58.28915,57.81261,False
Dachnoye,Russian Federation,66,72822,59.84167,30.25583,False
Dagestanskiye Ogni,Russian Federation,17,27835,42.11585,48.19192,False
Dagomys,Russian Federation,38,20000,43.66974,39.66863,False
Dalmatovo,Russian Federation,40,14526,56.25958,62.93467,False
Dalnegorsk,Russian Federation,59,38424,44.55745,135.6209,False
Dalnerechensk,Russian Federation,59,28300,45.93149,133.73906,False
Danilov,Russian Federation,88,16808,58.19077,40.17081,False
Dankov,Russian Federation,43,22913,53.24976,39.14409,False
Davlekanovo,Russian Federation,08,23952,54.21761,55.03064,False
Davydkovo,Russian Federation,48,30000,55.71815,37.47271,False
Davydovo,Russian Federation,47,10606,55.60859,38.86109,False
Dedovsk,Russian Federation,47,27001,55.86861,37.12222,False
Degtyarsk,Russian Federation,71,15294,56.704,60.0879,False
Derbent,Russian Federation,17,105965,42.06622,48.28759,False
Desnogorsk,Russian Federation,69,32451,54.15077,33.28151,False
Digora,Russian Federation,68,11999,43.15666,44.15629,False
Dimitrovgrad,Russian Federation,81,132226,54.21386,49.61838,False
Dinskaya,Russian Federation,38,34573,45.21672,39.2259,False
Divnogorsk,Russian Federation,91,30018,55.957,92.378,False
Divnoye,Russian Federation,70,15700,45.90973,43.34943,False
Dmitrov,Russian Federation,47,61607,56.34485,37.52041,False
Dobrinka,Russian Federation,43,10063,52.16528,40.47306,False
Dobryanka,Russian Federation,90,33291,58.46484,56.41299,False
Dolgoprudnyy,Russian Federation,47,68259,55.94958,37.50183,False
Dolinsk,Russian Federation,64,11989,47.32837,142.79626,False
Domodedovo,Russian Federation,47,53887,55.44223,37.75372,False
Donetsk,Russian Federation,61,50850,48.33751,39.95416,False
Donskoy,Russian Federation,61,13627,47.41404,40.25742,False
Donskoy,Russian Federation,76,31968,53.96796,38.33151,False
Donskoye,Russian Federation,70,15469,45.45346,41.97244,False
Dorogobuzh,Russian Federation,69,12293,54.91511,33.29877,False
Dorogomilovo,Russian Federation,48,68000,55.7418,37.54706,False
Drezna,Russian Federation,47,11386,55.74208,38.84753,False
Drozhzhino,Russian Federation,47,32345,55.52806,37.59917,False
Dubinino,Russian Federation,91,11841,55.61917,89.09111,False
Dubna,Russian Federation,47,60604,56.74049,37.18648,False
Dubovka,Russian Federation,84,15217,49.05616,44.82913,False
Dudinka,Russian Federation,91,23619,69.40583,86.17778,False
Dugulubgey,Russian Federation,22,20965,43.6625,43.53694,False
Dvubratskiy,Russian Federation,38,10272,45.23888,39.80499,False
Dyat’kovo,Russian Federation,10,25000,53.59782,34.33825,False
Dyurtyuli,Russian Federation,08,31087,55.4873,54.86176,False
Dzerzhinsk,Russian Federation,51,233126,56.24422,43.45543,False
Dzerzhinskiy,Russian Federation,47,41146,55.62868,37.8443,False
Dzerzhinsky,Russian Federation,47,47163,55.62737,37.85803,False
Dzhalil’,Russian Federation,73,14797,55.0239,52.7358,False
Ekazhevo,Russian Federation,19,25549,43.21222,44.82306,False
Elektrogorsk,Russian Federation,47,20724,55.88431,38.7864,False
Elektrostal’,Russian Federation,47,144387,55.78647,38.45713,False
Elektrougli,Russian Federation,47,20000,55.72445,38.20908,False
Elista,Russian Federation,24,106971,46.30794,44.25537,False
El’ban,Russian Federation,30,10155,50.09534,136.50106,False
Enem,Russian Federation,01,17665,44.9264,38.90584,False
Engels,Russian Federation,67,196011,51.48389,46.10528,False
Ertil’,Russian Federation,86,12622,51.83818,40.80169,False
Ezhva,Russian Federation,34,56000,61.81281,50.72834,False
Fedorovskiy,Russian Federation,32,23375,61.6063,73.71415,False
Fili,Russian Federation,48,80000,55.74543,37.48837,False
Finlyandskiy,Russian Federation,42,72292,59.96824,30.36415,False
Fokino,Russian Federation,59,25827,42.97096,132.41035,False
Frolovo,Russian Federation,84,40882,49.7688,43.65417,False
Fryanovo,Russian Federation,47,11088,56.13333,38.45,False
Fryazevo,Russian Federation,47,53212,55.73321,38.46458,False
Fryazino,Russian Federation,47,52255,55.96131,38.04643,False
Furmanov,Russian Federation,21,38380,57.25417,41.11122,False
Gadzhiyevo,Russian Federation,49,14225,69.25506,33.33616,False
Gagarin,Russian Federation,69,28879,55.55329,34.99684,False
Galich,Russian Federation,37,18594,58.37884,42.34633,False
Gatchina,Russian Federation,42,89761,59.57639,30.12833,False
Gavrilov-Yam,Russian Federation,88,17351,57.30259,39.85263,False
Gay,Russian Federation,55,41619,51.47274,58.45155,False
Gelendzhik,Russian Federation,38,50715,44.58014,38.06646,False
Georgiyevsk,Russian Federation,70,72649,44.1494,43.47019,False
Giaginskaya,Russian Federation,01,15169,44.86208,40.07195,False
Gigant,Russian Federation,61,10034,46.50665,41.34185,False
Glazov,Russian Federation,80,100676,58.14,52.65619,False
Glubokiy,Russian Federation,61,11225,48.52716,40.33144,False
Golitsyno,Russian Federation,47,16056,55.60928,36.98212,False
Golovinskiy,Russian Federation,48,10000,55.85381,37.49604,False
Golyshmanovo,Russian Federation,78,13424,56.39865,68.37555,False
Gol’yanovo,Russian Federation,48,158000,55.82299,37.81306,False
Gorelovo,Russian Federation,66,22503,59.77234,30.13455,False
Gorno-Altaysk,Russian Federation,03,63214,51.96056,85.91892,False
Gornozavodsk,Russian Federation,90,12796,58.37314,58.32607,False
Gornyak,Russian Federation,04,15668,50.99529,81.46693,False
Gornyak,Russian Federation,13,13946,55.13446,61.68268,False
Gorod Shebekino,Russian Federation,09,39680,50.41667,36.91667,False
Gorodets,Russian Federation,51,31788,56.65497,43.47269,False
Gorodishche,Russian Federation,84,19509,48.80263,44.47491,False
Gorodoviki,Russian Federation,24,10706,46.13528,41.96556,False
Gorokhovets,Russian Federation,83,14247,56.19958,42.68866,False
Goryachevodskiy,Russian Federation,70,35075,44.02361,43.09222,False
Goryachiy Klyuch,Russian Federation,38,28078,44.63394,39.13582,False
Goyty,Russian Federation,12,13250,43.16417,45.62278,False
Gramoteino,Russian Federation,29,14010,54.5368,86.3839,False
Grazhdanka,Russian Federation,66,71128,60.017,30.417,False
Gremyachinsk,Russian Federation,90,12094,58.5603,57.851,False
Gribanovskiy,Russian Federation,86,17220,51.45015,41.96206,False
Grozny,Russian Federation,12,297137,43.31195,45.68895,False
Gryazi,Russian Federation,43,47413,52.49535,39.94031,False
Gryazovets,Russian Federation,85,16133,58.88,40.2525,False
Gubakha,Russian Federation,90,26605,58.83862,57.55325,False
Gubkin,Russian Federation,09,87000,51.28375,37.5351,False
Gubkinskiy,Russian Federation,87,20463,64.434,76.50261,False
Gudermes,Russian Federation,12,32769,43.35082,46.10095,False
Gukovo,Russian Federation,61,66079,48.06212,39.9355,False
Gul’kevichi,Russian Federation,38,34953,45.35383,40.69465,False
Gur’yevsk,Russian Federation,29,25000,54.28409,85.94806,False
Gur’yevsk,Russian Federation,23,11474,54.77323,20.60521,False
Gusev,Russian Federation,23,28690,54.59222,22.19972,False
Gusinoozyorsk,Russian Federation,11,24083,51.28333,106.5,False
Gus’-Khrustal’nyy,Russian Federation,83,62746,55.61171,40.65023,False
Gvardeysk,Russian Federation,23,13088,54.64772,21.06513,False
Iglino,Russian Federation,08,13958,54.82689,56.41209,False
Igra,Russian Federation,80,22033,57.5549,53.0544,False
Ilanskiy,Russian Federation,91,16668,56.2354,96.06667,False
Ilovlya,Russian Federation,84,11930,49.30007,43.98441,False
Il’skiy,Russian Federation,38,22970,44.84222,38.56686,False
Imeni Morozova,Russian Federation,42,10623,59.97572,31.03762,False
Inozemtsevo,Russian Federation,70,28779,44.09264,43.09113,False
Inskoy,Russian Federation,29,13326,54.4297,86.44,False
Inta,Russian Federation,34,32080,66.03169,60.16594,False
Inza,Russian Federation,81,19737,53.85342,46.3513,False
Inzhavino,Russian Federation,72,10278,52.31976,42.49154,False
Ipatovo,Russian Federation,70,29073,45.71801,42.90612,False
Irbit,Russian Federation,71,41647,57.66863,63.07072,False
Irkutsk,Russian Federation,20,623869,52.29566,104.29076,False
Isakogorka,Russian Federation,06,28571,64.446,40.6531,False
Ishim,Russian Federation,78,67762,56.11254,69.48722,False
Ishimbay,Russian Federation,08,70421,53.44769,56.03873,False
Isil’kul’,Russian Federation,54,20050,54.91214,71.27184,False
Iskitim,Russian Federation,53,61827,54.64261,83.30353,False
Islamey,Russian Federation,22,10899,43.67556,43.455,False
Istra,Russian Federation,47,33390,55.91979,36.86876,False
Ivangorod,Russian Federation,42,11074,59.37155,28.21625,False
Ivanovo,Russian Federation,21,406113,56.99988,40.97257,False
Ivanovskoye,Russian Federation,48,128000,55.76667,37.83333,False
Ivanteyevka,Russian Federation,47,51085,55.97111,37.92083,False
Ivdel’,Russian Federation,71,19379,60.69111,60.42056,False
Izberbash,Russian Federation,17,42121,42.56705,47.87546,False
Izhevsk,Russian Federation,80,648213,56.85225,53.19862,False
Izluchinsk,Russian Federation,32,18000,60.97944,76.92421,False
Izmaylovo,Russian Federation,48,104000,55.7966,37.78242,False
Izobil’nyy,Russian Federation,70,39022,45.36653,41.7091,False
Kaa-Khem,Russian Federation,79,10375,51.69435,94.57021,False
Kabanovo,Russian Federation,47,23414,55.74815,38.93511,False
Kachkanar,Russian Federation,71,43983,58.7002,59.4839,False
Kaduy,Russian Federation,85,11570,59.2,37.15,False
Kalach,Russian Federation,86,20449,50.425,41.01595,False
Kalach-na-Donu,Russian Federation,84,27522,48.69099,43.52638,False
Kalachinsk,Russian Federation,54,24059,55.0522,74.5787,False
Kaliningrad,Russian Federation,23,475056,54.70639,20.51102,False
Kalininsk,Russian Federation,67,18685,51.49777,44.47678,False
Kalininskaya,Russian Federation,38,13363,45.4847,38.66355,False
Kalininskiy,Russian Federation,66,504641,59.99675,30.3899,False
Kaltan,Russian Federation,29,25903,53.5278,87.27578,False
Kaluga,Russian Federation,25,340851,54.53063,36.27,False
Kalyazin,Russian Federation,77,14655,57.23975,37.83286,False
Kambarka,Russian Federation,80,12464,56.2666,54.2056,False
Kamenka,Russian Federation,57,33060,53.18139,44.04944,False
Kamenolomni,Russian Federation,61,12262,47.66783,40.20479,False
Kamensk-Shakhtinsky,Russian Federation,61,75814,48.31779,40.25948,False
Kamensk-Ural’skiy,Russian Federation,71,182500,56.40626,61.93347,False
Kamen’-Rybolov,Russian Federation,59,11489,44.74007,132.04217,False
Kamen’-na-Obi,Russian Federation,04,44564,53.78901,81.33201,False
Kameshkovo,Russian Federation,83,13935,56.34919,40.99859,False
Kamskiye Polyany,Russian Federation,73,13849,55.43068,51.41709,False
Kamyshin,Russian Federation,84,128626,50.0885,45.41277,False
Kamyshlov,Russian Federation,71,28006,56.84659,62.71211,False
Kamyzyak,Russian Federation,07,16191,46.10502,48.07823,False
Kanash,Russian Federation,16,49886,55.50962,47.49127,False
Kandalaksha,Russian Federation,49,38431,67.15123,32.41284,False
Kandry,Russian Federation,08,12100,54.56667,54.11667,False
Kanevskaya,Russian Federation,38,45334,46.09534,38.97691,False
Kansk,Russian Federation,91,101502,56.20218,95.71848,False
Kantemirovka,Russian Federation,86,12770,49.70437,39.85831,False
Kantyshevo,Russian Federation,19,17363,43.22824,44.63322,False
Kapotnya,Russian Federation,48,29594,55.63806,37.79306,False
Karabanovo,Russian Federation,83,15615,56.31081,38.70253,False
Karabash,Russian Federation,13,15630,55.48953,60.20885,False
Karabudakhkent,Russian Federation,17,13207,42.70916,47.56299,False
Karabulak,Russian Federation,19,34511,43.30513,44.89949,False
Karachayevsk,Russian Federation,27,20264,43.77233,41.91366,False
Karachev,Russian Federation,10,19757,53.12255,34.98494,False
Karasuk,Russian Federation,53,28589,53.73953,78.04387,False
Kargat,Russian Federation,53,10881,55.1929,80.28261,False
Kargopol’,Russian Federation,06,10966,61.50359,38.9486,False
Karpinsk,Russian Federation,71,30070,59.76831,60.0062,False
Kartaly,Russian Federation,13,28503,53.05962,60.64125,False
Karymskoye,Russian Federation,93,11901,51.62679,114.33681,False
Kashin,Russian Federation,77,16598,57.35918,37.60806,False
Kashira,Russian Federation,47,40084,54.84763,38.18214,False
Kasimov,Russian Federation,62,35355,54.94377,41.40341,False
Kasli,Russian Federation,13,17911,55.88753,60.75478,False
Kaspiysk,Russian Federation,17,81752,42.88165,47.63919,False
Kastanayevo,Russian Federation,47,20000,55.71667,37.5,False
Kasumkent,Russian Federation,17,12225,41.67746,48.15182,False
Katav-Ivanovsk,Russian Federation,13,19339,54.75263,58.20137,False
Kataysk,Russian Federation,40,15619,56.28854,62.58115,False
Kavalerovo,Russian Federation,59,16945,44.27163,135.05145,False
Kavkazskaya,Russian Federation,38,11680,45.44392,40.66703,False
Kayakent,Russian Federation,17,11805,42.38736,47.90301,False
Kayyerkan,Russian Federation,91,27295,69.37861,87.74389,False
Kazan,Russian Federation,73,1243500,55.78874,49.12214,False
Kazanskaya,Russian Federation,38,10794,45.4106,40.4361,False
Kedrovka,Russian Federation,29,17752,55.52138,86.09508,False
Kemerovo,Russian Federation,29,558973,55.35417,86.10435,False
Kem’,Russian Federation,28,13829,64.95695,34.59176,False
Kenzhe,Russian Federation,22,10636,43.49857,43.55413,False
Kez,Russian Federation,80,10792,57.8957,53.7132,False
Khabarovsk,Russian Federation,30,618150,48.46204,135.0971,False
Khadyzhensk,Russian Federation,38,21685,44.4258,39.5362,False
Khanskaya,Russian Federation,01,11297,44.67702,39.9616,False
Khanty-Mansiysk,Russian Federation,32,101466,61.00187,69.02728,False
Kharabali,Russian Federation,07,18223,47.40769,47.25391,False
Kharovsk,Russian Federation,85,11115,59.96425,40.19121,False
Khasavyurt,Russian Federation,17,126829,43.24872,46.58571,False
Khilok,Russian Federation,93,10627,51.35876,110.46165,False
Khimki,Russian Federation,47,239967,55.9001,37.42848,False
Kholmsk,Russian Federation,64,32681,47.04612,142.04938,False
Kholmskiy,Russian Federation,38,17494,44.84694,38.385,False
Khor,Russian Federation,30,11503,47.88399,134.95577,False
Khorol’,Russian Federation,59,11245,44.42697,132.07709,False
Khoroshëvo-Mnevniki,Russian Federation,48,159000,55.78363,37.47137,False
Khosta,Russian Federation,38,20000,43.51484,39.86825,False
Khot'kovo,Russian Federation,47,20872,56.25699,37.99544,False
Khvalynsk,Russian Federation,67,13437,52.49114,48.10606,False
Kimovsk,Russian Federation,76,31947,53.97312,38.53502,False
Kimry,Russian Federation,77,52070,56.87456,37.35957,False
Kinel’,Russian Federation,65,34336,53.22658,50.62614,False
Kinel’-Cherkassy,Russian Federation,65,18393,53.4669,51.4941,False
Kineshma,Russian Federation,21,92983,57.43665,42.12766,False
Kingisepp,Russian Federation,42,50566,59.37627,28.61409,False
Kirensk,Russian Federation,20,13308,57.7756,108.11535,False
Kireyevsk,Russian Federation,76,25513,53.9297,37.92148,False
Kirishi,Russian Federation,42,56190,59.47417,32.04007,False
Kirov,Russian Federation,25,39319,54.06889,34.29891,False
Kirov,Russian Federation,33,507155,58.59809,49.65783,False
Kirovgrad,Russian Federation,71,22685,57.43134,60.06172,False
Kirovo-Chepetsk,Russian Federation,33,90252,58.55091,50.031,False
Kirovsk,Russian Federation,42,24678,59.88002,30.99549,False
Kirovsk,Russian Federation,49,29605,67.61475,33.67274,False
Kirs,Russian Federation,33,11385,59.33829,52.24402,False
Kirsanov,Russian Federation,72,17975,52.6509,42.73481,False
Kirzhach,Russian Federation,83,30566,56.15273,38.85509,False
Kiselëvsk,Russian Federation,29,104000,53.99,86.6621,False
Kisilevsk,Russian Federation,29,83431,53.99623,86.64847,False
Kislovodsk,Russian Federation,70,132771,43.91333,42.72083,False
Kizel,Russian Federation,90,21807,59.04709,57.64767,False
Kizilyurt,Russian Federation,17,33411,43.20279,46.86594,False
Kizlyar,Russian Federation,17,50564,43.84686,46.70977,False
Kletnya,Russian Federation,10,13658,53.38981,33.21732,False
Klimovo,Russian Federation,10,14482,52.37877,32.1963,False
Klimovsk,Russian Federation,47,55206,55.36352,37.52984,False
Klin,Russian Federation,47,80778,56.33169,36.7292,False
Klintsy,Russian Federation,10,66336,52.76033,32.23905,False
Klyuchi,Russian Federation,92,10000,56.32035,160.84541,False
Kochenëvo,Russian Federation,53,16446,55.01356,82.20783,False
Kochubeyevskoye,Russian Federation,70,28491,44.64417,41.84528,False
Kodinsk,Russian Federation,91,15670,58.60629,99.17398,False
Kogalym,Russian Federation,32,57800,62.26537,74.47906,False
Kokhma,Russian Federation,21,28984,56.9321,41.0947,False
Kola,Russian Federation,49,10600,68.88138,33.01769,False
Kolomenskoye,Russian Federation,48,30000,55.66667,37.68333,False
Kolomna,Russian Federation,47,147690,55.07108,38.78399,False
Kolomyagi,Russian Federation,66,39945,60.02427,30.28491,False
Kolpashevo,Russian Federation,75,27876,58.32007,82.90295,False
Kolpino,Russian Federation,66,138979,59.75069,30.58856,False
Koltushi,Russian Federation,42,10000,59.92969,30.64465,False
Kolyvan’,Russian Federation,53,10807,55.30891,82.74196,False
Kol’chugino,Russian Federation,83,45912,56.3045,39.37656,False
Komendantsky aerodrom,Russian Federation,66,84052,60.00448,30.27523,False
Kommunar,Russian Federation,42,17358,59.62056,30.39,False
Komsomolsk-on-Amur,Russian Federation,30,275908,50.55034,137.00995,False
Komsomol’skiy,Russian Federation,46,11070,54.44522,45.83136,False
Konakovo,Russian Federation,77,42239,56.70153,36.77305,False
Kondopoga,Russian Federation,28,34360,62.20406,34.26932,False
Kondrovo,Russian Federation,25,14462,54.8059,35.93067,False
Konobeyevo,Russian Federation,47,10434,55.40776,38.66261,False
Konosha,Russian Federation,06,12383,60.97306,40.26322,False
Konstantinovsk,Russian Federation,61,18876,47.58113,41.0934,False
Kopeysk,Russian Federation,13,70780,55.11686,61.61807,False
Korablino,Russian Federation,62,14469,53.92666,40.02365,False
Korenovsk,Russian Federation,38,41665,45.46723,39.44923,False
Korkino,Russian Federation,13,40046,54.89151,61.39201,False
Kormilovka,Russian Federation,54,10166,55.00264,74.10281,False
Korolev,Russian Federation,47,139798,55.91417,37.82556,False
Korsakov,Russian Federation,64,35091,46.63406,142.78288,False
Koryazhma,Russian Federation,06,42627,61.31242,47.14829,False
Kosaya Gora,Russian Federation,76,17836,54.11896,37.54459,False
Kostomuksha,Russian Federation,28,30135,64.571,30.57667,False
Kostroma,Russian Federation,37,277280,57.76638,40.92828,False
Kotel’nich,Russian Federation,33,27600,58.30348,48.33745,False
Kotel’niki,Russian Federation,47,18300,55.65384,37.86234,False
Kotel’nikovo,Russian Federation,84,19622,47.63012,43.14158,False
Kotlas,Russian Federation,06,59180,61.25663,46.6537,False
Kotlovka,Russian Federation,48,64000,55.65928,37.60404,False
Kotovo,Russian Federation,84,26981,50.31567,44.81002,False
Kotovsk,Russian Federation,72,33077,52.59047,41.50251,False
Kovdor,Russian Federation,49,19518,67.56627,30.47765,False
Kovrov,Russian Federation,83,154224,56.35752,41.31893,False
Kovylkino,Russian Federation,46,21400,54.0372,43.91871,False
Kozel’sk,Russian Federation,25,19500,54.0366,35.77088,False
Kozeyevo,Russian Federation,48,50000,55.86667,37.61667,False
Kozhukhovo,Russian Federation,48,50000,55.70601,37.67563,False
Kozlovka,Russian Federation,16,11700,55.84284,48.2492,False
Koz’modem’yansk,Russian Federation,45,22700,56.33209,46.5606,False
Kraskovo,Russian Federation,47,11832,55.658,37.98,False
Krasnaya Glinka,Russian Federation,55,85566,53.7383,52.9392,False
Krasnoarmeysk,Russian Federation,67,25841,51.02349,45.69665,False
Krasnoarmeysk,Russian Federation,47,25688,56.1,38.13333,False
Krasnoarmeyskaya,Russian Federation,38,29009,45.36551,38.21194,False
Krasnobrodskiy,Russian Federation,29,11565,54.1581,86.4486,False
Krasnodar,Russian Federation,38,899541,45.04534,38.98178,False
Krasnogorsk,Russian Federation,47,92932,55.81904,37.32984,False
Krasnogorskiy,Russian Federation,13,13603,54.6025,61.231,False
Krasnogvardeyskoye,Russian Federation,70,16169,45.84493,41.51745,False
Krasnogvargeisky,Russian Federation,66,337091,59.97305,30.47607,False
Krasnokamensk,Russian Federation,93,54316,50.09284,118.03224,False
Krasnokamsk,Russian Federation,90,52689,58.0787,55.75622,False
Krasnokumskoye,Russian Federation,70,13630,44.17806,43.50194,False
Krasnoobsk,Russian Federation,53,16894,54.9198,82.9909,False
Krasnoslobodsk,Russian Federation,84,14334,48.70708,44.57702,False
Krasnoslobodsk,Russian Federation,46,10748,54.42548,43.78561,False
Krasnoturinsk,Russian Federation,71,62600,59.7666,60.2086,False
Krasnoufimsk,Russian Federation,71,43121,56.61399,57.76897,False
Krasnoural’sk,Russian Federation,71,27257,58.3638,60.0407,False
Krasnovishersk,Russian Federation,90,18185,60.40728,57.08286,False
Krasnoyarsk,Russian Federation,91,1090811,56.03742,92.93136,False
Krasnoye Selo,Russian Federation,66,44323,59.73833,30.08944,False
Krasnozavodsk,Russian Federation,47,11694,56.44814,38.21511,False
Krasnoznamensk,Russian Federation,47,33700,55.59525,37.05235,False
Krasnozërskoye,Russian Federation,53,10339,53.986,79.23999,False
Krasnyy Kut,Russian Federation,67,14956,50.95015,46.96851,False
Krasnyy Sulin,Russian Federation,61,44133,47.89246,40.07185,False
Krasnyy Yar,Russian Federation,07,10876,46.53241,48.34476,False
Kremenki,Russian Federation,25,11994,54.88626,37.11955,False
Krestovskiy ostrov,Russian Federation,42,20000,59.97091,30.25789,False
Krivyanskaya,Russian Federation,61,10203,47.39689,40.1668,False
Kronstadt,Russian Federation,66,43005,59.992,29.77616,False
Kropotkin,Russian Federation,38,79599,45.43722,40.5704,False
Krylovskaya,Russian Federation,38,14605,46.32109,39.97011,False
Krymsk,Russian Federation,38,57555,44.92625,37.99025,False
Kstovo,Russian Federation,51,67242,56.1475,44.19865,False
Kubinka,Russian Federation,47,25942,55.57957,36.70392,False
Kudepsta,Russian Federation,38,17000,43.49547,39.89294,False
Kudrovo,Russian Federation,42,30000,59.90349,30.51058,False
Kudymkar,Russian Federation,90,31596,59.01516,54.65319,False
Kugesi,Russian Federation,16,11547,56.02895,47.29255,False
Kukmor,Russian Federation,73,16795,56.18648,50.89404,False
Kulebaki,Russian Federation,51,37622,55.41333,42.5325,False
Kuleshovka,Russian Federation,61,14668,47.07855,39.55532,False
Kulunda,Russian Federation,04,15345,52.56494,78.93911,False
Kumertau,Russian Federation,08,65321,52.76493,55.78785,False
Kungur,Russian Federation,90,66389,57.41435,56.97157,False
Kuntsevo,Russian Federation,48,147497,55.74216,37.40225,False
Kupavna,Russian Federation,47,11000,55.74576,38.13136,False
Kupchino,Russian Federation,66,54198,59.859,30.388,False
Kupino,Russian Federation,53,16333,54.36677,77.3068,False
Kuragino,Russian Federation,91,14076,53.88785,92.68152,False
Kurchaloy,Russian Federation,12,20903,43.20487,46.08784,False
Kurchatov,Russian Federation,41,46600,51.65356,35.68651,False
Kurgan,Russian Federation,40,309285,55.44905,65.34344,False
Kurganinsk,Russian Federation,38,47681,44.88448,40.58893,False
Kurortnyy,Russian Federation,42,70589,60.16562,29.908,False
Kurovskoye,Russian Federation,47,19173,55.58183,38.91994,False
Kursavka,Russian Federation,70,11043,44.46151,42.50407,False
Kursk,Russian Federation,41,448733,51.72689,36.18457,False
Kurskaya,Russian Federation,70,12036,44.04315,44.45497,False
Kurtamysh,Russian Federation,40,17936,54.90973,64.4319,False
Kur’yanovo,Russian Federation,48,30000,55.65,37.7,False
Kusa,Russian Federation,13,19818,55.34503,59.44004,False
Kushchyovskaya,Russian Federation,38,29915,46.5599,39.6321,False
Kushnarënkovo,Russian Federation,08,10650,55.105,55.35083,False
Kushva,Russian Federation,71,34058,58.28731,59.74751,False
Kuskovo,Russian Federation,47,30000,55.73796,37.79542,False
Kuvandyk,Russian Federation,55,28706,51.48481,57.35788,False
Kuvshinovo,Russian Federation,77,10960,57.02857,34.17895,False
Kuybyshev,Russian Federation,53,48308,55.44783,78.31907,False
Kuytun,Russian Federation,20,10566,54.33886,101.50817,False
Kuznetsk,Russian Federation,57,90480,53.11675,46.60037,False
Kuz’minki,Russian Federation,48,143000,55.7,37.8,False
Kuz’molovskiy,Russian Federation,42,12794,60.10921,30.49092,False
Kyakhta,Russian Federation,11,18431,50.34956,106.451,False
Kyshtym,Russian Federation,13,41625,55.7163,60.551,False
Kyzyl,Russian Federation,79,116983,51.71108,94.43776,False
Labinsk,Russian Federation,38,61945,44.63604,40.7357,False
Labytnangi,Russian Federation,87,27067,66.65722,66.41833,False
Ladozhskaya,Russian Federation,38,14904,45.30902,39.93803,False
Lagan’,Russian Federation,24,14045,45.39177,47.36452,False
Lakhtinskiy,Russian Federation,66,10000,59.99521,30.14717,False
Lakinsk,Russian Federation,83,16706,56.01931,39.94848,False
Langepas,Russian Federation,32,40000,61.25439,75.2124,False
Lazarevskoye,Russian Federation,38,30000,43.90886,39.33137,False
Lebedyan’,Russian Federation,43,22970,53.01532,39.14458,False
Lefortovo,Russian Federation,48,91000,55.76667,37.7,False
Leningradskaya,Russian Federation,38,38712,46.32143,39.38551,False
Leninkent,Russian Federation,17,13912,42.96895,47.35202,False
Leninogorsk,Russian Federation,73,66263,54.5971,52.45124,False
Leninsk,Russian Federation,84,15167,48.70311,45.19611,False
Leninsk-Kuznetsky,Russian Federation,29,109023,54.6567,86.1737,False
Leninskiye Gory,Russian Federation,47,30000,55.7,37.56667,False
Lensk,Russian Federation,63,23694,60.72383,114.93447,False
Leonovo,Russian Federation,48,30000,55.85,37.65,False
Lermontov,Russian Federation,70,23369,44.1072,42.97798,False
Lesnoy,Russian Federation,71,23834,58.63944,59.7896,False
Lesnoy,Russian Federation,71,55100,57.6198,63.0784,False
Lesosibirsk,Russian Federation,91,65945,58.23544,92.48351,False
Lesozavodsk,Russian Federation,59,41778,45.47171,133.39827,False
Levoberezhnyy,Russian Federation,48,52000,55.86477,37.47342,False
Levokumskoye,Russian Federation,70,11377,44.82194,44.66056,False
Lianozovo,Russian Federation,48,86000,55.89783,37.5868,False
Likhobory,Russian Federation,48,50000,55.85,37.56667,False
Likhoslavl’,Russian Federation,77,12290,57.12662,35.46421,False
Likhovskoy,Russian Federation,61,13617,48.15188,40.17925,False
Likino-Dulevo,Russian Federation,47,31100,55.7083,38.9542,False
Linëvo,Russian Federation,53,21816,54.4589,83.3764,False
Lipetsk,Russian Federation,43,509735,52.5876,39.55151,False
Liski,Russian Federation,86,55939,50.9824,39.50403,False
Livadiya,Russian Federation,59,12652,42.86837,132.67275,False
Livny,Russian Federation,56,46779,52.42431,37.59956,False
Lobnya,Russian Federation,47,61772,56.02714,37.46793,False
Lodeynoye Pole,Russian Federation,42,22164,60.72564,33.56063,False
Lokomotivnyy,Russian Federation,13,10663,53.0448,60.61563,False
Lokot’,Russian Federation,10,11853,52.57472,34.57673,False
Lomonosov,Russian Federation,66,42505,59.90612,29.77253,False
Lopatino,Russian Federation,47,13687,55.52799,37.64666,False
Lopatinskiy,Russian Federation,47,14219,55.34101,38.72366,False
Losino-Petrovskiy,Russian Federation,47,22116,55.87006,38.19318,False
Luchegorsk,Russian Federation,59,21833,46.4446,134.29342,False
Luga,Russian Federation,42,40114,58.73876,29.84756,False
Lukhovitsy,Russian Federation,47,32387,54.97661,39.0444,False
Lukoyanov,Russian Federation,51,12913,55.03145,44.48179,False
Luza,Russian Federation,33,11935,60.62634,47.2644,False
Luzhniki,Russian Federation,48,30000,55.71599,37.55376,False
Lyangasovo,Russian Federation,33,12626,58.51759,49.44718,False
Lyantor,Russian Federation,32,38200,61.61945,72.15546,False
Lyskovo,Russian Federation,51,23570,56.02927,45.04233,False
Lysogorskaya,Russian Federation,70,10219,44.10639,43.27556,False
Lys’va,Russian Federation,90,68660,58.10737,57.81063,False
Lytkarino,Russian Federation,47,50619,55.57653,37.91245,False
Lyubertsy,Russian Federation,47,154650,55.67719,37.89322,False
Lyubinskiy,Russian Federation,54,10461,55.15821,72.6932,False
Lyublino,Russian Federation,48,172000,55.67738,37.76005,False
Lyudinovo,Russian Federation,25,41392,53.86639,34.44778,False
L’govskiy,Russian Federation,41,23500,51.63069,35.2775,False
L’vovskiy,Russian Federation,47,11202,55.31872,37.52337,False
Magadan,Russian Federation,44,92782,59.56274,150.80211,False
Magdagachi,Russian Federation,05,11739,53.4524,125.80744,False
Magnitogorsk,Russian Federation,13,413351,53.39808,59.0066,False
Makhachkala,Russian Federation,17,596356,42.97782,47.50027,False
Malakhovka,Russian Federation,47,18399,55.64776,38.02486,False
Malaya Vishera,Russian Federation,52,13834,58.84506,32.22235,False
Malgobek,Russian Federation,19,43400,43.51121,44.59051,False
Maloyaroslavets,Russian Federation,25,32669,55.01457,36.47185,False
Mamadysh,Russian Federation,73,14148,55.70273,51.40439,False
Manturovo,Russian Federation,37,18817,58.32582,44.75881,False
Mariinsk,Russian Federation,29,43122,56.20978,87.73165,False
Mariinskiy Posad,Russian Federation,16,10199,56.11497,47.71805,False
Markha,Russian Federation,63,11648,62.11454,129.74403,False
Markova,Russian Federation,20,17756,52.20667,104.2177,False
Marks,Russian Federation,67,32929,51.71018,46.74553,False
Mar’ino,Russian Federation,48,243000,55.65,37.71667,False
Maslyanino,Russian Federation,53,13000,54.34263,84.21179,False
Matveyev Kurgan,Russian Federation,61,14342,47.56675,38.86891,False
Matveyevskoye,Russian Federation,48,30000,55.71112,37.47502,False
Maykop,Russian Federation,01,141970,44.60789,40.10242,False
Mayma,Russian Federation,03,15428,52.00266,85.89741,False
Mayrtup,Russian Federation,12,10778,43.20348,46.13215,False
Mayskiy,Russian Federation,61,12136,47.696,40.10259,False
Mednogorsk,Russian Federation,55,30676,51.40571,57.58751,False
Medvedevo,Russian Federation,45,22555,56.63402,47.8035,False
Medvedovskaya,Russian Federation,38,16941,45.45151,39.02485,False
Medvezh’yegorsk,Russian Federation,28,16551,62.91447,34.45856,False
Megion,Russian Federation,32,48691,61.03429,76.10683,False
Melenki,Russian Federation,83,15902,55.33579,41.62747,False
Meleuz,Russian Federation,08,65362,52.96467,55.93277,False
Mel’nikovo,Russian Federation,75,10157,56.55687,84.0814,False
Mendeleyevsk,Russian Federation,73,22969,55.89692,52.31119,False
Menzelinsk,Russian Federation,73,16858,55.72792,53.1022,False
Mesker-Yurt,Russian Federation,12,11147,43.25147,45.90716,False
Metallostroy,Russian Federation,66,26361,59.80083,30.54778,False
Metrogorodok,Russian Federation,48,50000,55.80961,37.78739,False
Mezgor'e,Russian Federation,08,15861,54.04976,57.81713,False
Mezhdurechensk,Russian Federation,29,101026,53.68993,88.06221,False
Mezhdurechenskiy,Russian Federation,32,11121,59.6,65.93333,False
Miass,Russian Federation,13,167500,55.04552,60.10756,False
Michurinsk,Russian Federation,72,93499,52.90761,40.4823,False
Mikhalkovo,Russian Federation,48,30000,55.68333,37.43333,False
Mikhaylov,Russian Federation,62,12907,54.23227,39.02915,False
Mikhaylovka,Russian Federation,84,58898,50.06187,43.23335,False
Mikhaylovsk,Russian Federation,70,59198,45.13097,42.02703,False
Mikhaylovsk,Russian Federation,71,10209,56.43583,59.12,False
Mikhaylovskoye,Russian Federation,68,10479,43.09972,44.63164,False
Mikhaylovskoye,Russian Federation,04,11467,51.82228,79.72136,False
Mikhnëvo,Russian Federation,47,10726,55.12747,37.95451,False
Mikun’,Russian Federation,34,11502,62.35472,50.07714,False
Millerovo,Russian Federation,61,38527,48.92523,40.39982,False
Mineralnye Vody,Russian Federation,70,76280,44.21028,43.13528,False
Minusinsk,Russian Federation,91,72781,53.70117,91.70797,False
Mirny,Russian Federation,63,40308,62.53528,113.96111,False
Mirnyy,Russian Federation,06,28000,62.76437,40.33855,False
Mogocha,Russian Federation,93,12647,53.73965,119.76889,False
Mokshan,Russian Federation,57,11652,53.4365,44.61322,False
Monchegorsk,Russian Federation,49,49868,67.93972,32.87389,False
Monino,Russian Federation,47,19852,55.84244,38.19362,False
Morozovsk,Russian Federation,61,29289,48.35103,41.829,False
Morshansk,Russian Federation,72,43311,53.44325,41.81061,False
Moscow,Russian Federation,48,10381222,55.75204,37.61781,True
Moshkovo,Russian Federation,53,10541,55.30546,83.61324,False
Moskovskiy,Russian Federation,48,15435,55.59911,37.35495,False
Mostovskoy,Russian Federation,38,25188,44.4115,40.79281,False
Mozdok,Russian Federation,68,40823,43.73976,44.65157,False
Mozhaysk,Russian Federation,47,31557,55.50194,36.02722,False
Mozhga,Russian Federation,80,47270,56.44576,52.2156,False
Mtsensk,Russian Federation,56,47609,53.2788,36.58047,False
Mulino,Russian Federation,51,11513,56.28923,42.92005,False
Muravlenko,Russian Federation,87,39137,63.78977,74.52301,False
Murmansk,Russian Federation,49,295374,68.96778,33.09922,False
Murmashi,Russian Federation,49,14152,68.81542,32.81147,False
Murom,Russian Federation,83,126931,55.56853,42.02388,False
Muromtsevo,Russian Federation,54,11147,56.36919,75.25044,False
Myski,Russian Federation,29,44082,53.71631,87.79652,False
Mytishchi,Russian Federation,47,160542,55.91099,37.72964,False
Naberezhnyye Chelny,Russian Federation,73,509870,55.73718,52.41961,False
Nadvoitsy,Russian Federation,28,10780,63.889,34.258,False
Nadym,Russian Federation,87,46339,65.53333,72.51667,False
Nagornyy,Russian Federation,48,76000,55.65,37.61667,False
Nakhabino,Russian Federation,47,31715,55.84854,37.17789,False
Nakhodka,Russian Federation,59,146920,42.8436,132.91831,False
Nalchik,Russian Federation,22,239300,43.49806,43.61889,False
Nar'yan-Mar,Russian Federation,50,18041,67.63869,53.00371,False
Narian-Mar,Russian Federation,50,22912,67.66782,53.09792,False
Narimanov,Russian Federation,07,11905,46.69306,47.85071,False
Naro-Fominsk,Russian Federation,47,72632,55.38752,36.73307,False
Nartan,Russian Federation,22,12694,43.51083,43.69944,False
Nartkala,Russian Federation,22,33390,43.5544,43.85499,False
Navashino,Russian Federation,51,14830,55.54315,42.19307,False
Navlya,Russian Federation,10,13735,52.82544,34.4996,False
Navoloki,Russian Federation,21,10951,57.46572,41.96344,False
Nazarovo,Russian Federation,91,55252,56.01138,90.41656,False
Nazran,Russian Federation,19,164131,43.22597,44.77323,False
Nazyvayevsk,Russian Federation,54,12284,55.56897,71.35665,False
Neftegorsk,Russian Federation,65,19542,52.80135,51.16551,False
Neftekamsk,Russian Federation,08,126805,56.08879,54.26383,False
Neftekumsk,Russian Federation,70,27716,44.75583,44.9925,False
Nefteyugansk,Russian Federation,32,112632,61.09979,72.60349,False
Nekrasovskiy,Russian Federation,47,11740,56.08667,37.49753,False
Nelidovo,Russian Federation,77,25349,56.22761,32.77474,False
Neman,Russian Federation,23,12507,55.03111,22.02639,False
Nerchinsk,Russian Federation,93,15360,51.97981,116.58693,False
Nerekhta,Russian Federation,37,25352,57.45795,40.57169,False
Neryungri,Russian Federation,63,66320,56.65836,124.72499,False
Nesterovskaya,Russian Federation,19,19186,43.23861,45.05028,False
Nevel’,Russian Federation,60,17832,56.02,29.92824,False
Nevel’sk,Russian Federation,64,17000,46.67956,141.85587,False
Nevinnomyssk,Russian Federation,70,134345,44.6333,41.9444,False
Nev’yansk,Russian Federation,71,25900,57.49233,60.21415,False
Neya,Russian Federation,37,11144,58.29708,43.86834,False
Nezlobnaya,Russian Federation,70,18412,44.11806,43.40278,False
Nikel,Russian Federation,49,15596,69.41285,30.22198,False
Nikolayevsk,Russian Federation,84,16044,50.02805,45.46115,False
Nikolayevsk-on-Amure,Russian Federation,30,27152,53.14657,140.72287,False
Nikol’sk,Russian Federation,57,24300,53.71886,46.07118,False
Nikol’skoye,Russian Federation,48,50000,55.68333,37.48333,False
Nikol’skoye,Russian Federation,42,19280,59.70056,30.78472,False
Nikulino,Russian Federation,48,30000,55.66943,37.46598,False
Nizhnekamsk,Russian Federation,73,234297,55.63794,51.81502,False
Nizhnesortymskiy,Russian Federation,32,15204,62.43965,71.76029,False
Nizhneudinsk,Russian Federation,20,38723,54.90725,99.03396,False
Nizhnevartovsk,Russian Federation,32,244937,60.9344,76.5531,False
Nizhneye Kazanishche,Russian Federation,17,11765,42.76369,47.16027,False
Nizhniy Lomov,Russian Federation,57,23835,53.53041,43.67663,False
Nizhniy Novgorod,Russian Federation,51,1259013,56.32867,44.00205,False
Nizhniy Odes,Russian Federation,34,11165,63.64451,54.85598,False
Nizhniye Sergi,Russian Federation,71,12077,56.66134,59.29979,False
Nizhny Tagil,Russian Federation,71,381116,57.91944,59.965,False
Nizhnyaya Maktama,Russian Federation,73,10600,54.86356,52.4281,False
Nizhnyaya Salda,Russian Federation,71,17473,58.07756,60.7202,False
Nizhnyaya Tura,Russian Federation,71,22600,58.62369,59.8523,False
Noginsk,Russian Federation,47,115979,55.86486,38.44853,False
Noginsk-9,Russian Federation,47,10000,56.06681,38.50013,False
Nogir,Russian Federation,68,11469,43.08162,44.6365,False
Nogliki,Russian Federation,64,10098,51.79681,143.13645,False
Nolinsk,Russian Federation,33,10282,57.5593,49.93332,False
Norilsk,Russian Federation,91,140800,69.3535,88.2027,False
Novaya Balakhna,Russian Federation,51,63083,56.48989,43.60114,False
Novaya Derevnya,Russian Federation,66,20000,59.98748,30.28682,False
Novaya Igirma,Russian Federation,20,10681,57.1334,103.9112,False
Novaya Lyalya,Russian Federation,71,14246,59.05233,60.59315,False
Novaya Usman’,Russian Federation,86,22165,51.64355,39.41138,False
Novo-Peredelkino,Russian Federation,48,115536,55.64528,37.33583,False
Novoaleksandrovsk,Russian Federation,70,27610,45.49745,41.2253,False
Novoaltaysk,Russian Federation,04,61050,53.41426,83.94108,False
Novoanninskiy,Russian Federation,84,19231,50.5283,42.6746,False
Novocheboksarsk,Russian Federation,16,128468,56.11095,47.47755,False
Novocherkassk,Russian Federation,61,166974,47.4222,40.09373,False
Novodvinsk,Russian Federation,06,42900,64.41638,40.81674,False
Novogireyevo,Russian Federation,48,95000,55.75455,37.81834,False
Novokhovrino,Russian Federation,48,50000,55.86667,37.5,False
Novokubansk,Russian Federation,38,36401,45.11326,41.0365,False
Novokuybyshevsk,Russian Federation,65,111800,53.09709,49.94001,False
Novokuznetsk,Russian Federation,29,539616,53.75752,87.13599,False
Novokuz’minki,Russian Federation,48,50000,55.71667,37.78333,False
Novomichurinsk,Russian Federation,62,20821,54.0384,39.7479,False
Novomikhaylovskiy,Russian Federation,38,10370,44.2626,38.8585,False
Novominskaya,Russian Federation,38,12049,46.3163,38.9586,False
Novomoskovsk,Russian Federation,76,130982,54.01098,38.29084,False
Novonikolayevskiy,Russian Federation,84,10251,50.97449,42.36004,False
Novoorsk,Russian Federation,55,11212,51.38122,58.98517,False
Novopavlovsk,Russian Federation,70,24408,43.95942,43.63156,False
Novopodrezkovo,Russian Federation,47,10271,55.93972,37.34417,False
Novopokrovskaya,Russian Federation,38,19342,45.95761,40.69811,False
Novorossiysk,Russian Federation,38,241856,44.73188,37.76176,False
Novosergiyevka,Russian Federation,55,13188,52.087,53.6463,False
Novoshakhtinsk,Russian Federation,61,99478,47.76037,39.93335,False
Novosibirsk,Russian Federation,53,1612833,55.02259,82.93175,False
Novosilikatnyy,Russian Federation,04,15241,53.30972,83.62389,False
Novosineglazovskiy,Russian Federation,13,14620,55.03928,61.3768,False
Novospasskoye,Russian Federation,81,10941,53.15075,47.74766,False
Novotitarovskaya,Russian Federation,38,22630,45.23756,38.98059,False
Novotroitsk,Russian Federation,55,106186,51.20099,58.31318,False
Novoul’yanovsk,Russian Federation,81,17139,54.14774,48.38644,False
Novoural’sk,Russian Federation,71,93849,57.25483,60.09052,False
Novouzensk,Russian Federation,67,16932,50.46321,48.14161,False
Novovladykino,Russian Federation,48,50000,55.85,37.58333,False
Novovoronezh,Russian Federation,86,37392,51.31528,39.21872,False
Novoye Devyatkino,Russian Federation,42,10978,60.06364,30.48328,False
Novozybkov,Russian Federation,10,42571,52.53711,31.93659,False
Novy Oskol,Russian Federation,09,21035,50.76331,37.86415,False
Novyy Gorodok,Russian Federation,29,14509,54.3074,86.2927,False
Novyy Urengoy,Russian Federation,87,94212,66.08333,76.63333,False
Novyye Cherëmushki,Russian Federation,48,101000,55.7,37.58333,False
Novyye Kuz’minki,Russian Federation,48,143000,55.7,37.75,False
Noyabrsk,Russian Federation,87,110000,63.19309,75.43728,False
Nurlat,Russian Federation,73,34451,54.42903,50.80598,False
Nyagan,Russian Federation,32,52137,62.14056,65.39361,False
Nyandoma,Russian Federation,06,22179,61.6718,40.21221,False
Nyazepetrovsk,Russian Federation,13,12717,56.03715,59.59852,False
Nytva,Russian Federation,90,20525,57.93771,55.34136,False
Obninsk,Russian Federation,25,107392,55.10993,36.61238,False
Oboyan’,Russian Federation,41,14000,51.21224,36.27859,False
Obruchevo,Russian Federation,48,85616,55.6591,37.52291,False
Obukhovo,Russian Federation,66,45664,59.84389,30.45111,False
Obukhovo,Russian Federation,47,10616,55.83278,38.2725,False
Ob’,Russian Federation,53,24238,54.98877,82.71337,False
Ochakovo-Matveyevskoye,Russian Federation,48,114000,55.68432,37.44654,False
Ochër,Russian Federation,90,15395,57.88227,54.71827,False
Odintsovo,Russian Federation,47,137041,55.66977,37.27716,False
Okha,Russian Federation,64,26560,53.59485,142.9528,False
Oktyabrsky,Russian Federation,08,108200,54.48147,53.47103,False
Oktyabr’sk,Russian Federation,65,26306,53.16675,48.69723,False
Oktyabr’skiy,Russian Federation,47,11000,55.60806,37.97738,False
Okulovka,Russian Federation,52,13852,58.40801,33.28852,False
Olenegorsk,Russian Federation,49,23670,68.1432,33.25287,False
Olonets,Russian Federation,28,10005,60.98106,32.97261,False
Omsk,Russian Federation,54,1172070,54.99244,73.36859,False
Omutninsk,Russian Federation,33,25364,58.67015,52.19313,False
Onega,Russian Federation,06,22693,63.9057,38.09944,False
Onokhoy,Russian Federation,11,10478,51.92619,108.06035,False
Opochka,Russian Federation,60,13548,56.71448,28.66287,False
Ordynskoye,Russian Federation,53,10314,54.36225,81.88658,False
Orekhovo-Borisovo,Russian Federation,48,144000,55.61252,37.72639,False
Orekhovo-Borisovo Severnoye,Russian Federation,48,128000,55.61667,37.68333,False
Orekhovo-Zuyevo,Russian Federation,47,120000,55.81242,38.99155,False
Orenburg,Russian Federation,55,564773,51.76712,55.09883,False
Orlovskiy,Russian Federation,61,19325,46.87441,42.05223,False
Orsk,Russian Federation,55,246836,51.23206,58.48802,False
Orël,Russian Federation,56,303696,52.96879,36.0791,False
Osa,Russian Federation,90,23292,57.2836,55.45885,False
Osinniki,Russian Federation,29,48919,53.60357,87.33197,False
Ostankinskiy,Russian Federation,48,60000,55.82957,37.61604,False
Ostashkov,Russian Federation,77,19563,57.14695,33.10659,False
Ostrogozhsk,Russian Federation,86,34403,50.86586,39.07808,False
Ostrov,Russian Federation,60,24500,57.3438,28.35363,False
Otradnaya,Russian Federation,38,22985,44.39318,41.51929,False
Otradnoye,Russian Federation,42,21397,59.7775,30.81806,False
Otradnoye,Russian Federation,48,18000,55.86667,37.6,False
Otradnyy,Russian Federation,65,50127,53.37596,51.3452,False
Oyskhara,Russian Federation,12,12795,43.26402,46.24803,False
Ozerki,Russian Federation,66,95000,60.03947,30.31128,False
Ozersk,Russian Federation,13,81023,55.75556,60.70278,False
Ozherel’ye,Russian Federation,47,10618,54.79197,38.26559,False
Ozëry,Russian Federation,47,25900,54.85998,38.55062,False
Pallasovka,Russian Federation,84,17139,50.04914,46.8855,False
Pangody,Russian Federation,87,10898,65.85002,74.48593,False
Pargolovo,Russian Federation,66,11962,60.0812,30.27626,False
Parnas,Russian Federation,42,66693,60.06964,30.3487,False
Partizansk,Russian Federation,59,42489,43.11992,133.12316,False
Pashkovskiy,Russian Federation,38,43634,45.02366,39.10436,False
Pavlovo,Russian Federation,51,63338,55.9686,43.0912,False
Pavlovsk,Russian Federation,86,26565,50.45434,40.12371,False
Pavlovsk,Russian Federation,04,14827,53.31975,82.98952,False
Pavlovsk,Russian Federation,66,16087,59.68333,30.43472,False
Pavlovskaya,Russian Federation,38,31133,46.13903,39.7862,False
Pavlovskiy Posad,Russian Federation,47,60051,55.78187,38.65025,False
Pechora,Russian Federation,34,46113,65.14717,57.22439,False
Pechory,Russian Federation,60,13246,57.81642,27.6119,False
Penza,Russian Federation,57,523553,53.19568,45.01075,False
Pereslavl’-Zalesskiy,Russian Federation,88,40283,56.73912,38.85966,False
Peresvet,Russian Federation,47,15000,56.42302,38.17612,False
Perm,Russian Federation,90,982419,58.01046,56.25017,False
Persianovka,Russian Federation,61,15730,47.52729,39.4193,False
Pervomaysk,Russian Federation,51,14810,54.8686,43.80347,False
Pervomayskiy,Russian Federation,76,10885,54.04482,37.50875,False
Pervomayskiy,Russian Federation,93,13141,51.66297,115.6242,False
Pervomayskiy,Russian Federation,72,13196,53.2463,40.28911,False
Pervouralsk,Russian Federation,71,133600,56.90528,59.94361,False
Peschanokopskoye,Russian Federation,61,11340,46.19448,41.08148,False
Pestovo,Russian Federation,52,15910,58.59382,35.80244,False
Peterhof,Russian Federation,66,73199,59.88333,29.9,False
Petrodvorets,Russian Federation,66,61973,59.89565,29.80145,False
Petrogradka,Russian Federation,66,130455,59.96567,30.31154,False
Petropavlovsk-Kamchatsky,Russian Federation,92,181216,53.06393,158.62751,False
Petrov Val,Russian Federation,84,14853,50.14337,45.20958,False
Petrovsk,Russian Federation,67,33622,52.30881,45.38992,False
Petrovsk-Zabaykal’skiy,Russian Federation,93,19713,51.2758,108.84714,False
Petrovskaya,Russian Federation,38,13340,45.43139,37.955,False
Petrovskaya,Russian Federation,47,30000,55.55,37.78333,False
Petrozavodsk,Russian Federation,28,279190,61.78491,34.34691,False
Petukhovo,Russian Federation,40,12367,55.06917,67.90194,False
Petushki,Russian Federation,83,15866,55.92721,39.46072,False
Pikalëvo,Russian Federation,42,22072,59.51833,34.16639,False
Pionerskiy,Russian Federation,23,11856,54.95083,20.22748,False
Pitkyaranta,Russian Federation,28,13090,61.57387,31.47889,False
Plast,Russian Federation,13,17050,54.36914,60.81361,False
Platnirovskaya,Russian Federation,38,11710,45.39531,39.3842,False
Plavsk,Russian Federation,76,16763,53.7084,37.29457,False
Plesetsk,Russian Federation,06,10870,62.71165,40.29104,False
Pochep,Russian Federation,10,15100,52.9331,33.44702,False
Pochinki,Russian Federation,51,11724,54.70146,44.85762,False
Podolsk,Russian Federation,47,179400,55.42419,37.55472,False
Podporozh’ye,Russian Federation,42,19600,60.91,34.16188,False
Pogar,Russian Federation,10,11242,52.55287,33.25961,False
Pogranichnyy,Russian Federation,59,11930,44.41041,131.37847,False
Pokachi,Russian Federation,32,17084,61.71982,75.36827,False
Pokhvistnevo,Russian Federation,65,28300,53.65237,52.12738,False
Pokrov,Russian Federation,83,15867,55.91797,39.17242,False
Pokrovka,Russian Federation,59,10614,43.95134,131.63848,False
Pokrovskoye,Russian Federation,61,12576,47.41436,38.89883,False
Pokrovskoye-Streshnëvo,Russian Federation,48,55000,55.80797,37.45814,False
Polazna,Russian Federation,90,12973,58.2922,56.4156,False
Polevskoy,Russian Federation,71,65770,56.44222,60.18778,False
Polyarnyy,Russian Federation,49,17332,69.20279,33.43697,False
Polyarnyye Zori,Russian Federation,49,15092,67.36611,32.49806,False
Polysayevo,Russian Federation,29,28026,54.60343,86.27577,False
Porkhov,Russian Federation,60,11886,57.76502,29.55612,False
Poronaysk,Russian Federation,64,16677,49.22045,143.0912,False
Pospelikha,Russian Federation,04,13586,51.95,81.76667,False
Povorino,Russian Federation,86,18004,51.19806,42.24605,False
Poykovskiy,Russian Federation,32,28080,61.00136,71.89187,False
Praskoveya,Russian Federation,70,11420,44.74444,44.20306,False
Pravdinskiy,Russian Federation,47,10372,56.06034,37.86266,False
Presnenskiy,Russian Federation,48,122000,55.75894,37.55816,False
Pribrezhnyy,Russian Federation,65,11500,53.48662,49.85836,False
Pridonskoy,Russian Federation,86,16896,51.6826,39.0676,False
Primorsko-Akhtarsk,Russian Federation,38,33102,46.04847,38.17899,False
Priozërsk,Russian Federation,42,18300,61.04027,30.13915,False
Privolzhsk,Russian Federation,21,17864,57.38395,41.29165,False
Privolzhskiy,Russian Federation,67,31849,51.40944,46.04833,False
Priyutovo,Russian Federation,08,20847,53.9,53.93333,False
Prokhladnyy,Russian Federation,22,60800,43.75741,44.0297,False
Prokhorovka,Russian Federation,09,10136,51.03594,36.73138,False
Prokop’yevsk,Russian Federation,29,219000,53.91518,86.71891,False
Proletarsk,Russian Federation,61,19493,46.70241,41.72487,False
Promyshlennaya,Russian Federation,29,17216,54.91443,85.63971,False
Protvino,Russian Federation,47,37329,54.86821,37.21583,False
Psebay,Russian Federation,38,10700,44.1234,40.8107,False
Pskov,Russian Federation,60,210501,57.81922,28.33181,False
Pudozh,Russian Federation,28,10605,61.80415,36.5277,False
Pugachëv,Russian Federation,67,41375,52.01664,48.79895,False
Pushchino,Russian Federation,47,20072,54.83373,37.61138,False
Pushkin,Russian Federation,66,92889,59.71417,30.39642,False
Pushkino,Russian Federation,47,102816,55.99456,37.82897,False
Pyatigorsk,Russian Federation,70,142865,44.05,43.05036,False
Pyshma,Russian Federation,71,10094,56.95327,63.25231,False
Pyt-Yakh,Russian Federation,32,41500,60.74985,72.85824,False
Raduzhny,Russian Federation,32,47679,62.09611,77.475,False
Raduzhnyy,Russian Federation,33,10792,58.49899,49.64347,False
Raduzhnyy,Russian Federation,83,17811,56.0038,40.33905,False
Rakitnoye,Russian Federation,09,10596,50.84076,35.85212,False
Ramenki,Russian Federation,48,130000,55.7,37.5,False
Ramenskoye,Russian Federation,47,96000,55.56341,38.24152,False
Rasskazovo,Russian Federation,72,45957,52.66384,41.88915,False
Raychikhinsk,Russian Federation,05,23745,49.79573,129.40346,False
Rayevskiy,Russian Federation,08,20060,54.06398,54.93378,False
Razumnoye,Russian Federation,09,15529,50.53439,36.68462,False
Redkino,Russian Federation,77,11507,56.64754,36.29674,False
Reftinskiy,Russian Federation,71,17673,57.09013,61.67692,False
Reutov,Russian Federation,47,78370,55.76273,37.86303,False
Revda,Russian Federation,71,61785,56.80239,59.93774,False
Rezh,Russian Federation,71,37420,57.37116,61.40398,False
Rodniki,Russian Federation,21,27681,57.10501,41.73565,False
Roschinskiy,Russian Federation,65,10903,53.05111,50.49667,False
Roshal’,Russian Federation,47,21951,55.66853,39.87488,False
Roslavl’,Russian Federation,69,56971,53.95387,32.86409,False
Rossosh’,Russian Federation,86,62000,50.19645,39.56631,False
Rossosh’,Russian Federation,86,64323,51.1209,38.5116,False
Rostokino,Russian Federation,48,37000,55.83333,37.66667,False
Rostov Veliky,Russian Federation,88,31039,57.19081,39.41307,False
Rostov-on-Don,Russian Federation,61,1130305,47.21997,39.70769,False
Roven’ki,Russian Federation,09,10939,49.91786,38.9074,False
Roza,Russian Federation,13,14491,54.9163,61.4586,False
Rtishchevo,Russian Federation,67,44013,52.25973,43.78678,False
Rublëvo,Russian Federation,48,20000,55.78514,37.35481,False
Rubtsovsk,Russian Federation,04,161065,51.51473,81.20613,False
Ruza,Russian Federation,47,13480,55.70172,36.19321,False
Ruzayevka,Russian Federation,46,49311,54.06004,44.94899,False
Ryazanskiy,Russian Federation,48,101000,55.73333,37.76667,False
Ryazan’,Russian Federation,62,538962,54.62696,39.70415,False
Ryazhsk,Russian Federation,62,22041,53.70588,40.08045,False
Rybatskoye,Russian Federation,42,55076,59.8393,30.49873,False
Rybinsk,Russian Federation,88,216724,58.04562,38.83811,False
Rybnoye,Russian Federation,62,19159,54.72531,39.51305,False
Ryl’sk,Russian Federation,41,17007,51.57141,34.68324,False
Rzhev,Russian Federation,77,62246,56.26289,34.3289,False
Safonovo,Russian Federation,69,46000,55.11091,33.23728,False
Sagopshi,Russian Federation,19,11848,43.48515,44.59063,False
Saint Petersburg,Russian Federation,66,5351935,59.93863,30.31413,False
Salavat,Russian Federation,08,159893,53.3828,55.91094,False
Salekhard,Russian Federation,87,49214,66.53373,66.60955,False
Sal’sk,Russian Federation,61,61000,46.47494,41.54159,False
Samara,Russian Federation,65,1163399,53.20767,50.13553,False
Samarskoye,Russian Federation,61,10638,46.93611,39.68255,False
Samashki,Russian Federation,12,10848,43.28935,45.29786,False
Sampsonievskiy,Russian Federation,42,39318,59.98499,30.34295,False
Saraktash,Russian Federation,55,17413,51.7874,56.35987,False
Saransk,Russian Federation,46,318841,54.18485,45.17166,False
Sarapul,Russian Federation,80,98830,56.47633,53.79782,False
Saratov,Russian Federation,67,844858,51.54048,45.9901,False
Sarov,Russian Federation,51,88000,54.94802,43.31521,False
Sasovo,Russian Federation,62,29858,54.35369,41.91986,False
Satka,Russian Federation,13,49384,55.04103,59.04746,False
Sayanogorsk,Russian Federation,31,49939,53.09975,91.40736,False
Sayansk,Russian Federation,20,43949,54.11287,102.17773,False
Segezha,Russian Federation,28,33354,63.74549,34.31614,False
Selenginsk,Russian Federation,11,13187,52.00639,106.86472,False
Selyatino,Russian Federation,47,12954,55.51514,36.97746,False
Sel’tso,Russian Federation,10,18167,53.36831,34.10328,False
Semender,Russian Federation,17,15691,42.98556,47.40393,False
Semikarakorsk,Russian Federation,61,23583,47.51683,40.80831,False
Semiluki,Russian Federation,86,26257,51.6821,39.0302,False
Semënov,Russian Federation,51,24300,56.78758,44.49619,False
Semënovskoye,Russian Federation,47,50000,55.68333,37.55,False
Serafimovskiy,Russian Federation,08,10360,54.42408,53.7964,False
Serdobsk,Russian Federation,57,36652,52.45861,44.21689,False
Sergach,Russian Federation,51,22361,55.52771,45.45679,False
Sergiyev Posad,Russian Federation,47,109252,56.31204,38.13869,False
Serov,Russian Federation,71,98438,59.59737,60.58608,False
Serpukhov,Russian Federation,47,128158,54.9198,37.41618,False
Sertolovo,Russian Federation,42,43622,60.1444,30.20165,False
Seryshevo,Russian Federation,05,11794,51.09398,128.38132,False
Sestroretsk,Russian Federation,66,37248,60.09801,29.96378,False
Setun’,Russian Federation,48,20000,55.71667,37.41667,False
Severnyy,Russian Federation,48,200000,55.93583,37.54889,False
Severo-Zadonsk,Russian Federation,76,16569,54.03481,38.40172,False
Severobaykal’sk,Russian Federation,11,25800,55.63826,109.32709,False
Severodvinsk,Russian Federation,06,194292,64.55825,39.82971,False
Severomorsk,Russian Federation,49,53921,69.06936,33.40807,False
Severoural’sk,Russian Federation,71,33500,60.15328,59.95205,False
Seversk,Russian Federation,75,109844,56.60056,84.88639,False
Severskaya,Russian Federation,38,22849,44.85393,38.67924,False
Shadrinsk,Russian Federation,40,79479,56.08616,63.63816,False
Shagonar,Russian Federation,79,11415,51.534,92.93164,False
Shakhovskaya,Russian Federation,47,10353,56.03082,35.50638,False
Shakhty,Russian Federation,61,221312,47.71916,40.21603,False
Shakhtërsk,Russian Federation,64,10100,49.16804,142.11571,False
Shakhun’ya,Russian Federation,51,22400,57.67603,46.61171,False
Shali,Russian Federation,12,25000,43.14806,45.90194,False
Shalushka,Russian Federation,22,11577,43.5325,43.56611,False
Sharypovo,Russian Federation,91,42773,55.54004,89.20062,False
Shar’ya,Russian Federation,37,29800,58.36848,45.51622,False
Shatura,Russian Federation,47,30069,55.57259,39.53417,False
Shcherbinka,Russian Federation,48,28065,55.49972,37.55972,False
Shchigry,Russian Federation,41,19198,51.87598,36.90535,False
Shchukino,Russian Federation,48,102000,55.8,37.45,False
Shchyolkovo,Russian Federation,47,113000,55.92497,37.97218,False
Shchëkino,Russian Federation,76,60700,54.00734,37.50647,False
Shebekino,Russian Federation,09,45194,50.41342,36.92537,False
Sheksna,Russian Federation,85,21197,59.20998,38.51066,False
Shelekhov,Russian Federation,20,47459,52.21591,104.09934,False
Sheregesh,Russian Federation,29,10114,52.9209,87.9869,False
Sherlovaya Gora,Russian Federation,93,10081,50.53378,116.31831,False
Shilka,Russian Federation,93,14132,51.85136,116.02854,False
Shilovo,Russian Federation,62,16159,54.32005,40.87958,False
Shimanovsk,Russian Federation,05,21466,52.00318,127.67622,False
Shipunovo,Russian Federation,04,11431,52.21731,82.26747,False
Shlissel’burg,Russian Federation,42,12115,59.9473,31.03845,False
Sholokhovskiy,Russian Federation,61,10062,48.28071,41.04592,False
Shumerlya,Russian Federation,16,35220,55.5005,46.41288,False
Shumikha,Russian Federation,40,18499,55.22874,63.28552,False
Shushary,Russian Federation,66,15503,59.80917,30.38167,False
Shushenskoye,Russian Federation,91,18770,53.32361,91.93614,False
Shuya,Russian Federation,21,60705,56.84864,41.3869,False
Sibay,Russian Federation,08,61590,52.71793,58.66667,False
Sibirskiy,Russian Federation,04,11952,53.57988,83.76691,False
Sim,Russian Federation,13,15632,54.993,57.6982,False
Sirius,Russian Federation,38,13768,43.40504,39.95963,False
Siverskiy,Russian Federation,42,12076,59.35444,30.07833,False
Skhodnya,Russian Federation,47,18897,55.94806,37.29778,False
Skopin,Russian Federation,62,24357,53.82499,39.5531,False
Skovorodino,Russian Federation,05,10007,53.98367,123.94014,False
Skuratovskiy,Russian Federation,76,13325,54.10152,37.60384,False
Slantsy,Russian Federation,42,36209,59.1179,28.08826,False
Slavgorod,Russian Federation,04,34141,52.99997,78.64733,False
Slavyanka,Russian Federation,59,10375,42.86242,131.38919,False
Slavyansk-na-Kubani,Russian Federation,38,65196,45.25145,38.12129,False
Slobodka,Russian Federation,48,20000,55.86667,37.58333,False
Slobodskoy,Russian Federation,33,32361,58.73133,50.17119,False
Slyudyanka,Russian Federation,20,18809,51.6621,103.70996,False
Smolensk,Russian Federation,69,330025,54.77826,32.05088,False
Snezhinsk,Russian Federation,13,50086,56.07834,60.74785,False
Snezhnogorsk,Russian Federation,49,12014,69.19333,33.25314,False
Sobinka,Russian Federation,83,20458,55.99003,40.02052,False
Sochi,Russian Federation,38,327608,43.59699,39.72477,False
Sofrino,Russian Federation,47,15265,56.15,37.93333,False
Sokol,Russian Federation,85,42174,59.46167,40.12056,False
Sokol,Russian Federation,48,57000,55.8,37.51667,False
Sokol’niki,Russian Federation,48,57000,55.80202,37.67159,False
Soldato-Aleksandrovskoye,Russian Federation,70,11059,44.26588,43.75314,False
Solikamsk,Russian Federation,90,100812,59.66686,56.74267,False
Solnechniy,Russian Federation,32,10103,61.27944,73.18139,False
Solnechnodol’sk,Russian Federation,70,13068,45.3179,41.5407,False
Solnechnogorsk,Russian Federation,47,58891,56.17527,36.97082,False
Solnechnyy,Russian Federation,30,13993,50.58333,137.03333,False
Solnechnyy,Russian Federation,91,10641,56.11583,92.92528,False
Solnechnyy,Russian Federation,30,14227,50.72498,136.63562,False
Solntsevo,Russian Federation,48,120000,55.63711,37.38115,False
Sol’-Iletsk,Russian Federation,55,27419,51.16239,54.99157,False
Sol’tsy,Russian Federation,52,10625,58.12229,30.31831,False
Somovo,Russian Federation,86,13729,51.7422,39.3659,False
Sorochinsk,Russian Federation,55,30731,52.42882,53.15025,False
Sorsk,Russian Federation,31,13035,54.00126,90.25154,False
Sortavala,Russian Federation,28,20760,61.71233,30.70953,False
Sosenskiy,Russian Federation,25,12484,54.05899,35.96228,False
Sosnogorsk,Russian Federation,34,29343,63.59669,53.89178,False
Sosnovaya Polyana,Russian Federation,66,48271,59.83528,30.14667,False
Sosnovka,Russian Federation,66,66227,60.01667,30.35,False
Sosnovka,Russian Federation,72,10475,53.23088,41.36562,False
Sosnovka,Russian Federation,33,12354,56.25496,51.28419,False
Sosnovoborsk,Russian Federation,91,31632,56.1218,93.33814,False
Sosnovyy Bor,Russian Federation,42,68563,59.8996,29.08574,False
Sovetsk,Russian Federation,23,43309,55.08392,21.87851,False
Sovetsk,Russian Federation,33,17869,57.58937,48.95525,False
Sovetskaya,Russian Federation,38,10166,44.77694,41.17222,False
Sovetskaya Gavan’,Russian Federation,30,29740,48.97215,140.28881,False
Sovetskiy,Russian Federation,45,10674,56.76209,48.47568,False
Sovetskiy,Russian Federation,32,23685,61.36139,63.58417,False
Spassk-Dal’niy,Russian Federation,59,45265,44.60059,132.82042,False
Sredneuralsk,Russian Federation,71,20169,56.98921,60.46662,False
Srednyaya Akhtuba,Russian Federation,84,13887,48.71004,44.86723,False
Staraya Derevnya,Russian Federation,66,35000,59.98834,30.24296,False
Staraya Kupavna,Russian Federation,47,22099,55.80799,38.1805,False
Staraya Russa,Russian Federation,52,34303,57.99618,31.36003,False
Staroderevyankovskaya,Russian Federation,38,12918,46.12761,38.9674,False
Starodub,Russian Federation,10,18539,52.58501,32.76314,False
Starokamyshinsk,Russian Federation,13,11158,55.03912,61.58778,False
Starokorsunskaya,Russian Federation,38,10915,45.05727,39.31611,False
Starominskaya,Russian Federation,38,30461,46.53094,39.05163,False
Staromyshastovskaya,Russian Federation,38,10625,45.34329,39.07608,False
Staronizhestebliyevskaya,Russian Federation,38,10478,45.38315,38.44304,False
Staroshcherbinovskaya,Russian Federation,38,18785,46.63033,38.66379,False
Starotitarovskaya,Russian Federation,38,12351,45.21938,37.15476,False
Starovelichkovskaya,Russian Federation,38,13111,45.42884,38.73261,False
Staryy Malgobek,Russian Federation,19,46334,43.54437,44.59592,False
Staryy Oskol,Russian Federation,09,226977,51.3025,37.84613,False
Staryye Atagi,Russian Federation,12,10183,43.12028,45.74056,False
Stavropol,Russian Federation,70,433931,45.03442,41.9642,False
Stepnoye,Russian Federation,67,14035,51.37985,46.84885,False
Sterlitamak,Russian Federation,08,267231,53.63793,55.9533,False
Strel'na,Russian Federation,66,12800,59.85189,30.03611,False
Strezhevoy,Russian Federation,75,44784,60.7333,77.5889,False
Strogino,Russian Federation,48,152000,55.81838,37.41224,False
Stroitel,Russian Federation,09,18636,50.78816,36.47751,False
Strunino,Russian Federation,83,15483,56.37328,38.58321,False
Stupino,Russian Federation,47,60999,54.89735,38.06796,False
Sudogda,Russian Federation,83,13277,55.95171,40.87354,False
Sukhinichi,Russian Federation,25,16100,54.09989,35.34254,False
Sukhodol,Russian Federation,65,14296,53.90063,51.2117,False
Sukhoy Log,Russian Federation,71,36329,56.90832,62.03433,False
Sunzha,Russian Federation,19,71841,43.32059,45.04903,False
Sunzha,Russian Federation,68,11548,43.05862,44.82281,False
Suoyarvi,Russian Federation,28,10833,62.08807,32.37327,False
Surazh,Russian Federation,10,11962,53.01747,32.39178,False
Surgut,Russian Federation,32,300367,61.25757,73.41775,False
Surkhakhi,Russian Federation,19,16215,43.1875,44.90194,False
Surovikino,Russian Federation,84,20677,48.60974,42.8569,False
Suvorov,Russian Federation,76,21059,54.1223,36.49657,False
Suvorovskaya,Russian Federation,70,17261,44.1901,42.6595,False
Suzdal’,Russian Federation,83,11183,56.42408,40.44978,False
Suzun,Russian Federation,53,15365,53.78457,82.31595,False
Svetlanovskiy,Russian Federation,42,85508,60.00276,30.33051,False
Svetlogorsk,Russian Federation,23,11000,54.93987,20.15479,False
Svetlograd,Russian Federation,70,39727,45.32736,42.8562,False
Svetlyy,Russian Federation,67,12222,51.6737,45.63054,False
Svetlyy,Russian Federation,23,22119,54.67501,20.13473,False
Svetlyy Yar,Russian Federation,84,13131,48.47449,44.78504,False
Svetogorsk,Russian Federation,42,15733,61.11213,28.86321,False
Sviblovo,Russian Federation,48,60000,55.85,37.63333,False
Svirsk,Russian Federation,20,14717,53.09108,103.34345,False
Svobodnyy,Russian Federation,05,61017,51.37498,128.1401,False
Svobody,Russian Federation,70,17661,44.02556,43.05028,False
Syas’stroy,Russian Federation,42,13300,60.13669,32.56906,False
Syktyvkar,Russian Federation,34,245083,61.66393,50.8163,False
Sysert’,Russian Federation,71,21942,56.50171,60.81978,False
Syzran,Russian Federation,65,189338,53.1585,48.4681,False
Taganrog,Russian Federation,61,279056,47.23627,38.9053,False
Taganskiy,Russian Federation,48,116000,55.73333,37.66667,False
Taksimo,Russian Federation,11,10359,56.34543,114.89428,False
Taldom,Russian Federation,47,13112,56.73097,37.52824,False
Talitsa,Russian Federation,71,19100,56.8804,60.0213,False
Talitsa,Russian Federation,71,18602,57.01094,63.73347,False
Talnakh,Russian Federation,91,59051,69.4865,88.3972,False
Talovaya,Russian Federation,86,13367,51.11962,40.7251,False
Tal’menka,Russian Federation,04,18900,53.82146,83.57063,False
Tambov,Russian Federation,72,293661,52.73632,41.44102,False
Tara,Russian Federation,54,26986,56.89603,74.36938,False
Tarki,Russian Federation,17,10554,42.94423,47.49527,False
Tarko-Sale,Russian Federation,87,18568,64.91611,77.77457,False
Tarusa,Russian Federation,25,10180,54.72467,37.1722,False
Tashtagol,Russian Federation,29,22779,52.76797,87.88803,False
Tatarsk,Russian Federation,53,25150,55.2213,75.98154,False
Tatsinskaya,Russian Federation,61,11258,48.19448,41.27972,False
Tavda,Russian Federation,71,39480,58.04203,65.27165,False
Tavricheskoye,Russian Federation,54,13063,54.58744,73.63733,False
Tayga,Russian Federation,29,24328,56.06541,85.62179,False
Tayshet,Russian Federation,20,37766,55.93276,97.98964,False
Tbilisskaya,Russian Federation,38,24446,45.36452,40.19679,False
Tekstil’shchiki,Russian Federation,48,100000,55.70033,37.74271,False
Temryuk,Russian Federation,38,36546,45.26885,37.39752,False
Terek,Russian Federation,22,21180,43.48329,44.13781,False
Tetyushi,Russian Federation,73,11826,54.93768,48.83267,False
Teykovo,Russian Federation,21,36015,56.85853,40.54028,False
Tikhoretsk,Russian Federation,38,64387,45.85307,40.11874,False
Tikhvin,Russian Federation,42,62075,59.63924,33.52555,False
Timashyovsk,Russian Federation,38,53940,45.61694,38.94528,False
Tobolsk,Russian Federation,78,113800,58.19807,68.25457,False
Toguchin,Russian Federation,53,21886,55.238,84.40282,False
Tolbazy,Russian Federation,08,10183,54.01106,55.88688,False
Tolyatti,Russian Federation,65,702879,53.5303,49.3461,False
Tomilino,Russian Federation,47,28310,55.65619,37.94713,False
Tomsk,Russian Federation,75,574002,56.50049,84.98216,False
Topki,Russian Federation,29,30572,55.27705,85.6135,False
Toropets,Russian Federation,77,14187,56.49954,31.6392,False
Torzhok,Russian Federation,77,48546,57.0436,34.96221,False
Tosno,Russian Federation,42,40198,59.54,30.8775,False
Tot’ma,Russian Federation,85,10500,59.97375,42.76487,False
Tovarkovo,Russian Federation,25,13708,54.67617,35.9386,False
Troitsk,Russian Federation,48,37591,55.48498,37.30736,False
Troitsk,Russian Federation,13,82338,54.09224,61.56756,False
Troitskaya,Russian Federation,19,23745,43.30664,44.98395,False
Troitskiy,Russian Federation,71,11081,57.06028,63.74811,False
Troitskoye,Russian Federation,04,10887,52.9826,84.68031,False
Troitskoye,Russian Federation,24,10025,46.41303,44.25788,False
Troparëvo,Russian Federation,48,118000,55.65625,37.48496,False
Trubchevsk,Russian Federation,10,16100,52.58031,33.76574,False
Trudovoye,Russian Federation,59,18484,43.30268,132.07888,False
Trëkhgornyy,Russian Federation,13,34500,54.81716,58.44753,False
Tsaritsyno,Russian Federation,48,123000,55.6254,37.65032,False
Tselina,Russian Federation,61,11075,46.53421,41.03158,False
Tsimlyansk,Russian Federation,61,15341,47.64801,42.09345,False
Tsivil’sk,Russian Federation,16,13252,55.86974,47.47874,False
Tsotsin-Yurt,Russian Federation,12,15970,43.24206,46.00013,False
Tuapse,Russian Federation,38,64234,44.10083,39.08326,False
Tuchkovo,Russian Federation,47,16826,55.60111,36.46806,False
Tula,Russian Federation,76,482873,54.19609,37.61822,False
Tulun,Russian Federation,20,51330,54.56759,100.57659,False
Turinsk,Russian Federation,71,18555,58.04575,63.69605,False
Tutayev,Russian Federation,88,43828,57.87292,39.52969,False
Tuymazy,Russian Federation,08,68829,54.60638,53.71179,False
Tver,Russian Federation,77,420065,56.85836,35.90057,False
Tyazhinskiy,Russian Federation,29,13716,56.11028,88.51904,False
Tynda,Russian Federation,05,37335,55.14941,124.73676,False
Tyoply Stan,Russian Federation,48,125000,55.62047,37.49338,False
Tyrnyauz,Russian Federation,22,20104,43.38278,42.91833,False
Tyukalinsk,Russian Federation,54,11935,55.87245,72.19796,False
Tyul’gan,Russian Federation,55,10200,52.34127,56.16157,False
Tyumen,Russian Federation,78,768358,57.15222,65.52722,False
Uchaly,Russian Federation,08,37788,54.35806,59.43611,False
Uchkeken,Russian Federation,27,15118,43.94508,42.51652,False
Udachny,Russian Federation,63,15266,66.42989,112.4021,False
Udel’naya,Russian Federation,47,13357,55.636,38.045,False
Udomlya,Russian Federation,77,32373,57.87597,35.00702,False
Ufa,Russian Federation,08,1120547,54.74306,55.96779,False
Uglegorsk,Russian Federation,64,12669,49.0799,142.06875,False
Uglich,Russian Federation,88,37732,57.52322,38.32258,False
Uglovoye,Russian Federation,59,12429,43.33194,132.08555,False
Ukhta,Russian Federation,34,102187,63.56904,53.69141,False
Ulan-Ude,Russian Federation,11,360278,51.82648,107.59979,False
Ulyanovsk,Russian Federation,81,626540,54.32824,48.38657,False
Unecha,Russian Federation,10,29028,52.84294,32.68761,False
Untolovo,Russian Federation,42,50000,60.0122,30.20897,False
Uray,Russian Federation,32,39878,60.13044,64.78896,False
Uren’,Russian Federation,51,12309,57.46125,45.78558,False
Uritsk,Russian Federation,66,55037,59.83889,30.17528,False
Urus-Martan,Russian Federation,12,41480,43.13053,45.53791,False
Urussu,Russian Federation,73,11279,54.59701,53.45625,False
Uryupinsk,Russian Federation,84,41644,50.806,42.00923,False
Urzhum,Russian Federation,33,11333,57.11442,49.99925,False
Usinsk,Russian Federation,34,44078,66.00866,57.53054,False
Usman’,Russian Federation,43,19910,52.04479,39.72569,False
Usol’ye-Sibirskoye,Russian Federation,20,85900,52.75194,103.64528,False
Uspenskoye,Russian Federation,38,11843,44.83182,41.38647,False
Ussuriysk,Russian Federation,59,157068,43.80467,131.95734,False
Ustyuzhna,Russian Federation,85,10566,58.8394,36.4321,False
Ust’-Abakan,Russian Federation,31,14696,53.83573,91.39047,False
Ust’-Donetskiy,Russian Federation,61,11357,47.64377,40.8718,False
Ust’-Dzheguta,Russian Federation,27,34001,44.0834,41.9763,False
Ust’-Ilimsk,Russian Federation,20,100271,58.00056,102.66194,False
Ust’-Katav,Russian Federation,13,25046,54.9366,58.1757,False
Ust’-Kinel’skiy,Russian Federation,65,10634,53.2682,50.57815,False
Ust’-Kut,Russian Federation,20,48202,56.7979,105.78657,False
Ust’-Labinsk,Russian Federation,38,44088,45.21439,39.6884,False
Ust’-Ordynskiy,Russian Federation,20,14538,52.80878,104.74705,False
Uva,Russian Federation,80,19143,56.99081,52.18517,False
Uvarovo,Russian Federation,72,28771,51.982,42.26175,False
Uvel’skiy,Russian Federation,13,11293,54.44321,61.35548,False
Uyar,Russian Federation,91,13167,55.81473,94.32718,False
Uzhur,Russian Federation,91,15637,55.3175,89.83129,False
Uzlovaya,Russian Federation,76,58458,53.9839,38.15984,False
Vagonoremont,Russian Federation,48,50000,55.9,37.55,False
Vakhrushi,Russian Federation,33,10330,58.68472,50.02611,False
Valday,Russian Federation,52,18549,57.97729,33.25153,False
Valuyki,Russian Federation,09,35887,50.19661,38.11674,False
Vanino,Russian Federation,30,18618,49.09821,140.25207,False
Varenikovskaya,Russian Federation,38,14409,45.12085,37.64171,False
Vasil’yevo,Russian Federation,73,16800,55.83007,48.71729,False
Vaskelovo,Russian Federation,42,12388,60.39571,30.35419,False
Vasyl'evsky Ostrov,Russian Federation,66,203058,59.94091,30.25377,False
Vasyurinskaya,Russian Federation,38,12830,45.11809,39.42399,False
Vatutino,Russian Federation,48,50000,55.88441,37.69055,False
Velikiy Novgorod,Russian Federation,52,222868,58.52131,31.27104,False
Velikiy Ustyug,Russian Federation,85,32642,60.76186,46.31352,False
Velikiye Luki,Russian Federation,60,103149,56.34063,30.54377,False
Vel’sk,Russian Federation,06,23126,61.06919,42.0992,False
Venëv,Russian Federation,76,15700,54.35074,38.26304,False
Vereshchagino,Russian Federation,90,22451,58.07815,54.65648,False
Verkhnedneprovskiy,Russian Federation,69,13903,54.98131,33.34573,False
Verkhneural’sk,Russian Federation,13,10267,53.87897,59.21651,False
Verkhniy Tagil,Russian Federation,71,12358,57.37416,59.95422,False
Verkhniy Ufaley,Russian Federation,13,33245,56.0549,60.22566,False
Verkhnyaya Pyshma,Russian Federation,71,59061,56.97047,60.58219,False
Verkhnyaya Salda,Russian Federation,71,48992,58.045,60.551,False
Verkhnyaya Sinyachikha,Russian Federation,71,10964,57.97604,61.66733,False
Verkhnyaya Tura,Russian Federation,71,10608,58.36083,59.80667,False
Veshnyaki,Russian Federation,48,122000,55.72393,37.81952,False
Vetluzhskiy,Russian Federation,37,13229,58.39016,45.46543,False
Vichuga,Russian Federation,21,39071,57.2145,41.92555,False
Vidnoye,Russian Federation,47,51721,55.5523,37.70885,False
Vikhorevka,Russian Federation,20,22500,56.12128,101.17767,False
Vilyuchinsk,Russian Federation,92,25204,52.93196,158.40585,False
Vinzili,Russian Federation,78,11219,56.95938,65.7708,False
Vladikavkaz,Russian Federation,68,306258,43.04101,44.66986,False
Vladimir,Russian Federation,83,357024,56.13854,40.39976,False
Vladivostok,Russian Federation,59,604901,43.10562,131.87353,False
Vnukovo,Russian Federation,48,20000,55.61194,37.29611,False
Volchansk,Russian Federation,71,10403,59.9378,60.081,False
Volchikha,Russian Federation,04,11212,52.02023,80.36124,False
Volgodonsk,Russian Federation,61,167731,47.51141,42.15269,False
Volgograd,Russian Federation,84,1013533,48.71378,44.4976,False
Volgorechensk,Russian Federation,37,17700,57.44441,41.16335,False
Volkhov,Russian Federation,42,45673,59.92335,32.33966,False
Volodarsk,Russian Federation,51,10862,56.22547,43.17585,False
Vologda,Russian Federation,85,312420,59.2239,39.88398,False
Volokolamsk,Russian Federation,47,25000,56.03361,35.96944,False
Volokonovka,Russian Federation,09,12413,50.48504,37.86093,False
Volosovo,Russian Federation,42,12096,59.44525,29.48911,False
Volzhsk,Russian Federation,45,58000,55.86661,48.35931,False
Volzhsky,Russian Federation,84,323293,48.78583,44.77973,False
Vol’sk,Russian Federation,67,70500,52.04172,47.38267,False
Vorgashor,Russian Federation,34,18946,67.58355,63.79399,False
Vorkuta,Russian Federation,34,80039,67.50867,64.0667,False
Vorob’yovo,Russian Federation,48,30000,55.71667,37.53333,False
Voronezh,Russian Federation,86,1047549,51.66833,39.19204,False
Vorotynsk,Russian Federation,25,10977,54.42828,36.04646,False
Vorsma,Russian Federation,51,12362,55.99062,43.27249,False
Voskresensk,Russian Federation,47,77086,55.313,38.691,False
Vostochnoe Degunino,Russian Federation,48,95000,55.8801,37.55758,False
Vostochnyy,Russian Federation,48,13011,55.81667,37.86667,False
Vostryakovo,Russian Federation,47,16509,55.39934,37.80829,False
Vostryakovo,Russian Federation,47,30000,55.66667,37.45,False
Votkinsk,Russian Federation,80,98633,57.04867,53.9872,False
Vrangel’,Russian Federation,59,20000,42.73012,133.08381,False
Vsevolozhsk,Russian Federation,42,48224,60.01512,30.67314,False
Vuktyl,Russian Federation,34,13693,63.8478,57.30987,False
Vurnary,Russian Federation,16,10825,55.49044,46.96479,False
Vyatskiye Polyany,Russian Federation,33,39534,56.22912,51.06098,False
Vyazemskiy,Russian Federation,30,15247,47.53342,134.75785,False
Vyazniki,Russian Federation,83,39243,56.24227,42.14911,False
Vyaz’ma,Russian Federation,69,55500,55.20997,34.29695,False
Vyborg,Russian Federation,42,78633,60.70763,28.75283,False
Vychegodskiy,Russian Federation,06,12923,61.24702,46.89842,False
Vykhino-Zhulebino,Russian Federation,48,216000,55.70196,37.81178,False
Vyksa,Russian Federation,51,61664,55.32058,42.17402,False
Vyritsa,Russian Federation,42,11107,59.40778,30.34806,False
Vyselki,Russian Federation,38,18746,45.58058,39.65741,False
Vyshniy Volochëk,Russian Federation,77,53800,57.5888,34.56854,False
Vysokovsk,Russian Federation,47,10772,56.31667,36.55,False
Vytegra,Russian Federation,85,11099,61.00636,36.44811,False
Yablonovskiy,Russian Federation,01,33431,44.98901,38.94324,False
Yadrin,Russian Federation,16,10735,55.94052,46.20622,False
Yagry,Russian Federation,06,40000,64.59417,39.81028,False
Yakhroma,Russian Federation,47,12666,56.30055,37.4577,False
Yakutsk,Russian Federation,63,235600,62.03114,129.72288,False
Yalutorovsk,Russian Federation,78,35892,56.65317,66.30048,False
Yanaul,Russian Federation,08,27963,56.27233,54.92964,False
Yaransk,Russian Federation,33,19557,57.30496,47.87387,False
Yaroslavl,Russian Federation,88,608722,57.62987,39.87368,False
Yaroslavskiy,Russian Federation,59,10010,44.18624,132.22865,False
Yaroslavskiy,Russian Federation,48,91000,55.88333,37.71667,False
Yarovoye,Russian Federation,04,21195,52.92656,78.57508,False
Yartsevo,Russian Federation,69,52706,55.06491,32.69693,False
Yasenevo,Russian Federation,48,180000,55.60686,37.51991,False
Yashkino,Russian Federation,29,15197,55.87377,85.4338,False
Yasnogorsk,Russian Federation,76,18022,54.48091,37.6982,False
Yasnyy,Russian Federation,55,17359,51.03534,59.87234,False
Yaya,Russian Federation,29,13238,56.19905,86.43421,False
Yayva,Russian Federation,90,10615,59.3347,57.2592,False
Yefremov,Russian Federation,76,45497,53.13762,38.11856,False
Yegorlykskaya,Russian Federation,61,17978,46.56587,40.6571,False
Yegor’yevsk,Russian Federation,47,85200,55.37952,39.04122,False
Yekaterinburg,Russian Federation,71,1495066,56.85733,60.61529,False
Yekaterinoslavka,Russian Federation,05,10178,50.3737,129.11074,False
Yelabuga,Russian Federation,73,72643,55.76232,52.04425,False
Yelan’,Russian Federation,84,15181,50.9488,43.73709,False
Yelets,Russian Federation,43,115688,52.61435,38.50935,False
Yelizavetinskaya,Russian Federation,38,19306,45.04616,38.79491,False
Yelizovo,Russian Federation,92,40692,53.18936,158.38282,False
Yel’nya,Russian Federation,69,10050,54.57735,33.18474,False
Yemanzhelinsk,Russian Federation,13,29849,54.75472,61.32083,False
Yemel’yanovo,Russian Federation,91,10800,56.1703,92.67208,False
Yemetsk,Russian Federation,06,12000,63.47191,41.78023,False
Yemva,Russian Federation,34,16404,62.5879,50.8634,False
Yeniseysk,Russian Federation,91,19920,58.45073,92.17243,False
Yermolino,Russian Federation,25,10100,55.19489,36.59513,False
Yershov,Russian Federation,67,23681,51.35595,48.27269,False
Yessentuki,Russian Federation,70,81015,44.04826,42.85638,False
Yessentukskaya,Russian Federation,70,19956,44.02583,42.87491,False
Yeysk,Russian Federation,38,87814,46.69263,38.27907,False
Yoshkar-Ola,Russian Federation,45,268272,56.63877,47.89078,False
Yubileyny,Russian Federation,47,32508,55.93333,37.83333,False
Yugorsk,Russian Federation,32,30878,61.31226,63.33067,False
Yurga,Russian Federation,29,84220,55.72306,84.88611,False
Yuryuzan’,Russian Federation,13,13424,54.86333,58.42194,False
Yur’yev-Pol’skiy,Russian Federation,83,19906,56.5046,39.67931,False
Yur’yevets,Russian Federation,21,11488,57.31213,43.10395,False
Yushkovo,Russian Federation,47,25324,55.55741,36.97176,False
Yuzha,Russian Federation,21,14678,56.58374,42.01177,False
Yuzhno-Sakhalinsk,Russian Federation,64,198973,46.9543,142.73559,False
Yuzhno-Sukhokumsk,Russian Federation,17,10665,44.66033,45.6475,False
Yuzhnoural’sk,Russian Federation,13,39200,54.44845,61.26434,False
Yuzhnyy,Russian Federation,04,19515,53.25417,83.69361,False
Zabaykal’sk,Russian Federation,93,10563,49.65137,117.32674,False
Zadonsk,Russian Federation,43,10326,52.3904,38.9261,False
Zagor’ye,Russian Federation,48,30000,55.57657,37.66709,False
Zainsk,Russian Federation,73,42044,55.3195,52.06942,False
Zakamensk,Russian Federation,11,12250,50.37627,103.28706,False
Zamoskvorech’ye,Russian Federation,48,55000,55.73333,37.63333,False
Zaozyornyy,Russian Federation,91,10336,55.9618,94.707,False
Zaozërsk,Russian Federation,49,13429,69.40135,32.44837,False
Zapolyarnyy,Russian Federation,49,17789,69.426,30.811,False
Zaprudnya,Russian Federation,47,12517,56.56667,37.43333,False
Zaraysk,Russian Federation,47,24637,54.76327,38.88076,False
Zarechnyy,Russian Federation,71,27758,56.811,61.3254,False
Zarechnyy,Russian Federation,57,63579,53.20356,45.19227,False
Zarechnyy,Russian Federation,57,62139,53.13333,46.58333,False
Zarinsk,Russian Federation,04,52209,53.70821,84.94307,False
Zarya,Russian Federation,47,27000,55.75533,38.09578,False
Zavety Il’icha,Russian Federation,47,20000,56.04284,37.85153,False
Zavitinsk,Russian Federation,05,13198,50.11105,129.44035,False
Zavodoukovsk,Russian Federation,78,25682,56.50328,66.54672,False
Zavodskoy,Russian Federation,59,14865,43.45916,132.28384,False
Zavolzhsk,Russian Federation,21,12847,57.48198,42.13821,False
Zavolzh’ye,Russian Federation,51,42900,56.64051,43.39446,False
Zayukovo,Russian Federation,22,10559,43.61611,43.33389,False
Zelenchukskaya,Russian Federation,27,21117,43.85495,41.59019,False
Zelenodolsk,Russian Federation,73,99600,55.84376,48.51784,False
Zelenogorsk,Russian Federation,91,71354,56.10921,94.58698,False
Zelenogorsk,Russian Federation,66,14958,60.19968,29.70183,False
Zelenograd,Russian Federation,48,215727,55.9825,37.18139,False
Zelenogradsk,Russian Federation,23,15644,54.95893,20.47668,False
Zelenokumsk,Russian Federation,70,41306,44.41044,43.88007,False
Zemetchino,Russian Federation,57,11928,53.4973,42.61632,False
Zernograd,Russian Federation,61,29268,46.84862,40.31164,False
Zeya,Russian Federation,05,26999,53.73586,127.25598,False
Zheleznodorozhnyy,Russian Federation,47,141648,55.744,38.01684,False
Zheleznogorsk,Russian Federation,41,97900,52.34198,35.35917,False
Zheleznogorsk,Russian Federation,91,93834,56.25109,93.53142,False
Zheleznogorsk-Ilimskiy,Russian Federation,20,28456,56.57665,104.12968,False
Zheleznovodsk,Russian Federation,70,24632,44.14318,43.00475,False
Zherdevka,Russian Federation,72,16019,51.85429,41.45488,False
Zhigulëvsk,Russian Federation,65,57094,53.40332,49.51055,False
Zhirnovsk,Russian Federation,84,17887,50.97879,44.77894,False
Zhukov,Russian Federation,25,12300,55.02381,36.7422,False
Zhukovka,Russian Federation,10,19690,53.53381,33.73075,False
Zhukovsky,Russian Federation,47,97200,55.59528,38.12028,False
Zhulebino,Russian Federation,48,150000,55.7,37.85,False
Zima,Russian Federation,20,33323,53.9202,102.0442,False
Zimovniki,Russian Federation,61,17678,47.14623,42.47044,False
Zlatoust,Russian Federation,13,191366,55.17182,59.65471,False
Zmeinogorsk,Russian Federation,04,11514,51.15814,82.1941,False
Znamenka,Russian Federation,56,11995,52.89789,35.97703,False
Znamensk,Russian Federation,07,31922,48.5842,45.7338,False
Znamenskoye,Russian Federation,54,13300,57.12735,73.82614,False
Zubova Polyana,Russian Federation,46,10119,54.07813,42.83645,False
Zuyevka,Russian Federation,33,11953,58.40244,51.13227,False
Zvenigorod,Russian Federation,47,16395,55.73401,36.85918,False
Zvenigovo,Russian Federation,45,12484,55.97484,48.0178,False
Zverevo,Russian Federation,61,24978,48.02708,40.12305,False
Zyablikovo,Russian Federation,48,129000,55.61667,37.76667,False
Zyuzino,Russian Federation,48,121000,55.65608,37.56846,False
gorod Solnetchnogorsk,Russian Federation,47,62000,56.18595,36.97561,False
Apatin,Serbia,VO,18320,45.6726,18.978,False
Aranđelovac,Serbia,SE,24309,44.30694,20.56,False
Bačka Palanka,Serbia,VO,29449,45.24966,19.39664,False
Bačka Topola,Serbia,VO,16154,45.81516,19.6318,False
Bela Crkva,Serbia,VO,10675,44.8975,21.41722,False
Belgrade,Serbia,SE,1273651,44.80401,20.46513,True
Bečej,Serbia,VO,25774,45.61632,20.03331,False
Bor,Serbia,SE,39387,44.07488,22.09591,False
Futog,Serbia,VO,18018,45.23874,19.71416,False
Gornji Milanovac,Serbia,SE,23982,44.02603,20.46152,False
Inđija,Serbia,VO,24450,45.04816,20.08165,False
Jagodina,Serbia,SE,35589,43.97713,21.26121,False
Kanjiža,Serbia,VO,10200,46.06667,20.05,False
Kać,Serbia,VO,11067,45.30407,19.94299,False
Kikinda,Serbia,VO,41935,45.82972,20.46528,False
Knjazevac,Serbia,SE,25000,43.56634,22.25701,False
Kovin,Serbia,VO,14250,44.7475,20.97611,False
Kragujevac,Serbia,SE,147473,44.01667,20.91667,False
Kraljevo,Serbia,SE,82846,43.72583,20.68944,False
Kruševac,Serbia,SE,75256,43.58,21.33389,False
Lazarevac,Serbia,SE,23551,44.38534,20.2557,False
Leskovac,Serbia,SE,94758,42.99806,21.94611,False
Loznica,Serbia,SE,19515,44.53118,19.24267,False
Majdanpek,Serbia,SE,10071,44.42771,21.94596,False
Negotin,Serbia,SE,17612,44.22639,22.53083,False
Niš,Serbia,SE,250000,43.32472,21.90333,False
Nova Pazova,Serbia,VO,15488,44.94366,20.21931,False
Novi Pazar,Serbia,SE,85996,43.13667,20.51222,False
Novi Sad,Serbia,VO,215400,45.25167,19.83694,False
Obrenovac,Serbia,SE,16821,44.65486,20.20017,False
Pančevo,Serbia,VO,76654,44.87177,20.64167,False
Petrovaradin,Serbia,VO,13917,45.24667,19.87944,False
Pirot,Serbia,SE,40678,43.15306,22.58611,False
Požarevac,Serbia,SE,41736,44.62133,21.18782,False
Prokuplje,Serbia,SE,27673,43.23417,21.58806,False
Ripanj,Serbia,SE,11000,44.63864,20.52136,False
Ruma,Serbia,VO,32229,45.00806,19.82222,False
Senta,Serbia,VO,20302,45.9275,20.07722,False
Smederevo,Serbia,SE,62000,44.66436,20.92763,False
Smederevska Palanka,Serbia,SE,27000,44.36548,20.95885,False
Sombor,Serbia,VO,48454,45.77417,19.11222,False
Sremska Kamenica,Serbia,VO,14205,45.22334,19.84263,False
Sremska Mitrovica,Serbia,VO,39084,44.97639,19.61222,False
Sremčica,Serbia,SE,23000,44.67653,20.39232,False
Stara Pazova,Serbia,VO,16217,44.985,20.16083,False
Subotica,Serbia,VO,100000,46.1,19.66667,False
Surčin,Serbia,SE,12575,44.79306,20.28028,False
Trstenik,Serbia,SE,49043,43.61694,21.0025,False
Užice,Serbia,SE,63577,43.85861,19.84878,False
Valjevo,Serbia,SE,61035,44.27513,19.89821,False
Veternik,Serbia,VO,10226,45.25446,19.7588,False
Vranje,Serbia,SE,56199,42.55139,21.90028,False
Vrbas,Serbia,VO,25907,45.57139,19.64083,False
Vrnjačka Banja,Serbia,SE,10207,43.62725,20.89634,False
Vršac,Serbia,VO,36300,45.11667,21.30361,False
Zaječar,Serbia,SE,49800,43.90358,22.26405,False
Zemun,Serbia,SE,155591,44.8458,20.40116,False
Zrenjanin,Serbia,VO,79773,45.38361,20.38194,False
Ćuprija,Serbia,SE,20585,43.9275,21.37,False
Čačak,Serbia,SE,117072,43.89139,20.34972,False
Šabac,Serbia,SE,55114,44.74667,19.69,False
Banská Bystrica,Slovakia,01,74590,48.73947,19.14932,False
Bardejov,Slovakia,05,30267,49.29175,21.27271,False
Bratislava,Slovakia,02,423737,48.14816,17.10674,True
Brezno,Slovakia,01,19866,48.80431,19.63631,False
Bytča,Slovakia,08,11491,49.22404,18.55878,False
Bánovce nad Bebravou,Slovakia,06,16486,48.7213,18.25754,False
Detva,Slovakia,01,13666,48.56082,19.41954,False
Devínska Nová Ves,Slovakia,02,17153,48.20711,16.9786,False
Dlhé diely,Slovakia,02,30000,48.15454,17.04607,False
Dolný Kubín,Slovakia,08,17660,49.20983,19.30341,False
Dubnica nad Váhom,Slovakia,06,21914,48.95981,18.16634,False
Dunajská Streda,Slovakia,07,22730,47.99268,17.61211,False
Dúbravka,Slovakia,02,35518,48.18872,17.03521,False
Galanta,Slovakia,07,15277,48.19001,17.72747,False
Handlová,Slovakia,06,15694,48.7276,18.76012,False
Hlohovec,Slovakia,07,19883,48.43174,17.8031,False
Holíč,Slovakia,07,11024,48.81105,17.16238,False
Humenné,Slovakia,05,30450,48.93707,21.91625,False
Karlova Ves,Slovakia,02,35644,48.15344,17.05522,False
Kežmarok,Slovakia,05,15271,49.13571,20.43352,False
Kolárovo,Slovakia,04,10470,47.92294,17.98467,False
Komárno,Slovakia,04,32287,48.11667,18.31667,False
Komárno,Slovakia,04,32287,47.76356,18.12263,False
Košice,Slovakia,03,225044,48.71441,21.25802,False
Kysucké Nové Mesto,Slovakia,08,14350,49.3,18.78333,False
Levice,Slovakia,04,30556,48.21563,18.60705,False
Levoča,Slovakia,05,13979,49.02173,20.59212,False
Liptovský Mikuláš,Slovakia,08,30162,49.08061,19.62218,False
Lučenec,Slovakia,01,25191,48.33249,19.66708,False
Malacky,Slovakia,02,18804,48.43604,17.02188,False
Martin,Slovakia,08,51139,49.06651,18.92399,False
Michalovce,Slovakia,03,35874,48.75434,21.9195,False
Moldava nad Bodvou,Slovakia,03,10266,48.61428,20.99957,False
Myjava,Slovakia,06,10626,48.75876,17.56866,False
Nitra,Slovakia,04,86329,48.30763,18.08453,False
Nová Dubnica,Slovakia,06,10425,48.93479,18.14632,False
Nové Mesto nad Váhom,Slovakia,06,19325,48.75763,17.8309,False
Nové Zámky,Slovakia,04,36781,47.98544,18.16195,False
Partizánske,Slovakia,06,20739,48.62861,18.38455,False
Petržalka,Slovakia,02,112380,48.12331,17.12866,False
Pezinok,Slovakia,02,24443,48.28986,17.26664,False
Piešťany,Slovakia,07,26862,48.59479,17.82591,False
Podunajské Biskupice,Slovakia,02,23464,48.13246,17.20963,False
Poprad,Slovakia,05,49091,49.06144,20.29798,False
Považská Bystrica,Slovakia,06,37483,49.12153,18.42169,False
Prešov,Slovakia,05,82927,48.99923,21.2355,False
Prievidza,Slovakia,06,43645,48.77446,18.6275,False
Púchov,Slovakia,06,16995,49.12494,18.32597,False
Revúca,Slovakia,01,11033,48.68346,20.11734,False
Rimavská Sobota,Slovakia,01,21434,48.38284,20.02239,False
Rožňava,Slovakia,03,17122,48.66009,20.53758,False
Ružomberok,Slovakia,08,26671,49.0748,19.30751,False
Sabinov,Slovakia,05,12290,49.10309,21.0988,False
Senec,Slovakia,02,20115,48.21951,17.40043,False
Senica,Slovakia,07,19355,48.67922,17.36697,False
Sereď,Slovakia,07,15228,48.29117,17.73331,False
Skalica,Slovakia,07,15466,48.8449,17.22635,False
Snina,Slovakia,05,22221,48.98857,22.15099,False
Spišská Nová Ves,Slovakia,03,34855,48.94464,20.56153,False
Stará Ľubovňa,Slovakia,05,15667,49.29859,20.6862,False
Staré Mesto,Slovakia,02,46080,48.15039,17.09002,False
Stupava,Slovakia,02,12744,48.27474,17.03173,False
Topoľčany,Slovakia,04,24086,48.56361,18.16712,False
Trebišov,Slovakia,03,22851,48.62858,21.71954,False
Trenčín,Slovakia,06,58278,48.89452,18.04436,False
Trnava,Slovakia,07,62806,48.37773,17.58603,False
Veľký Krtíš,Slovakia,01,10552,48.21059,19.35043,False
Vrakuňa,Slovakia,02,20711,48.1383,17.20866,False
Vranov nad Topľou,Slovakia,05,20595,48.88836,21.68479,False
Zlaté Moravce,Slovakia,04,11803,48.38553,18.40063,False
Zvolen,Slovakia,01,39844,48.57442,19.15324,False
Čadca,Slovakia,08,22655,49.43503,18.78895,False
Šamorín,Slovakia,07,13566,48.03015,17.30972,False
Šaľa,Slovakia,04,20239,48.15127,17.88062,False
Žiar nad Hronom,Slovakia,01,16955,48.59184,18.84958,False
Žilina,Slovakia,08,81219,49.22315,18.73941,False
Celje,Slovenia,11,38059,46.23092,15.26044,False
Domžale,Slovenia,G7,13204,46.13774,14.59371,False
Izola,Slovenia,40,11223,45.53661,13.66015,False
Jesenice,Slovenia,H4,13255,46.4324,14.06232,False
Kamnik,Slovenia,H6,13644,46.22587,14.61207,False
Koper,Slovenia,50,25753,45.5482,13.72963,False
Kranj,Slovenia,52,37966,46.23887,14.35561,False
Ljubljana,Slovenia,61,272220,46.05108,14.50513,True
Maribor,Slovenia,J2,96209,46.55583,15.64593,False
Murska Sobota,Slovenia,80,11107,46.66264,16.16643,False
Nova Gorica,Slovenia,84,13031,45.95604,13.64837,False
Novo Mesto,Slovenia,J7,24446,45.80397,15.16886,False
Ptuj,Slovenia,K7,17984,46.42005,15.87018,False
Trbovlje,Slovenia,D3,15163,46.1541,15.05178,False
Velenje,Slovenia,D7,24327,46.35719,15.11277,False
Škofja Loka,Slovenia,B9,11619,46.16551,14.30626,False
A Coruña,Spain,58,250438,43.37135,-8.396,False
A Estrada,Spain,58,20661,42.68911,-8.48842,False
Abarán,Spain,31,13030,38.20551,-1.39907,False
Abrantes,Spain,29,31691,40.37898,-3.72617,False
Abrera,Spain,56,11815,41.51682,1.901,False
Acacias,Spain,29,36069,40.40107,-3.70726,False
Adeje,Spain,53,43204,28.12271,-16.726,False
Adelfas,Spain,29,18832,40.40112,-3.67097,False
Adra,Spain,51,24373,36.74831,-3.02076,False
Aguadulce,Spain,51,13886,36.81409,-2.57235,False
Aguilar,Spain,51,13509,37.51476,-4.65717,False
Agüimes,Spain,53,28924,27.90539,-15.44609,False
Alameda de Osuna,Spain,29,19685,40.45178,-3.58667,False
Alaquàs,Spain,60,29341,39.45568,-0.461,False
Albacete,Spain,54,173050,38.99424,-1.85643,False
Albal,Spain,60,15443,39.4,-0.41667,False
Albatera,Spain,60,11745,38.17902,-0.87059,False
Alberic,Spain,60,11175,39.11667,-0.51667,False
Albolote,Spain,51,17089,37.23088,-3.6551,False
Alboraya,Spain,60,24222,39.5,-0.35,False
Albox,Spain,51,11178,37.38856,-2.14949,False
Alcalá de Guadaira,Spain,51,70155,37.33791,-5.83951,False
Alcalá de Henares,Spain,29,193751,40.48205,-3.35996,False
Alcalá del Río,Spain,51,10869,37.5178,-5.98185,False
Alcalá la Real,Spain,51,22783,37.4614,-3.92301,False
Alcantarilla,Spain,31,41084,37.96939,-1.21714,False
Alcaudete,Spain,51,11135,37.59091,-4.08237,False
Alcañiz,Spain,52,16392,41.05,-0.13333,False
Alcobendas,Spain,29,116037,40.54746,-3.64197,False
Alcorcón,Spain,29,172384,40.34582,-3.82487,False
Alcoy,Spain,60,61552,38.70545,-0.47432,False
Alcázar de San Juan,Spain,54,30686,39.39011,-3.20827,False
Alcúdia,Spain,07,19793,39.85316,3.12138,False
Aldaia,Spain,60,31492,39.46569,-0.46005,False
Alfafar,Spain,60,20853,39.41667,-0.38333,False
Algeciras,Spain,51,121414,36.13326,-5.45051,False
Algemesí,Spain,60,27285,39.19042,-0.43572,False
Algete,Spain,29,20204,40.59711,-3.49743,False
Alginet,Spain,60,13226,39.26667,-0.46667,False
Algorta,Spain,59,82624,43.34927,-3.0094,False
Alhama de Murcia,Spain,31,19860,37.85103,-1.42507,False
Alhaurín de la Torre,Spain,51,35114,36.66401,-4.56139,False
Alhaurín el Grande,Spain,51,23319,36.643,-4.68728,False
Alicante,Spain,60,348901,38.34517,-0.48149,False
Aljaraque,Spain,51,17960,37.26989,-7.02313,False
Almagro,Spain,29,19418,40.43285,-3.69354,False
Almansa,Spain,54,24537,38.86917,-1.09713,False
Almassora,Spain,60,25831,39.94729,-0.06313,False
Almenara,Spain,29,23057,40.47066,-3.69431,False
Almendralejo,Spain,57,33468,38.68316,-6.40747,False
Almendrales,Spain,29,22834,40.38368,-3.69931,False
Almería,Spain,51,196851,36.83814,-2.45974,False
Almonte,Spain,51,25751,37.2647,-6.51667,False
Almoradí,Spain,60,20542,38.10879,-0.79197,False
Almozara,Spain,52,25767,41.66124,-0.90169,False
Almuñécar,Spain,51,27696,36.73246,-3.69173,False
Alora,Spain,51,12951,36.82358,-4.70575,False
Alovera,Spain,54,10734,40.59368,-3.24529,False
Alpedrete,Spain,29,12797,40.65889,-4.02512,False
Altea,Spain,60,23780,38.59878,-0.05151,False
Aluche,Spain,29,66588,40.39191,-3.75669,False
Alzira,Spain,60,44393,39.15,-0.43333,False
Amorebieta,Spain,59,17842,43.21667,-2.73333,False
Amposta,Spain,56,21240,40.70995,0.57856,False
Amurrio,Spain,59,10286,43.05,-3.0,False
Andoain,Spain,59,14679,43.21658,-2.0253,False
Andratx,Spain,07,11685,39.57553,2.42017,False
Andújar,Spain,51,37113,38.03922,-4.05077,False
Antequera,Spain,51,45168,37.01938,-4.56123,False
Antigua,Spain,53,11948,28.42307,-14.01379,False
Apostol Santiago,Spain,29,15435,40.4764,-3.65942,False
Aranda de Duero,Spain,55,33187,41.67041,-3.6892,False
Aranjuez,Spain,29,54055,40.03108,-3.60246,False
Arapiles,Spain,29,24190,40.4344,-3.70803,False
Aravaca,Spain,29,27445,40.45772,-3.78282,False
Archena,Spain,31,18202,38.11631,-1.30043,False
Arcos,Spain,29,25354,40.42122,-3.61759,False
Arcos de la Frontera,Spain,51,31210,36.75075,-5.81056,False
Arenys de Mar,Spain,56,15307,41.5819,2.54936,False
Arganda,Spain,29,51489,40.30076,-3.43722,False
Arganzuela,Spain,29,148797,40.40021,-3.69618,False
Argentona,Spain,56,11633,41.55336,2.40114,False
Argüelles,Spain,29,24997,40.42821,-3.71785,False
Armilla,Spain,51,21380,37.14386,-3.62534,False
Arnedo,Spain,27,14457,42.228,-2.10083,False
Arona,Spain,53,78614,28.09962,-16.68102,False
Arrasate / Mondragón,Spain,59,22019,43.06441,-2.48977,False
Arrecife,Spain,53,61351,28.96302,-13.54769,False
Arrigorriaga,Spain,59,12435,43.21006,-2.88562,False
Arroyo de la Encomienda,Spain,55,11716,41.60956,-4.79692,False
Arroyo de la Miel,Spain,51,17763,36.59917,-4.53505,False
Arroyomolinos,Spain,29,31396,40.26951,-3.91946,False
Arteixo,Spain,58,29762,43.30482,-8.50749,False
Arucas,Spain,53,36259,28.11983,-15.52325,False
As Pontes de García Rodríguez,Spain,58,11431,43.45266,-7.85178,False
Aspe,Spain,60,20180,38.34511,-0.76721,False
Astorga,Spain,55,12078,42.45879,-6.05601,False
Atamaría,Spain,31,30000,37.59989,-0.80682,False
Atarfe,Spain,51,15399,37.22479,-3.68686,False
Atarrabia,Spain,32,10341,42.8323,-1.60735,False
Avilés,Spain,34,78715,43.55473,-5.92483,False
Ayamonte,Spain,51,20883,37.21329,-7.40807,False
Azkoitia,Spain,59,11266,43.17744,-2.31129,False
Azpeitia,Spain,59,14786,43.18246,-2.26693,False
Azuqueca de Henares,Spain,54,34685,40.56566,-3.26753,False
Badajoz,Spain,57,150530,38.87789,-6.97061,False
Badalona,Spain,56,217741,41.45004,2.24741,False
Baena,Spain,51,20915,37.6167,-4.32245,False
Baeza,Spain,51,16253,37.99384,-3.47103,False
Bailén,Spain,51,18785,38.09639,-3.77786,False
Baiona,Spain,58,12091,42.11667,-8.85,False
Balaguer,Spain,56,16841,41.79117,0.81094,False
Banyoles,Spain,56,19615,42.11667,2.76667,False
Barajas de Madrid,Spain,29,43423,40.47366,-3.57777,False
Barakaldo,Spain,59,100435,43.29639,-2.98813,False
Barañáin,Spain,32,20039,42.80567,-1.67731,False
Barbastro,Spain,52,16924,42.03565,0.12686,False
Barbate,Spain,51,22551,36.19237,-5.92186,False
Barberà del Vallès,Spain,56,31144,41.5159,2.12457,False
Barcelona,Spain,56,1686208,41.38879,2.15899,False
Barri Gòtic,Spain,56,24460,41.38364,2.17628,False
Barri de Sant Andreu,Spain,56,56818,41.43693,2.19022,False
Barri de les Corts,Spain,56,46412,41.38697,2.13472,False
Barrio de Peral,Spain,31,15937,37.62513,-0.98792,False
Basauri,Spain,59,42657,43.2397,-2.8858,False
Baza,Spain,51,23359,37.49073,-2.77259,False
Beasain,Spain,59,13557,43.05017,-2.20087,False
Bellas Vistas,Spain,29,29355,40.45245,-3.70763,False
Bembibre,Spain,55,10071,42.61771,-6.41545,False
Benaguasil,Spain,60,11011,39.6,-0.58333,False
Benalmádena,Spain,51,58854,36.5961,-4.57267,False
Benavente,Spain,55,19119,42.00249,-5.67826,False
Benetússer,Spain,60,15313,39.42265,-0.39686,False
Benicarló,Spain,60,26655,40.4165,0.42709,False
Benicàssim,Spain,60,18055,40.05,0.06667,False
Benidorm,Spain,60,70450,38.53816,-0.13098,False
Beniel,Spain,31,10933,38.04636,-1.00233,False
Benifaió,Spain,60,12204,39.28439,-0.42598,False
Benissa,Spain,60,13221,38.71492,0.04849,False
Berga,Spain,56,17160,42.10429,1.84628,False
Bergara,Spain,59,14707,43.1151,-2.4175,False
Berja,Spain,51,15035,36.84693,-2.94966,False
Bermeo,Spain,59,16937,43.42088,-2.72152,False
Berruguete,Spain,29,25694,40.45962,-3.70496,False
Betanzos,Spain,58,13680,43.28042,-8.21467,False
Bilbao,Spain,59,347342,43.26271,-2.92528,False
Blanes,Spain,56,40047,41.67419,2.79036,False
Boadilla del Monte,Spain,29,52626,40.405,-3.87835,False
Boiro,Spain,58,18883,42.64725,-8.88459,False
Bolaños de Calatrava,Spain,54,12490,38.9069,-3.66345,False
Bollullos par del Condado,Spain,51,14114,37.34127,-6.5397,False
Bormujos,Spain,51,18590,37.37358,-6.07233,False
Brenes,Spain,51,12460,37.54944,-5.87139,False
Buenavista,Spain,29,49151,40.36709,-3.74608,False
Bueu,Spain,58,12331,42.32458,-8.78497,False
Bullas,Spain,31,12493,38.04667,-1.67227,False
Burgos,Spain,55,176418,42.34106,-3.70184,False
Burjassot,Spain,60,38433,39.50984,-0.41327,False
Burlata,Spain,32,18934,42.82562,-1.61671,False
Burriana,Spain,60,34544,39.88901,-0.08499,False
Butarque,Spain,29,21316,40.33719,-3.6763,False
Béjar,Spain,55,15007,40.38641,-5.76341,False
Bétera,Spain,60,20740,39.59111,-0.46151,False
Cabra,Spain,51,21352,37.47249,-4.44206,False
Cadiz,Spain,51,116979,36.52672,-6.2891,False
Calafell,Spain,56,24265,41.19997,1.5683,False
Calahorra,Spain,27,24787,42.30506,-1.96521,False
Calasparra,Spain,31,10178,38.22997,-1.69986,False
Calatayud,Spain,52,20035,41.35353,-1.64318,False
Caldas de Reis,Spain,58,10036,42.60473,-8.6423,False
Caldes de Montbui,Spain,56,16885,41.63333,2.16667,False
Calella,Spain,56,18728,41.61381,2.65423,False
Callosa de Segura,Spain,60,17924,38.12497,-0.87822,False
Calonge,Spain,56,10637,41.85869,3.07926,False
Calp,Spain,60,23326,38.6447,0.0445,False
Calvià,Spain,07,51774,39.5657,2.50621,False
Camargo,Spain,39,30263,43.40744,-3.88498,False
Camas,Spain,51,28620,37.40202,-6.03314,False
Cambados,Spain,58,13708,42.51222,-8.8131,False
Cambre,Spain,58,23231,43.29438,-8.34736,False
Cambrils,Spain,56,32422,41.06997,1.05949,False
Campamento,Spain,29,19750,40.38644,-3.79818,False
Campiña,Spain,51,67904,38.21896,-2.98069,False
Campo de Criptana,Spain,54,15006,39.40463,-3.12492,False
Canals,Spain,60,13941,38.96251,-0.58443,False
Candelaria,Spain,53,24319,28.3548,-16.37268,False
Canet de Mar,Spain,56,14123,41.59054,2.58116,False
Cangas del Narcea,Spain,34,14589,43.18333,-6.55,False
Cangas do Morrazo,Spain,58,25748,42.26413,-8.78463,False
Canillas,Spain,29,39786,40.46396,-3.63625,False
Canillejas,Spain,29,29067,40.44838,-3.60849,False
Canovelles,Spain,56,16023,41.61667,2.28333,False
Cantillana,Spain,51,10627,37.61032,-5.82472,False
Capdepera,Spain,07,11911,39.70237,3.43532,False
Carabanchel,Spain,29,253678,40.39094,-3.7242,False
Caravaca,Spain,31,26415,38.10558,-1.86343,False
Carballo,Spain,58,31261,43.213,-8.69104,False
Carcaixent,Spain,60,21735,39.1218,-0.44812,False
Cardedeu,Spain,56,16596,41.63976,2.35739,False
Carlet,Spain,60,15527,39.2266,-0.52142,False
Carmona,Spain,51,28620,37.47125,-5.64608,False
Carrizal,Spain,53,22000,27.91161,-15.40558,False
Cartagena,Spain,31,213943,37.60197,-0.98397,False
Cartaya,Spain,51,17905,37.28114,-7.15071,False
Casa de Campo,Spain,29,12767,40.42363,-3.75305,False
Casco Histórico de Vallecas,Spain,29,40417,40.34852,-3.61621,False
Casco Histórico de Vicálvaro,Spain,29,35519,40.39241,-3.57015,False
Castalla,Spain,60,10327,38.59694,-0.67207,False
Castell-Platja d'Aro,Spain,56,10376,41.81751,3.06742,False
Castellana,Spain,29,16919,40.43355,-3.68429,False
Castellar del Vallès,Spain,56,24036,41.61667,2.08333,False
Castellbisbal,Spain,56,11977,41.47534,1.98174,False
Castelldefels,Spain,56,66375,41.27794,1.97033,False
Castelló d'Empúries,Spain,56,12111,42.25673,3.07446,False
Castelló de la Plana,Spain,60,171857,39.98567,-0.04935,False
Castilla,Spain,29,17046,40.47431,-3.67972,False
Castilleja de la Cuesta,Spain,51,17150,37.38594,-6.05258,False
Castillejos,Spain,29,20570,40.46041,-3.69413,False
Castro-Urdiales,Spain,39,31977,43.38285,-3.22043,False
Catarroja,Spain,60,27035,39.4,-0.4,False
Caudete,Spain,54,10330,38.70679,-0.98723,False
Cehegín,Spain,31,15022,38.09242,-1.7985,False
Centro,Spain,53,88546,28.1272,-15.4314,False
Cerdanyola del Vallès,Spain,56,58747,41.49109,2.14079,False
Ceuta,Spain,CE,83179,35.88919,-5.32042,False
Ceuti,Spain,31,10174,38.07859,-1.27467,False
Chamartín,Spain,29,140000,40.46206,-3.6766,False
Chamberí,Spain,29,145934,40.43404,-3.70379,False
Chiclana de la Frontera,Spain,51,83831,36.41976,-6.14367,False
Chipiona,Spain,51,19386,36.73663,-6.43703,False
Chiva,Spain,60,14167,39.46667,-0.71667,False
Chopera,Spain,29,19761,40.39476,-3.69907,False
Churriana de la Vega,Spain,51,12001,37.14499,-3.64617,False
Ciempozuelos,Spain,29,22132,40.15913,-3.62103,False
Cieza,Spain,31,34889,38.23998,-1.41987,False
Ciudad Jardín,Spain,29,18513,40.4483,-3.673,False
Ciudad Lineal,Spain,29,228171,40.44505,-3.65132,False
Ciudad Real,Spain,54,74743,38.98626,-3.92907,False
Ciudad Rodrigo,Spain,55,14080,40.6,-6.53333,False
Ciudad Universitaria,Spain,29,16364,40.45595,-3.73839,False
Ciutadella,Spain,07,29160,40.00112,3.84144,False
Ciutat Meridiana,Spain,56,10349,41.46119,2.17494,False
Ciutat Vella,Spain,56,102347,41.38022,2.17319,False
Cocentaina,Spain,60,11467,38.73975,-0.43976,False
Coll d'en Rabassa,Spain,07,10434,39.55083,2.69468,False
Collado-Villalba,Spain,29,63074,40.63506,-4.00486,False
Colmenar Viejo,Spain,29,43700,40.65909,-3.76762,False
Comillas,Spain,29,22721,40.3935,-3.71196,False
Concepción,Spain,29,20941,40.43932,-3.64928,False
Conil de la Frontera,Spain,51,22427,36.27719,-6.0885,False
Consuegra,Spain,54,10932,39.46246,-3.608,False
Corbera de Llobregat,Spain,56,13843,41.41702,1.9197,False
Coria,Spain,57,12896,39.98406,-6.53603,False
Coria del Río,Spain,51,30657,37.28766,-6.0541,False
Cornellà de Llobregat,Spain,56,87173,41.35,2.08333,False
Corralejo,Spain,53,13618,28.73079,-13.86749,False
Corvera de Asturias,Spain,34,15955,43.53554,-5.88893,False
Coslada,Spain,29,81860,40.42378,-3.56129,False
Costillares,Spain,29,21914,40.47665,-3.66852,False
Coín,Spain,51,21866,36.65947,-4.75639,False
Crevillente,Spain,60,28957,38.24994,-0.80975,False
Cuatro Caminos,Spain,29,34753,40.44682,-3.70347,False
Cubelles,Spain,56,13711,41.20772,1.67267,False
Cuenca,Spain,54,54898,40.06667,-2.13333,False
Cuevas del Almanzora,Spain,51,13025,37.29678,-1.88218,False
Cullera,Spain,60,24121,39.16667,-0.25,False
Culleredo,Spain,58,30221,43.28788,-8.38858,False
Cunit,Spain,56,12279,41.19829,1.63645,False
Cáceres,Spain,57,96068,39.47649,-6.37224,False
Cármenes,Spain,29,17903,40.40149,-3.73593,False
Cártama,Spain,51,21313,36.71068,-4.63297,False
Córdoba,Spain,51,325708,37.89155,-4.77275,False
Daimiel,Spain,54,18527,39.07004,-3.61498,False
Delicias,Spain,29,28575,40.39673,-3.68996,False
Delicias,Spain,52,110520,41.64928,-0.90757,False
Deltebre,Spain,56,11751,40.71944,0.70835,False
Denia,Spain,60,41733,38.84078,0.10574,False
Diagonal Mar,Spain,56,13448,41.40897,2.21615,False
Don Benito,Spain,57,37010,38.95627,-5.86162,False
Donostia / San Sebastián,Spain,59,185357,43.31283,-1.97499,False
Dos Hermanas,Spain,51,122943,37.28287,-5.92088,False
Dreta de l'Eixample,Spain,56,43715,41.39606,2.16688,False
Durango,Spain,59,28229,43.17124,-2.6338,False
Eibar,Spain,59,27406,43.18493,-2.47158,False
Eixample,Spain,56,266477,41.38896,2.16179,False
Ejea de los Caballeros,Spain,52,17331,42.12632,-1.13716,False
El Arahal,Spain,51,19565,37.26273,-5.5453,False
El Astillero,Spain,39,18108,43.40094,-3.82051,False
El Campello,Spain,60,27893,38.42885,-0.39774,False
El Carmel,Spain,56,31377,41.41758,2.15914,False
El Casar,Spain,57,10031,38.53089,-5.92513,False
El Ejido,Spain,51,84710,36.77629,-2.81456,False
El Escorial,Spain,29,15842,40.58254,-4.12846,False
El Goloso,Spain,29,19036,40.55342,-3.69968,False
El Grao,Spain,60,16026,39.97358,0.01284,False
El Masnou,Spain,56,23340,41.47978,2.3188,False
El Prat de Llobregat,Spain,56,63418,41.32784,2.09472,False
El Puerto de Santa María,Spain,51,88364,36.59389,-6.23298,False
El Vendrell,Spain,56,35821,41.21667,1.53333,False
El Viso,Spain,29,27274,40.44626,-3.68411,False
El Viso del Alcor,Spain,51,19191,37.39106,-5.71993,False
Elche,Spain,60,234765,38.26218,-0.70107,False
Elda,Spain,60,55168,38.47783,-0.79157,False
Elgoibar,Spain,59,11220,43.21601,-2.41334,False
Embajadores,Spain,29,46204,40.40924,-3.70246,False
Entrevías,Spain,29,35399,40.37846,-3.6739,False
Erandio,Spain,59,24262,43.30438,-2.97352,False
Ermitagaña,Spain,32,17163,42.81084,-1.66409,False
Ermua,Spain,59,16252,43.18725,-2.50261,False
Errenteria,Spain,59,38767,43.31195,-1.90234,False
Esparreguera,Spain,56,21855,41.53809,1.87025,False
Espartinas,Spain,51,12648,37.38154,-6.12578,False
Esplugues de Llobregat,Spain,56,46355,41.37732,2.08809,False
Estella-Lizarra,Spain,32,14238,42.67182,-2.03226,False
Estepa,Spain,51,12632,37.29263,-4.87896,False
Estepona,Spain,51,67012,36.42764,-5.14589,False
Estrella,Spain,29,22649,40.41409,-3.66553,False
Felanitx,Spain,07,18270,39.4696,3.14831,False
Fene,Spain,58,14165,43.45,-8.15,False
Ferrol,Spain,58,66799,43.48451,-8.23293,False
Figueres,Spain,56,46381,42.26645,2.96163,False
Fontarrón,Spain,29,17333,40.40141,-3.64678,False
Fort Pienc,Spain,56,31693,41.39458,2.17946,False
Fraga,Spain,52,14302,41.52294,0.34894,False
Fuencarral,Spain,29,238765,40.5,-3.68333,False
Fuencarral-El Pardo,Spain,29,220085,40.4984,-3.7314,False
Fuengirola,Spain,51,71482,36.53998,-4.62473,False
Fuenlabrada,Spain,29,190496,40.28419,-3.79415,False
Fuensalida,Spain,54,10967,40.05288,-4.20718,False
Fuente Palmera,Spain,51,10788,37.70494,-5.09965,False
Fuente del Berro,Spain,29,20929,40.42478,-3.66379,False
Galapagar,Spain,29,31820,40.5783,-4.00426,False
Galdakao,Spain,59,29226,43.23073,-2.8429,False
Gamonal,Spain,55,60000,42.35664,-3.67321,False
Gandia,Spain,60,73829,38.96667,-0.18333,False
Gasteiz / Vitoria,Spain,59,257407,42.84998,-2.67268,False
Gavà,Spain,56,45994,41.30605,2.00123,False
Gaztambide,Spain,29,22959,40.43498,-3.71461,False
Gernika-Lumo,Spain,59,16244,43.31667,-2.68333,False
Getafe,Spain,29,187525,40.30571,-3.73295,False
Getxo,Spain,59,80770,43.35689,-3.01146,False
Gibraleón,Spain,51,12258,37.37628,-6.96895,False
Gijón,Spain,34,271780,43.53573,-5.66152,False
Gines,Spain,51,13471,37.38647,-6.07729,False
Girona,Spain,56,100266,41.98311,2.82493,False
Godella,Spain,60,13240,39.53333,-0.41667,False
Gondomar,Spain,58,13841,42.11155,-8.74971,False
Goya,Spain,29,29477,40.42505,-3.67442,False
Granada,Spain,51,233532,37.18817,-3.60667,False
Granadilla de Abona,Spain,53,39993,28.11882,-16.57599,False
Granollers,Spain,56,60981,41.60797,2.28773,False
Grao de Murviedro,Spain,60,62368,39.64167,-0.23889,False
Gràcia,Spain,56,121502,41.40237,2.15641,False
Guadalajara,Spain,54,93470,40.62862,-3.16185,False
Guadarrama,Spain,29,14800,40.6727,-4.08949,False
Guadix,Spain,51,18718,37.29932,-3.13922,False
Guardamar del Segura,Spain,60,16329,38.09031,-0.65556,False
Guia,Spain,53,14031,28.13974,-15.63294,False
Guillena,Spain,51,11109,37.54262,-6.05626,False
Guindalera,Spain,29,41964,40.43633,-3.66658,False
Guía de Isora,Spain,53,20536,28.21154,-16.77947,False
Gáldar,Spain,53,24209,28.14701,-15.6502,False
Güimar,Spain,53,17662,28.31122,-16.41276,False
Haro,Spain,27,12261,42.57634,-2.8476,False
Hellín,Spain,54,30976,38.5106,-1.70096,False
Hernani,Spain,59,20222,43.26615,-1.97615,False
Hispanoamérica,Spain,29,31470,40.45537,-3.67711,False
Hondarribia,Spain,59,16458,43.36859,-1.79622,False
Horta,Spain,56,26597,41.43628,2.15725,False
Horta-Guinardó,Spain,56,168092,41.41849,2.1677,False
Hortaleza,Spain,29,161661,40.47444,-3.6411,False
Hostafrancs,Spain,56,15954,41.37694,2.14306,False
Huelva,Spain,51,144258,37.26638,-6.94004,False
Huercal-Overa,Spain,51,17645,37.38918,-1.943,False
Huesca,Spain,52,53956,42.13615,-0.4087,False
Humanes de Madrid,Spain,29,18098,40.25038,-3.83062,False
Huércal de Almería,Spain,51,14937,36.88507,-2.4376,False
Huétor Vega,Spain,51,11324,37.14529,-3.56963,False
Ibi,Spain,60,24113,38.62533,-0.57225,False
Ibiza,Spain,07,49727,38.90883,1.43296,False
Ibiza,Spain,29,21492,40.41888,-3.67434,False
Icod de los Vinos,Spain,53,24024,28.37241,-16.71188,False
Igualada,Spain,56,38918,41.58098,1.6172,False
Illescas,Spain,54,21264,40.12213,-3.84704,False
Illora,Spain,51,10440,37.28771,-3.88109,False
Imperial,Spain,29,22385,40.40619,-3.71836,False
Inca,Spain,07,29308,39.7211,2.91093,False
Ingenio,Spain,53,29319,27.91855,-15.43433,False
Irun,Spain,59,61983,43.33904,-1.78938,False
Isla Cristina,Spain,51,21324,37.2,-7.31667,False
Iturrama,Spain,32,24846,42.80847,-1.65825,False
Jaca,Spain,52,13396,42.56898,-0.54987,False
Javea,Spain,60,28016,38.78333,0.16667,False
Jaén,Spain,51,113457,37.76922,-3.79028,False
Jerez de la Frontera,Spain,51,212879,36.68645,-6.13606,False
Jerez de los Caballeros,Spain,57,10237,38.32063,-6.7726,False
Jumilla,Spain,31,25685,38.47917,-1.325,False
Justicia,Spain,29,18219,40.42366,-3.69666,False
Jódar,Spain,51,12157,37.84064,-3.35262,False
L'Alcúdia,Spain,60,11938,39.19717,-0.50537,False
L'Eliana,Spain,60,18050,39.56667,-0.53333,False
L'Hospitalet de Llobregat,Spain,56,257038,41.35967,2.10028,False
La Algaba,Spain,51,16301,37.46325,-6.01113,False
La Bañeza,Spain,55,11057,42.30026,-5.89772,False
La Bonanova,Spain,56,25761,41.40585,2.13243,False
La Bordeta,Spain,56,18505,41.37397,2.14377,False
La Carlota,Spain,51,13182,37.67359,-4.93122,False
La Carolina,Spain,51,15306,38.27559,-3.61535,False
La Felguera,Spain,34,21000,43.3075,-5.69092,False
La Laguna,Spain,53,150661,28.4853,-16.32014,False
La Latina,Spain,29,10747,40.41316,-3.70927,False
La Llagosta,Spain,56,13820,41.51435,2.19297,False
La Línea de la Concepción,Spain,51,64595,36.16809,-5.34777,False
La Manga del Mar Menor,Spain,31,10000,37.64129,-0.71651,False
La Oliva,Spain,53,25884,28.61052,-13.92912,False
La Orotava,Spain,53,41833,28.39076,-16.52309,False
La Palma del Condado,Spain,51,10762,37.38605,-6.55231,False
La Paz,Spain,29,32192,40.48116,-3.69659,False
La Pineda,Spain,56,17305,41.07699,1.17891,False
La Pobla de Vallbona,Spain,60,20431,39.59747,-0.55468,False
La Puebla de Cazalla,Spain,51,11033,37.22155,-5.31153,False
La Puebla del Río,Spain,51,11879,37.26787,-6.06264,False
La Rinconada,Spain,51,35928,37.48613,-5.98091,False
La Roca del Vallès,Spain,56,10214,41.58333,2.33333,False
La Roda,Spain,54,16060,39.20735,-2.15723,False
La Sagrera,Spain,56,28710,41.42271,2.18589,False
La Seu d'Urgell,Spain,56,12041,42.35877,1.46144,False
La Solana,Spain,54,15523,38.94422,-3.2381,False
La Unión,Spain,31,17737,37.61915,-0.87799,False
Laguna de Duero,Spain,55,21762,41.58151,-4.72332,False
Lalín,Spain,58,20158,42.66085,-8.11285,False
Laracha,Spain,58,11302,43.25375,-8.58535,False
Laredo,Spain,39,11148,43.4098,-3.41613,False
Las Cabezas de San Juan,Spain,51,16379,36.9838,-5.93933,False
Las Cortes,Spain,29,10816,40.41613,-3.69674,False
Las Gabias,Spain,51,16369,37.13548,-3.67029,False
Las Matas,Spain,29,14213,40.55779,-3.89173,False
Las Palmas de Gran Canaria,Spain,53,383516,28.10178,-15.41573,False
Las Rozas de Madrid,Spain,29,95550,40.49292,-3.87371,False
Las Torres de Cotillas,Spain,31,21062,38.02822,-1.24188,False
Las Tres Torres,Spain,56,16532,41.39989,2.12931,False
Las Águilas,Spain,29,51268,40.3818,-3.77109,False
Lasarte,Spain,59,17782,43.26774,-2.02169,False
Latina,Spain,29,256644,40.38897,-3.74569,False
Laudio / Llodio,Spain,59,18314,43.14322,-2.96204,False
Lavapiés,Spain,29,44630,40.40804,-3.70131,False
Lebrija,Spain,51,26434,36.92077,-6.07529,False
Leganés,Spain,29,188425,40.32718,-3.7635,False
Legazpi,Spain,29,19468,40.38884,-3.68715,False
Leioa,Spain,59,31197,43.32686,-2.98884,False
Lepe,Spain,51,25886,37.25482,-7.20433,False
Les Corts,Spain,56,82270,41.38712,2.13007,False
León,Spain,55,124772,42.60003,-5.57032,False
Linares,Spain,51,57414,38.09519,-3.63602,False
Lista,Spain,29,20969,40.43202,-3.67583,False
Llanera,Spain,34,13948,43.43963,-5.8508,False
Llanes,Spain,34,13639,43.41982,-4.75485,False
Llefià,Spain,56,43827,41.43806,2.2195,False
Lleida,Spain,56,140797,41.61674,0.62218,False
Lliçà d'Amunt,Spain,56,14143,41.61667,2.23333,False
Lloret de Mar,Spain,56,37350,41.69993,2.84565,False
Llucmajor,Spain,07,36078,39.49093,2.89108,False
Llíria,Spain,60,22972,39.62894,-0.59783,False
Logroño,Spain,27,151164,42.46615,-2.45115,False
Loja,Spain,51,21574,37.16887,-4.15129,False
Lora del Río,Spain,51,19352,37.65896,-5.52751,False
Lorca,Spain,31,93079,37.67119,-1.7017,False
Los Alcázares,Spain,31,15674,37.74425,-0.85041,False
Los Angeles,Spain,29,34827,40.35579,-3.69914,False
Los Barrios,Spain,51,23513,36.18482,-5.49213,False
Los Corrales de Buelna,Spain,39,11519,43.26358,-4.07262,False
Los Llanos de Aridane,Spain,53,20171,28.65851,-17.91821,False
Los Palacios y Villafranca,Spain,51,36824,37.16181,-5.92433,False
Los Realejos,Spain,53,36405,28.38487,-16.58275,False
Los Rosales,Spain,29,37808,40.35572,-3.68855,False
Luanco,Spain,34,10427,43.61517,-5.79344,False
Lucena,Spain,51,42248,37.40881,-4.48522,False
Lucero,Spain,29,36749,40.40229,-3.75035,False
Lugo,Spain,58,98025,43.00992,-7.55602,False
Lugones,Spain,34,14000,43.40272,-5.81215,False
Madrid,Spain,29,3255944,40.4165,-3.70256,True
Madrid Centro,Spain,29,149718,40.41831,-3.70275,False
Madridejos,Spain,54,11404,39.46823,-3.53196,False
Mairena del Alcor,Spain,51,20510,37.37301,-5.74951,False
Mairena del Aljarafe,Spain,51,45890,37.34461,-6.06391,False
Majadahonda,Spain,29,68110,40.47353,-3.87182,False
Malgrat de Mar,Spain,56,18472,41.64662,2.74135,False
Manacor,Spain,07,42631,39.56964,3.20955,False
Mancha Real,Spain,51,10972,37.78627,-3.61226,False
Manilva,Spain,51,13813,36.37645,-5.25026,False
Manises,Spain,60,30508,39.49139,-0.46349,False
Manlleu,Spain,56,20647,42.00228,2.28476,False
Manresa,Spain,56,76250,41.72815,1.82399,False
Manzanares,Spain,54,19186,38.99915,-3.36991,False
Maracena,Spain,51,20815,37.20764,-3.63493,False
Marbella,Spain,51,156295,36.51543,-4.88583,False
Marchena,Spain,51,19768,37.329,-5.41681,False
Marratxí,Spain,07,36725,39.62142,2.7253,False
Marroquina,Spain,29,26120,40.41073,-3.64061,False
Martorell,Spain,56,27850,41.47402,1.93062,False
Martos,Spain,51,24655,37.72107,-3.97264,False
Marín,Spain,58,25969,42.39145,-8.70136,False
Maspalomas,Spain,53,36065,27.76056,-15.58602,False
Massamagrell,Spain,60,15210,39.56667,-0.33333,False
Mataró,Spain,56,126988,41.54211,2.4445,False
Mazarrón,Spain,31,35221,37.5992,-1.31493,False
Maó,Spain,07,29125,39.88853,4.26583,False
Meco,Spain,29,12419,40.55274,-3.32894,False
Media Legua,Spain,29,17323,40.41189,-3.65682,False
Medina Sidonia,Spain,51,11658,36.45695,-5.92717,False
Medina del Campo,Spain,55,21540,41.31239,-4.91413,False
Mejorada del Campo,Spain,29,22488,40.39283,-3.48194,False
Meliana,Spain,60,10395,39.53333,-0.33333,False
Melilla,Spain,ML,85985,35.29369,-2.93833,False
Miajadas,Spain,57,10338,39.15127,-5.90841,False
Mieres,Spain,34,44070,43.25,-5.76667,False
Miguelturra,Spain,54,15316,38.96442,-3.89047,False
Mijas,Spain,51,80630,36.59575,-4.63728,False
Miranda de Ebro,Spain,55,39264,42.6865,-2.94695,False
Mirasierra,Spain,29,35676,40.49631,-3.71957,False
Mislata,Spain,60,46131,39.47523,-0.41825,False
Moaña,Spain,58,19014,42.27807,-8.73921,False
Moguer,Spain,51,19569,37.27559,-6.83851,False
Mogán,Spain,53,21690,27.88385,-15.72538,False
Molina de Segura,Spain,31,64065,38.05456,-1.20763,False
Molins de Rei,Spain,56,24067,41.41667,2.01667,False
Mollerussa,Spain,56,14319,41.63333,0.9,False
Mollet del Vallès,Spain,56,52484,41.54026,2.21306,False
Moncada,Spain,60,21900,39.54555,-0.39551,False
Moncloa-Aravaca,Spain,29,116531,40.43547,-3.7317,False
Monforte de Lemos,Spain,58,19546,42.52165,-7.51422,False
Mont-roig del Camp,Spain,56,12906,41.08675,0.95925,False
Montcada i Reixac,Spain,56,33453,41.48333,2.18333,False
Montecanal,Spain,52,20000,41.62965,-0.93873,False
Montgat,Spain,56,10270,41.46859,2.28001,False
Montijo,Spain,57,16236,38.90839,-6.61785,False
Montilla,Spain,51,23031,37.58627,-4.63805,False
Montornès del Vallès,Spain,56,15509,41.54206,2.26748,False
Monzón,Spain,52,17042,41.91084,0.19406,False
Monóvar,Spain,60,12175,38.43809,-0.84062,False
Mora,Spain,54,10554,39.68492,-3.77394,False
Moralzarzal,Spain,29,11582,40.67816,-3.9707,False
Moratalaz,Spain,29,104923,40.40742,-3.64935,False
Morón de la Frontera,Spain,51,27844,37.12084,-5.45403,False
Mos,Spain,58,14650,43.16122,-7.54324,False
Moscardó,Spain,29,26579,40.389,-3.70682,False
Motril,Spain,51,60592,36.75066,-3.5179,False
Mula,Spain,31,16941,38.04095,-1.49014,False
Mungia,Spain,59,16209,43.35461,-2.84524,False
Murcia,Spain,31,471982,37.98704,-1.13004,False
Mutxamel,Spain,60,22510,38.4158,-0.44529,False
Málaga,Spain,51,592346,36.72016,-4.42034,False
Mérida,Spain,57,59857,38.91802,-6.34292,False
Móstoles,Spain,29,207095,40.32234,-3.86496,False
Narón,Spain,58,37712,43.50175,-8.19082,False
Natahoyo,Spain,34,20000,43.54035,-5.68233,False
Navalcarnero,Spain,29,21584,40.28908,-4.01197,False
Navalmoral de la Mata,Spain,57,17228,39.89158,-5.54064,False
Navas,Spain,56,22059,41.41803,2.18596,False
Nazaret,Spain,53,10000,29.03818,-13.56386,False
Nerja,Spain,51,21811,36.75278,-3.8744,False
Nigrán,Spain,58,18021,42.14153,-8.80656,False
Niño Jesús,Spain,29,15093,40.41161,-3.67343,False
Nou Barris,Spain,56,166310,41.44163,2.17727,False
Novelda,Spain,60,27135,38.38479,-0.76773,False
Nueva España,Spain,29,24476,40.46276,-3.67813,False
Nules,Spain,60,13490,39.85362,-0.15643,False
Numancia,Spain,29,48720,40.3995,-3.65853,False
Níjar,Spain,51,26516,36.96655,-2.20595,False
O Barco de Valdeorras,Spain,58,13463,42.41642,-6.99005,False
O Carballiño,Spain,58,13939,42.43163,-8.07899,False
O Grove,Spain,58,10700,42.49444,-8.86502,False
Ogíjares,Spain,51,13119,37.11913,-3.60772,False
Oleiros,Spain,58,35559,43.33333,-8.31667,False
Olesa de Montserrat,Spain,56,23301,41.54372,1.89407,False
Oliva,Spain,60,28419,38.91971,-0.11935,False
Olivenza,Spain,57,11977,38.68269,-7.10046,False
Oliver-Valdefierro,Spain,52,30228,41.64454,-0.93349,False
Olot,Spain,56,33524,42.18096,2.49012,False
Onda,Spain,60,24850,39.96495,-0.26041,False
Ontinyent,Spain,60,37735,38.82191,-0.60603,False
Opañel,Spain,29,33883,40.39023,-3.72178,False
Orcasitas,Spain,29,23085,40.36863,-3.71242,False
Orcasur,Spain,29,14390,40.37221,-3.69815,False
Ordes,Spain,58,12632,43.07654,-8.409,False
Oria,Spain,59,17842,43.25541,-2.01873,False
Orihuela,Spain,60,101321,38.08483,-0.94401,False
Osuna,Spain,51,17851,37.2376,-5.10311,False
Ourense,Spain,58,105233,42.33669,-7.86407,False
Oviedo,Spain,34,220027,43.36029,-5.84476,False
Oñati,Spain,59,10896,43.03262,-2.40997,False
Pacífico,Spain,29,33027,40.40435,-3.67873,False
Paiporta,Spain,60,23519,39.42814,-0.41765,False
Palacio,Spain,29,23501,40.41542,-3.71407,False
Palafrugell,Spain,56,22365,41.91738,3.1631,False
Palamós,Spain,56,17898,41.84843,3.12912,False
Palencia,Spain,55,78629,42.00955,-4.52406,False
Pallejà,Spain,56,11134,41.42394,1.99505,False
Palma,Spain,07,438234,39.56939,2.65024,False
Palma del Río,Spain,51,21159,37.70024,-5.28121,False
Palomeras Bajas,Spain,29,40477,40.38476,-3.65888,False
Palomeras Sureste,Spain,29,43162,40.38524,-3.63726,False
Palos de Moguer,Spain,29,25097,40.40351,-3.69468,False
Palos de la Frontera,Spain,51,11112,37.23457,-6.89471,False
Pamplona,Spain,32,208243,42.81687,-1.64323,False
Paracuellos de Jarama,Spain,29,14329,40.50353,-3.52775,False
Parets del Vallès,Spain,56,17632,41.57481,2.23306,False
Parla,Spain,29,115611,40.23604,-3.76752,False
Pasaia,Spain,59,15990,43.3253,-1.92707,False
Paterna,Spain,60,64023,39.50263,-0.44079,False
Pedralbes,Spain,56,11800,41.39046,2.11019,False
Pego,Spain,60,11133,38.84305,-0.11707,False
Peligros,Spain,51,10910,37.23231,-3.62901,False
Peña Grande,Spain,29,44341,40.47456,-3.72236,False
Peñarroya-Pueblonuevo,Spain,51,11883,38.3,-5.26667,False
Picanya,Spain,60,11053,39.43333,-0.43333,False
Picassent,Spain,60,19786,39.3635,-0.45949,False
Piera,Spain,56,15362,41.52232,1.75076,False
Pilar,Spain,29,45610,40.47714,-3.70959,False
Pilar de la Horadada,Spain,60,21418,37.86591,-0.79256,False
Pilas,Spain,51,13386,37.30337,-6.30097,False
Pinar de Chamartín,Spain,29,30000,40.47903,-3.66836,False
Pinar del Rey,Spain,29,52031,40.4724,-3.64709,False
Pineda de Mar,Spain,56,26659,41.62763,2.6889,False
Pinos Puente,Spain,51,13515,37.25109,-3.74967,False
Pinto,Spain,29,43501,40.24147,-3.69999,False
Piovera,Spain,29,15041,40.45572,-3.63509,False
Plasencia,Spain,57,40141,40.03116,-6.08845,False
Playa Blanca,Spain,53,10000,28.86426,-13.82814,False
Playa del Ingles,Spain,53,17158,27.7567,-15.5787,False
Poble Sec,Spain,56,40906,41.37452,2.16326,False
Poio,Spain,58,17018,42.44775,-8.68594,False
Pola de Lena,Spain,34,11086,43.16089,-5.82878,False
Pola de Siero,Spain,34,12615,43.39228,-5.66335,False
Pollença,Spain,07,17260,39.87678,3.01626,False
Ponferrada,Spain,55,68736,42.54664,-6.59619,False
Ponteareas,Spain,58,23172,42.17476,-8.50398,False
Pontevedra,Spain,58,82802,42.431,-8.64435,False
Porriño,Spain,58,17475,42.16156,-8.6198,False
Porta,Spain,56,24604,41.4349,2.17883,False
Portazgo,Spain,29,28841,40.39061,-3.64824,False
Portugalete,Spain,59,45826,43.32099,-3.02064,False
Pozoblanco,Spain,51,17669,38.37906,-4.84827,False
Pozuelo de Alarcón,Spain,29,82428,40.43293,-3.81338,False
Pradolongo,Spain,29,17878,40.37814,-3.70712,False
Premià de Dalt,Spain,56,10429,41.5,2.35,False
Premià de Mar,Spain,56,27399,41.49206,2.36524,False
Priego de Córdoba,Spain,51,22585,37.43807,-4.19523,False
Primer Ensanche,Spain,32,22538,42.81483,-1.64898,False
Principe,Spain,CE,12000,35.87924,-5.34695,False
Prosperidad,Spain,29,36027,40.44427,-3.66926,False
Provenals del Poblenou,Spain,56,20306,41.41109,2.2026,False
Pueblo Nuevo,Spain,29,62840,40.42629,-3.63546,False
Puente de Vallecas,Spain,29,244151,40.39354,-3.662,False
Puente-Genil,Spain,51,30241,37.38943,-4.76686,False
Puerta Bonita,Spain,29,36798,40.37966,-3.73909,False
Puerta del Angel,Spain,29,43292,40.40969,-3.73181,False
Puerto Lumbreras,Spain,31,14981,37.56329,-1.80974,False
Puerto Real,Spain,51,40183,36.52819,-6.19011,False
Puerto Rico,Spain,53,11000,27.78943,-15.71045,False
Puerto de la Cruz,Spain,53,32219,28.41686,-16.55085,False
Puerto del Carmen,Spain,53,30000,28.92313,-13.66579,False
Puerto del Rosario,Spain,53,35667,28.50038,-13.86272,False
Puertollano,Spain,54,51842,38.68712,-4.10734,False
Punta Umbría,Spain,51,14708,37.18213,-6.96605,False
Puçol,Spain,60,19018,39.61667,-0.3,False
Pájara,Spain,53,20821,28.35039,-14.1076,False
Quart de Poblet,Spain,60,25499,39.48139,-0.43937,False
Quintana,Spain,29,25469,40.43701,-3.64507,False
Quintanar de la Orden,Spain,54,12736,39.59369,-3.04165,False
Realejo Alto,Spain,53,35963,28.37645,-16.58575,False
Recoletos,Spain,29,15444,40.4246,-3.68582,False
Redondela,Spain,58,29194,42.28337,-8.6096,False
Reinosa,Spain,39,10307,42.99959,-4.13801,False
Rejas,Spain,29,17389,40.44509,-3.57016,False
Requena,Spain,60,20227,39.48834,-1.10044,False
Retiro,Spain,29,126058,40.41317,-3.68307,False
Reus,Spain,56,103477,41.15612,1.10687,False
Rianxo,Spain,58,11769,42.64977,-8.81763,False
Ribarroja del Turia,Spain,60,21992,39.54595,-0.57069,False
Ribeira,Spain,58,27518,42.73809,-8.44106,False
Rincón de la Victoria,Spain,51,38666,36.71715,-4.27583,False
Rios Rosas,Spain,29,27163,40.44239,-3.69773,False
Ripoll,Spain,56,11057,42.20064,2.19033,False
Ripollet,Spain,56,38347,41.49686,2.15739,False
Rivas-Vaciamadrid,Spain,29,68405,40.32605,-3.51089,False
Rojales,Spain,60,20510,38.08799,-0.72544,False
Ronda,Spain,51,36827,36.74231,-5.16709,False
Roquetas de Mar,Spain,51,94925,36.76419,-2.61475,False
Rosas,Spain,29,30751,40.42752,-3.59426,False
Roses,Spain,56,19319,42.26199,3.17689,False
Rota,Spain,51,28848,36.62364,-6.35997,False
Rubí,Spain,56,72987,41.49226,2.03305,False
Rute,Spain,51,10559,37.3269,-4.36827,False
Sabadell,Spain,56,211734,41.54329,2.10942,False
Sabiñánigo,Spain,52,10378,42.51924,-0.36607,False
Sada,Spain,58,14487,43.35619,-8.25796,False
Sagrada Família,Spain,56,51623,41.40408,2.17332,False
Sagunto,Spain,60,66070,39.68333,-0.26667,False
Salamanca,Spain,55,144825,40.96882,-5.66388,False
Salamanca,Spain,29,147707,40.42972,-3.67975,False
Salobreña,Spain,51,12747,36.74277,-3.58717,False
Salou,Spain,56,26775,41.07663,1.14163,False
Salt,Spain,56,30622,41.97489,2.79281,False
Salvador,Spain,29,11202,40.44529,-3.63097,False
Sama,Spain,34,39984,43.29568,-5.68416,False
San Agustín del Guadalix,Spain,29,13273,40.67882,-3.61639,False
San Andrés del Rabanedo,Spain,55,30820,42.61174,-5.61671,False
San Antonio Abad,Spain,31,13395,37.61767,-0.99665,False
San Bartolomé,Spain,53,18517,29.00093,-13.613,False
San Bartolomé de Tirajana,Spain,53,53588,27.92481,-15.57329,False
San Blas-Canillejas,Spain,29,157367,40.43893,-3.61537,False
San Cristobal,Spain,29,17270,40.34077,-3.68843,False
San Diego,Spain,29,45104,40.39003,-3.66787,False
San Fermín,Spain,29,23598,40.37059,-3.68912,False
San Fernando,Spain,51,95174,36.4759,-6.19817,False
San Fernando de Henares,Spain,29,39466,40.42386,-3.53261,False
San Isidro,Spain,53,19541,28.07617,-16.558,False
San Isidro,Spain,29,40368,40.3966,-3.72833,False
San Javier,Spain,31,31432,37.80626,-0.83736,False
San Juan Bautista,Spain,29,12445,40.45069,-3.65636,False
San Juan de Aznalfarache,Spain,51,20779,37.35813,-6.03731,False
San Lorenzo de El Escorial,Spain,29,17889,40.59144,-4.14738,False
San Martín de la Vega,Spain,29,18256,40.20735,-3.57063,False
San Miguel De Abona,Spain,53,16179,28.09826,-16.61708,False
San Pascual,Spain,29,18327,40.44286,-3.65346,False
San Pedro Alcántara,Spain,51,34922,36.48839,-4.99123,False
San Pedro del Pinatar,Spain,31,23738,37.83568,-0.79102,False
San Roque,Spain,51,29249,36.20983,-5.38452,False
San Sebastián de los Reyes,Spain,29,75912,40.55555,-3.62733,False
San Vicent del Raspeig,Spain,60,56715,38.3964,-0.5255,False
Sanlúcar de Barrameda,Spain,51,68037,36.77808,-6.3515,False
Sanlúcar la Mayor,Spain,51,12749,37.38758,-6.20346,False
Sant Adrià de Besòs,Spain,56,36669,41.43073,2.21855,False
Sant Agustí,Spain,07,15136,39.55065,2.59741,False
Sant Andreu,Spain,56,142598,41.43541,2.18982,False
Sant Andreu de Llavaneres,Spain,56,10877,41.56667,2.48333,False
Sant Andreu de la Barca,Spain,56,26401,41.44659,1.97187,False
Sant Antoni,Spain,56,38182,41.37857,2.15937,False
Sant Antoni de Portmany,Spain,07,21852,38.98068,1.30362,False
Sant Boi de Llobregat,Spain,56,82428,41.34357,2.03659,False
Sant Carles de la Ràpita,Spain,56,15511,40.61667,0.6,False
Sant Celoni,Spain,56,16860,41.68921,2.48965,False
Sant Cugat del Vallès,Spain,56,79253,41.47063,2.08611,False
Sant Feliu de Guíxols,Spain,56,21977,41.78333,3.03333,False
Sant Feliu de Llobregat,Spain,56,42919,41.38333,2.05,False
Sant Gervasi - Galvany,Spain,56,47043,41.3975,2.14301,False
Sant Joan Despí,Spain,56,32030,41.36718,2.0574,False
Sant Joan d'Alacant,Spain,60,21939,38.40148,-0.43623,False
Sant Joan de Vilatorrada,Spain,56,10779,41.74549,1.80476,False
Sant Just Desvern,Spain,56,15811,41.38389,2.06758,False
Sant Martí,Spain,56,235719,41.41814,2.19933,False
Sant Martí de Provençals,Spain,56,26169,41.4202,2.19632,False
Sant Pere de Ribes,Spain,56,28353,41.26045,1.77391,False
"Sant Pere, Santa Caterina i La Ribera",Spain,56,22856,41.3845,2.18152,False
Sant Quirze del Vallès,Spain,56,18462,41.53333,2.08333,False
Sant Sadurní d'Anoia,Spain,56,12237,41.42555,1.78519,False
Sant Vicenç dels Horts,Spain,56,27901,41.39317,2.00689,False
Santa Brígida,Spain,53,18314,28.03197,-15.50425,False
Santa Coloma de Farners,Spain,56,11739,41.86667,2.66667,False
Santa Coloma de Gramenet,Spain,56,118821,41.45152,2.2081,False
Santa Comba,Spain,58,10487,43.03306,-8.80925,False
Santa Cruz de Bezana,Spain,39,11279,43.4437,-3.90324,False
Santa Cruz de Tenerife,Spain,53,211359,28.46824,-16.25462,False
Santa Cruz de la Palma,Spain,53,15674,28.68351,-17.76421,False
Santa Eugenia,Spain,29,23876,40.38344,-3.61135,False
Santa Eulària des Riu,Spain,07,31314,38.98457,1.53409,False
Santa Lucía,Spain,53,71863,27.91174,-15.54071,False
Santa Margalida,Spain,07,11537,39.70143,3.10215,False
Santa Marta de Tormes,Spain,55,14630,40.95065,-5.62723,False
Santa Perpètua de Mogoda,Spain,56,25048,41.53333,2.18333,False
Santa Pola,Spain,60,31760,38.19165,-0.5658,False
Santa Ponsa,Spain,07,10736,39.50868,2.4766,False
Santa Uxía de Ribeira,Spain,58,27067,42.55352,-8.99094,False
Santa Úrsula,Spain,53,14013,28.42613,-16.48876,False
Santafé,Spain,51,15430,37.18856,-3.71887,False
Santander,Spain,39,173635,43.46589,-3.80493,False
Santanyí,Spain,07,12664,39.35461,3.12907,False
Santiago de Compostela,Spain,58,99536,42.88052,-8.54569,False
Santiago del Teide,Spain,53,12050,28.294,-16.81618,False
Santomera,Spain,31,15319,38.06147,-1.04877,False
Santoña,Spain,39,11569,43.44386,-3.45757,False
Sants,Spain,56,40831,41.37426,2.13826,False
Sants - Badal,Spain,56,24344,41.37471,2.12775,False
Sants-Montjuïc,Spain,56,183120,41.37263,2.1546,False
Santurtzi,Spain,59,46978,43.32842,-3.03248,False
Santutxu,Spain,59,60000,43.25347,-2.9161,False
Sanxenxo,Spain,58,17212,42.39996,-8.80698,False
Sarria,Spain,58,13508,42.78148,-7.41431,False
Sarriguren,Spain,32,14779,42.81292,-1.59815,False
Sarrià,Spain,56,24819,41.40269,2.1162,False
Sarrià-Sant Gervasi,Spain,56,147912,41.40104,2.1394,False
Sax,Spain,60,10054,38.53729,-0.81779,False
Segovia,Spain,55,51683,40.94808,-4.11839,False
Segundo Ensanche,Spain,32,22538,42.8139,-1.64295,False
Seseña,Spain,54,16231,40.10473,-3.69793,False
Sestao,Spain,59,27445,43.30975,-3.00716,False
Sevilla,Spain,51,686741,37.38283,-5.97317,False
Silla,Spain,60,18979,39.36257,-0.41169,False
Simancas,Spain,29,28765,40.43533,-3.6251,False
Sitges,Spain,56,27668,41.23506,1.81193,False
Socuéllamos,Spain,54,13163,39.28581,-2.79205,False
Son Rapinya,Spain,07,17993,39.58932,2.61899,False
Son Servera,Spain,07,12215,39.62073,3.36008,False
Sonseca,Spain,54,11265,39.67747,-3.97448,False
Sopela,Spain,59,12359,43.37891,-2.98313,False
Soria,Spain,55,39112,41.76401,-2.46883,False
Sueca,Spain,60,28908,39.2026,-0.31114,False
Sóller,Spain,07,14041,39.76623,2.71521,False
Tacoronte,Spain,53,23562,28.47688,-16.41016,False
Tafalla,Spain,32,11394,42.52687,-1.67446,False
Talavera de la Reina,Spain,54,88856,39.96348,-4.83076,False
Tarancón,Spain,54,15651,40.00851,-3.00731,False
Tarazona,Spain,52,11211,41.90475,-1.72678,False
Tarifa,Spain,51,18169,36.01393,-5.60695,False
Tarragona,Spain,56,141542,41.11905,1.24544,False
Tavernes de la Valldigna,Spain,60,18195,39.07195,-0.26623,False
Tegueste,Spain,53,10666,28.52236,-16.34074,False
Teguise,Spain,53,19418,29.06049,-13.56397,False
Telde,Spain,53,123265,27.99243,-15.41915,False
Teo,Spain,58,17807,42.795,-8.548,False
Teror,Spain,53,12449,28.06062,-15.54909,False
Terrassa,Spain,56,218535,41.56667,2.01667,False
Teruel,Spain,52,36240,40.3456,-1.10646,False
Tetuán de las Victorias,Spain,29,155000,40.45975,-3.6975,False
Teulada,Spain,60,14620,38.7294,0.10383,False
Timón,Spain,29,12049,40.4844,-3.59732,False
Tineo,Spain,34,11146,43.33765,-6.41452,False
Toledo,Spain,54,86526,39.8581,-4.02263,False
Tolosa,Spain,59,18044,43.13484,-2.07801,False
Tomares,Spain,51,22772,37.37281,-6.04589,False
Tomelloso,Spain,54,36091,39.15759,-3.02156,False
Tomiño,Spain,58,13315,41.98772,-8.75502,False
Tordera,Spain,56,15345,41.69914,2.71888,False
Torelló,Spain,56,14172,42.04627,2.26679,False
Torre del Campo,Spain,51,14627,37.77051,-3.89731,False
Torre del Mar,Spain,51,21980,36.742,-4.09291,False
Torre-Pacheco,Spain,31,35614,37.74293,-0.95396,False
Torredembarra,Spain,56,15272,41.14505,1.39861,False
Torredonjimeno,Spain,51,14181,37.76748,-3.95776,False
Torrejón de Ardoz,Spain,29,118162,40.45535,-3.46973,False
Torrelavega,Spain,39,55297,43.34943,-4.04785,False
Torrelodones,Spain,29,21781,40.57654,-3.92658,False
Torremolinos,Spain,51,65448,36.62035,-4.49976,False
Torrent,Spain,60,78543,39.43705,-0.46546,False
Torrevieja,Spain,60,82599,37.97872,-0.68222,False
Torrijos,Spain,54,13117,39.98195,-4.28349,False
Torroella de Montgrí,Spain,56,11598,42.04254,3.12703,False
Torrox,Spain,51,16890,36.75793,-3.95233,False
Tortosa,Spain,56,35143,40.81249,0.5216,False
Totana,Spain,31,29211,37.7688,-1.50229,False
Trafalgar,Spain,29,24621,40.43285,-3.70113,False
Tres Cantos,Spain,29,41896,40.60092,-3.70806,False
Tudela,Spain,32,34717,42.06166,-1.60452,False
Tui,Spain,58,17262,42.04713,-8.64435,False
Tuineje,Spain,53,13632,28.32372,-14.04722,False
Tàrrega,Spain,56,16539,41.64704,1.13957,False
Tías,Spain,53,19849,28.96108,-13.64502,False
Ubrique,Spain,51,16979,36.67777,-5.446,False
Universidad,Spain,29,32783,40.42567,-3.70707,False
Usera,Spain,29,141189,40.38866,-3.70035,False
Utebo,Spain,52,17677,41.70826,-0.99916,False
Utiel,Spain,60,12420,39.56667,-1.2,False
Utrera,Spain,51,52617,37.18516,-5.78093,False
Valdeacederas,Spain,29,26573,40.46702,-3.70416,False
Valdebernardo,Spain,29,17471,40.40072,-3.62133,False
Valdefuentes,Spain,29,69176,40.49367,-3.6359,False
Valdemorillo,Spain,29,11045,40.50064,-4.0671,False
Valdemoro,Spain,29,74745,40.19081,-3.67887,False
Valdepeñas,Spain,54,31147,38.76211,-3.38483,False
Valdezarza,Spain,29,30484,40.46525,-3.7173,False
Valdés,Spain,51,13529,36.75835,-4.24235,False
Valencia,Spain,60,824340,39.47391,-0.37966,False
Valladolid,Spain,55,300618,41.65541,-4.72353,False
Vallcarca,Spain,56,15571,41.41209,2.14394,False
Vallecas,Spain,29,53208,40.38333,-3.61667,False
Vallehermoso,Spain,29,19853,40.44289,-3.71124,False
Vallirana,Spain,56,14066,41.38676,1.93205,False
Valls,Spain,56,25092,41.28612,1.24993,False
Valverde,Spain,29,64757,40.50024,-3.67877,False
Valverde del Camino,Spain,51,12780,37.57511,-6.75432,False
Vecindario,Spain,53,14910,27.84636,-15.44455,False
Vejer de la Frontera,Spain,51,12973,36.25213,-5.96717,False
Velilla de San Antonio,Spain,29,11553,40.36516,-3.48484,False
Ventas,Spain,29,50218,40.42248,-3.64741,False
Vera,Spain,51,13985,37.24345,-1.85905,False
Verdun,Spain,56,12294,41.44273,2.17564,False
Verín,Spain,58,13817,41.94149,-7.43809,False
Vic,Spain,56,39844,41.93012,2.25486,False
Vicálvaro,Spain,29,66439,40.4,-3.6,False
Vigo,Spain,58,293642,42.23282,-8.72264,False
Vila-real,Spain,60,50577,39.9383,-0.10087,False
Vila-seca,Spain,56,20866,41.11118,1.14764,False
Viladecans,Spain,56,66168,41.31405,2.01427,False
Vilafranca del Penedès,Spain,56,38425,41.34618,1.69713,False
Vilagarcía de Arousa,Spain,58,37576,42.59631,-8.76426,False
Vilalba,Spain,58,14226,43.29806,-7.6813,False
Vilanova de Arousa,Spain,58,10719,42.564,-8.82797,False
Vilanova del Camí,Spain,56,12649,41.57165,1.63751,False
Vilanova i la Geltrú,Spain,56,65890,41.22392,1.72511,False
Vilapicina i la Torre Llobeta,Spain,56,25522,41.42861,2.1741,False
Vilaseca,Spain,56,17305,42.06174,2.25528,False
Vilassar de Mar,Spain,56,20764,41.50507,2.39227,False
Villa de Vallecas,Spain,29,65162,40.36695,-3.60146,False
Villacarrillo,Spain,51,11294,38.1156,-3.0848,False
Villacañas,Spain,54,10645,39.62367,-3.33813,False
Villafranca de los Barros,Spain,57,13356,38.56144,-6.3381,False
Villajoyosa,Spain,60,33797,38.50754,-0.23346,False
Villamartín,Spain,51,12526,36.85979,-5.64485,False
Villanueva de Córdoba,Spain,51,10057,38.32277,-4.62873,False
Villanueva de la Cañada,Spain,29,16804,40.44689,-4.00428,False
Villanueva de la Serena,Spain,57,25759,38.97655,-5.7974,False
Villanueva del Pardillo,Spain,29,15087,40.49014,-3.96383,False
Villaquilambre,Spain,55,17013,42.64685,-5.55835,False
Villarrobledo,Spain,54,26642,39.26992,-2.60119,False
Villarrubia de los Ojos,Spain,54,11191,39.22085,-3.60802,False
Villaverde,Spain,29,126802,40.35,-3.7,False
Villaviciosa,Spain,34,14430,43.48126,-5.43574,False
Villaviciosa de Odón,Spain,29,27596,40.3581,-3.9043,False
Villena,Spain,60,35222,38.6373,-0.86568,False
Vinaròs,Spain,60,28273,40.47033,0.47559,False
Vinateros,Spain,29,16885,40.40525,-3.64249,False
Vista Alegre,Spain,29,47427,40.38432,-3.74575,False
Viveiro,Spain,58,16238,43.66228,-7.59344,False
Vélez-Málaga,Spain,51,74190,36.78107,-4.10266,False
Vícar,Spain,51,22853,36.83155,-2.64273,False
Xinzo de Limia,Spain,58,10161,42.0635,-7.72459,False
Xirivella,Spain,60,30002,39.46588,-0.42589,False
Xàtiva,Spain,60,29386,38.99042,-0.51852,False
Yaiza,Spain,53,16289,28.95678,-13.76535,False
Yecla,Spain,31,35025,38.61365,-1.11468,False
Zafra,Spain,57,16424,38.42539,-6.41734,False
Zamora,Spain,55,61827,41.50633,-5.74456,False
Zaragoza,Spain,52,686986,41.65606,-0.87734,False
Zarautz,Spain,59,22627,43.28444,-2.16992,False
Zizur Mayor,Spain,32,13345,42.78795,-1.69065,False
Zofío,Spain,29,14382,40.37937,-3.71532,False
Zubia,Spain,51,18995,37.11906,-3.584,False
el Baix Guinardó,Spain,56,25563,41.41175,2.16784,False
el Besòs i el Maresme,Spain,56,23254,41.41309,2.21736,False
el Bon Pastor,Spain,56,12766,41.437,2.20182,False
el Camp d'en Grassot i Gràcia Nova,Spain,56,34356,41.40634,2.16503,False
el Camp de l'Arpa del Clot,Spain,56,38343,41.41204,2.18247,False
el Clot,Spain,56,26928,41.40986,2.19053,False
el Congrés i els Indians,Spain,56,14161,41.4246,2.18086,False
el Guinardó,Spain,56,36176,41.41885,2.17364,False
el Parc i la Llacuna del Poblenou,Spain,56,14950,41.3986,2.1903,False
el Poblenou,Spain,56,34151,41.40392,2.20413,False
el Putxet i el Farró,Spain,56,29278,41.40693,2.14392,False
el Raval,Spain,56,45671,41.38042,2.1686,False
el Turó de la Peira,Spain,56,15554,41.43232,2.16895,False
l'Alcora,Spain,60,10430,40.06667,-0.2,False
l'Alfàs del Pi,Spain,60,21011,38.58055,-0.10321,False
l'Antiga Esquerra de l'Eixample,Spain,56,41872,41.38939,2.15517,False
l'Escala,Spain,56,10417,42.12562,3.13261,False
la Barceloneta,Spain,56,15212,41.3799,2.18971,False
la Bisbal d'Empordà,Spain,56,10385,41.95,3.05,False
la Font de la Guatlla,Spain,56,10481,41.36978,2.14486,False
la Garriga,Spain,56,14991,41.68333,2.28333,False
la Guineueta,Spain,56,15147,41.43884,2.16893,False
la Marina de Port,Spain,56,30397,41.36,2.13986,False
la Maternitat i Sant Ramon,Spain,56,24058,41.38125,2.11744,False
la Nova Esquerra de l'Eixample,Spain,56,57676,41.38309,2.149,False
la Nucia,Spain,60,17874,38.61372,-0.1269,False
la Prosperitat,Spain,56,26166,41.44269,2.182,False
la Salut,Spain,56,13303,41.41243,2.15437,False
la Teixonera,Spain,56,11405,41.42307,2.14654,False
la Trinitat Vella,Spain,56,10253,41.45166,2.19289,False
la Verneda i la Pau,Spain,56,29250,41.42399,2.20304,False
la Vila de Gràcia,Spain,56,50928,41.40315,2.15687,False
les Roquetes,Spain,56,15633,41.44809,2.17519,False
s'Arenal,Spain,07,10207,39.5,2.75,False
sa Pobla,Spain,07,12766,39.7692,3.02394,False
Águilas,Spain,31,34533,37.4063,-1.58289,False
Ávila,Spain,55,57657,40.65724,-4.69951,False
Écija,Spain,51,39882,37.5422,-5.0826,False
Úbeda,Spain,51,34602,38.01328,-3.3705,False
Alby,Sweden,26,11400,59.2335,17.8538,False
Alingsås,Sweden,28,26329,57.93033,12.53345,False
Arboga,Sweden,25,10841,59.39387,15.83882,False
Arvika,Sweden,22,13926,59.65528,12.58518,False
Avesta,Sweden,10,11949,60.14274,16.16295,False
Billdal,Sweden,28,14874,57.56667,11.93333,False
Bjuv,Sweden,27,10602,56.08372,12.91914,False
Björlanda,Sweden,28,23088,57.76667,11.83333,False
Boden,Sweden,14,16830,65.82518,21.68864,False
Bollnäs,Sweden,03,13716,61.34817,16.39464,False
Boo,Sweden,26,24052,59.33333,18.28333,False
Borlänge,Sweden,10,41955,60.4858,15.43714,False
Borås,Sweden,28,71700,57.72101,12.9401,False
Bromma,Sweden,26,72000,59.34,17.94,False
Bunkeflostrand,Sweden,27,13048,55.54478,12.92375,False
Bålsta,Sweden,21,13138,59.5671,17.52781,False
Danderyd,Sweden,26,32425,59.40398,18.02376,False
Ekerö,Sweden,26,11505,59.291,17.81212,False
Eksjö,Sweden,08,10157,57.66643,14.97205,False
Enköping,Sweden,21,22553,59.63607,17.07768,False
Eskilstuna,Sweden,18,67359,59.36661,16.5077,False
Eslöv,Sweden,27,18592,55.83928,13.30393,False
Fagersta,Sweden,25,11936,60.00418,15.79316,False
Falkenberg,Sweden,06,24099,56.90552,12.49118,False
Falköping,Sweden,28,17170,58.17347,13.55068,False
Falun,Sweden,10,37291,60.60357,15.62597,False
Finspång,Sweden,16,12807,58.70578,15.76739,False
Gamla Uppsala,Sweden,21,17973,59.89817,17.63386,False
Gislaved,Sweden,08,10180,57.3044,13.54078,False
Gothenburg,Sweden,28,608462,57.70716,11.96679,False
Gustavsberg,Sweden,26,20774,59.32684,18.38975,False
Gällivare,Sweden,14,10362,67.13387,20.65278,False
Gävle,Sweden,03,74884,60.67452,17.14174,False
Hallstahammar,Sweden,25,10787,59.61395,16.22846,False
Halmstad,Sweden,06,70480,56.67446,12.85676,False
Handen,Sweden,26,11524,59.16809,18.13796,False
Haninge,Sweden,26,74968,59.16775,18.14478,False
Helsingborg,Sweden,27,104250,56.04673,12.69437,False
Huddinge,Sweden,26,90182,59.23705,17.98192,False
Hudiksvall,Sweden,03,16081,61.72744,17.10558,False
Huskvarna,Sweden,08,21500,57.78596,14.30214,False
Härnösand,Sweden,24,25012,62.63228,17.93794,False
Hässelby Villastad,Sweden,26,19000,59.38,17.80867,False
Hässleholm,Sweden,27,19309,56.15905,13.76638,False
Höganäs,Sweden,27,14778,56.19971,12.55795,False
Höllviken,Sweden,27,14889,55.40982,12.9558,False
Höör,Sweden,27,12152,55.93444,13.5385,False
Jakobsberg,Sweden,26,24046,59.42268,17.83508,False
Jordbro,Sweden,26,10757,59.14972,18.11667,False
Jönköping,Sweden,08,112766,57.78145,14.15618,False
Kalmar,Sweden,09,38408,56.66157,16.36163,False
Karlshamn,Sweden,02,20112,56.1706,14.86188,False
Karlskoga,Sweden,15,27490,59.32667,14.52386,False
Karlskrona,Sweden,02,66675,56.16156,15.58661,False
Karlstad,Sweden,22,61492,59.3793,13.50357,False
Katrineholm,Sweden,18,23283,58.99587,16.20721,False
Kinna,Sweden,28,15019,57.50728,12.69463,False
Kiruna,Sweden,14,17037,67.85572,20.22513,False
Kista,Sweden,26,10254,59.40316,17.94479,False
Kristianstad,Sweden,27,39762,56.03129,14.15242,False
Kristinehamn,Sweden,22,18557,59.30978,14.10808,False
Kumla,Sweden,15,16663,59.1277,15.14341,False
Kungsbacka,Sweden,06,18698,57.48719,12.07612,False
Kungsholmen,Sweden,26,69363,59.33183,18.04118,False
Kungsängen,Sweden,26,10151,59.47857,17.74834,False
Kungälv,Sweden,28,24101,57.87096,11.98054,False
Köping,Sweden,25,18355,59.51404,15.99255,False
Landskrona,Sweden,27,32229,55.8708,12.83016,False
Lerum,Sweden,28,26913,57.77051,12.26904,False
Lidingö,Sweden,26,42466,59.36667,18.13333,False
Lidköping,Sweden,28,22988,58.50517,13.15765,False
Lindome,Sweden,28,10942,57.56667,12.08333,False
Linköping,Sweden,16,166673,58.41086,15.62157,False
Ljungby,Sweden,12,15785,56.83324,13.94082,False
Lomma,Sweden,27,12368,55.67244,13.06849,False
Ludvika,Sweden,10,15245,60.14959,15.18776,False
Luleå,Sweden,14,77832,65.58415,22.15465,False
Lund,Sweden,27,87244,55.70584,13.19321,False
Majorna,Sweden,28,29254,57.69195,11.91605,False
Malmö,Sweden,27,362133,55.60587,13.00073,False
Mariestad,Sweden,28,16122,58.70971,13.82367,False
Mjölby,Sweden,16,12858,58.32595,15.12365,False
Mora,Sweden,10,12602,61.00704,14.54316,False
Motala,Sweden,16,30944,58.53706,15.03649,False
Märsta,Sweden,26,27034,59.62157,17.85476,False
Mölndal,Sweden,28,59430,57.6554,12.01378,False
Mölnlycke,Sweden,28,17579,57.65893,12.11792,False
Nacka,Sweden,26,25170,59.31053,18.16372,False
Norrköping,Sweden,16,93765,58.59419,16.1826,False
Norrtälje,Sweden,26,19365,59.75799,18.70496,False
Nybro,Sweden,09,13039,56.74461,15.90714,False
Nyköping,Sweden,18,38780,58.753,17.00788,False
Nynäshamn,Sweden,26,14532,58.90337,17.94793,False
Nässjö,Sweden,08,17719,57.65307,14.69676,False
Onsala,Sweden,06,12275,57.42531,12.02903,False
Oskarshamn,Sweden,09,18287,57.26455,16.44837,False
Oxelösund,Sweden,18,11157,58.67057,17.10152,False
Oxie,Sweden,27,12665,55.54014,13.09605,False
Partille,Sweden,28,28648,57.7395,12.10642,False
Piteå,Sweden,14,23067,65.31717,21.47944,False
Rinkeby,Sweden,26,19349,59.38708,17.92754,False
Ronneby,Sweden,02,12612,56.20999,15.27602,False
Råsunda,Sweden,26,16877,59.36588,17.99569,False
Sala,Sweden,25,13087,59.91993,16.60655,False
Sandviken,Sweden,03,24724,60.61667,16.76667,False
Segeltorp,Sweden,26,10536,59.27597,17.93072,False
Skara,Sweden,28,11437,58.38659,13.43836,False
Skellefteå,Sweden,23,35516,64.75067,20.95279,False
Skoghall,Sweden,22,13605,59.32324,13.46552,False
Skövde,Sweden,28,36842,58.39118,13.84506,False
Sollentuna,Sweden,26,139606,59.42804,17.95093,False
Solna,Sweden,26,66909,59.36004,18.00086,False
Staffanstorp,Sweden,27,15373,55.64277,13.20638,False
Stenungsund,Sweden,28,13093,58.07046,11.8181,False
Stockholm,Sweden,26,1515017,59.32938,18.06871,True
Strängnäs,Sweden,18,13693,59.37741,17.03119,False
Sundbyberg,Sweden,26,34529,59.36128,17.97114,False
Sundsvall,Sweden,24,57606,62.39129,17.3063,False
Svedala,Sweden,27,11796,55.50788,13.23515,False
Söderhamn,Sweden,03,12259,61.30373,17.05921,False
Södermalm,Sweden,26,127323,59.31278,18.07577,False
Södertälje,Sweden,26,70777,59.19554,17.62525,False
Tensta,Sweden,26,17083,59.3939,17.90111,False
Timrå,Sweden,24,10495,62.48654,17.32613,False
Torslanda,Sweden,28,10129,57.72432,11.77013,False
Tranås,Sweden,08,14550,58.03717,14.9782,False
Trelleborg,Sweden,27,29316,55.37514,13.15691,False
Trollhättan,Sweden,28,48573,58.28365,12.28864,False
Tullinge,Sweden,26,16000,59.2,17.9,False
Tumba,Sweden,26,40832,59.19858,17.83317,False
Täby,Sweden,26,58123,59.4439,18.06872,False
Uddevalla,Sweden,28,34781,58.34784,11.9424,False
Ulricehamn,Sweden,28,10629,57.79159,13.41422,False
Umeå,Sweden,23,130224,63.82842,20.25972,False
Upplands Väsby,Sweden,26,36534,59.51839,17.91128,False
Uppsala,Sweden,21,177074,59.85882,17.63889,False
Vallentuna,Sweden,26,31937,59.53436,18.07758,False
Varberg,Sweden,06,34248,57.10557,12.25078,False
Vasastaden,Sweden,26,58458,59.35,18.03333,False
Vetlanda,Sweden,08,13430,57.42887,15.07762,False
Visby,Sweden,05,23402,57.64089,18.29602,False
Vänersborg,Sweden,28,23119,58.38075,12.3234,False
Värnamo,Sweden,08,19061,57.18604,14.04001,False
Västervik,Sweden,09,21178,57.7584,16.63733,False
Västerås,Sweden,25,127799,59.61617,16.55276,False
Västra Frölunda,Sweden,28,15924,57.64667,11.92944,False
Växjö,Sweden,12,71282,56.87767,14.80906,False
Vårby,Sweden,26,10115,59.26671,17.88407,False
Ystad,Sweden,27,18806,55.42966,13.82041,False
Ängelholm,Sweden,27,23240,56.2428,12.86219,False
Åkersberga,Sweden,26,32659,59.47944,18.29967,False
Årsta,Sweden,26,16807,59.2978,18.0514,False
Örebro,Sweden,15,155989,59.27412,15.2066,False
Örnsköldsvik,Sweden,24,32493,63.29091,18.71525,False
Östermalm,Sweden,26,36418,59.33879,18.08487,False
Östersund,Sweden,07,49806,63.1792,14.63566,False
Aarau,Switzerland,AG,21503,47.39254,8.04422,False
Adliswil,Switzerland,ZH,15230,47.30997,8.52462,False
Aesch,Switzerland,BL,10138,47.47104,7.5973,False
Affoltern am Albis,Switzerland,ZH,12226,47.27743,8.45128,False
Aigle,Switzerland,VD,10134,46.3181,6.96457,False
Allschwil,Switzerland,BL,18189,47.55074,7.53599,False
Altstätten,Switzerland,SG,10574,47.37766,9.54746,False
Amriswil,Switzerland,TG,11351,47.54699,9.29586,False
Arbon,Switzerland,TG,14631,47.51667,9.43333,False
Baar,Switzerland,ZG,20546,47.19625,8.52954,False
Baden,Switzerland,AG,19340,47.47333,8.30592,False
Basel,Switzerland,BS,177595,47.55839,7.57327,False
Bellinzona,Switzerland,TI,43220,46.19278,9.01703,False
Bern,Switzerland,BE,121631,46.94809,7.44744,True
Biel/Bienne,Switzerland,BE,55120,47.13713,7.24608,False
Binningen,Switzerland,BL,14130,47.54021,7.56932,False
Birsfelden,Switzerland,BL,10232,47.5529,7.62322,False
Brugg,Switzerland,AG,11177,47.48096,8.20869,False
Buchs,Switzerland,SG,10418,47.16743,9.47794,False
Bulle,Switzerland,FR,23438,46.61797,7.0569,False
Burgdorf,Switzerland,BE,16420,47.05901,7.62786,False
Bülach,Switzerland,ZH,20443,47.52197,8.54049,False
Carouge,Switzerland,GE,19344,46.18096,6.13921,False
Cham,Switzerland,ZG,16719,47.18213,8.46358,False
Chur,Switzerland,GR,35373,46.84986,9.53287,False
Chêne-Bougeries,Switzerland,GE,10487,46.19843,6.18642,False
Crans-Montana,Switzerland,VS,10218,46.31316,7.47914,False
Davos,Switzerland,GR,10898,46.80429,9.83723,False
Delémont,Switzerland,JU,12682,47.36493,7.34453,False
Dietikon,Switzerland,ZH,20893,47.40165,8.40015,False
Dübendorf,Switzerland,ZH,19882,47.39724,8.61872,False
Ebikon,Switzerland,LU,11471,47.07937,8.34041,False
Ecublens,Switzerland,VD,10262,46.52899,6.56261,False
Effretikon,Switzerland,ZH,10119,47.42575,8.69094,False
Einsiedeln,Switzerland,SZ,15867,47.12849,8.74735,False
Emmen,Switzerland,LU,30926,47.07819,8.27331,False
Frauenfeld,Switzerland,TG,25607,47.55776,8.89893,False
Freienbach,Switzerland,SZ,14302,47.20534,8.75842,False
Fribourg,Switzerland,FR,38365,46.80237,7.15128,False
Geneva,Switzerland,GE,201741,46.20222,6.14569,False
Gland,Switzerland,VD,10641,46.42082,6.2701,False
Glarus,Switzerland,GL,12425,47.04057,9.06804,False
Gossau,Switzerland,SG,17043,47.41551,9.25482,False
Grenchen,Switzerland,SO,15927,47.1921,7.39586,False
Herisau,Switzerland,AR,15744,47.38615,9.27916,False
Hinwil,Switzerland,ZH,11135,47.29426,8.84393,False
Horgen,Switzerland,ZH,22662,47.25983,8.59778,False
Horw,Switzerland,LU,12348,47.01692,8.30956,False
Ittigen,Switzerland,BE,11546,46.97434,7.48281,False
Jona,Switzerland,SG,17655,47.22983,8.83884,False
Kloten,Switzerland,ZH,16289,47.45152,8.58491,False
Kreuzlingen,Switzerland,TG,21997,47.65051,9.17504,False
Kriens,Switzerland,LU,25010,47.0311,8.28547,False
Köniz,Switzerland,BE,41784,46.92436,7.41457,False
Küsnacht,Switzerland,ZH,11525,47.31805,8.58401,False
Küssnacht,Switzerland,SZ,13084,47.08557,8.44206,False
La Chaux-de-Fonds,Switzerland,NE,37942,47.09993,6.82586,False
La Tour-de-Peilz,Switzerland,VD,10522,46.45312,6.85856,False
Lancy,Switzerland,GE,27291,46.18981,6.11441,False
Langenthal,Switzerland,BE,14184,47.21526,7.79607,False
Lausanne,Switzerland,VD,139111,46.516,6.63282,False
Le Locle,Switzerland,NE,10216,47.05619,6.74913,False
Lenzburg,Switzerland,AG,10569,47.38853,8.17503,False
Liestal,Switzerland,BL,12832,47.48455,7.73446,False
Littau,Switzerland,LU,16121,47.05,8.26274,False
Locarno,Switzerland,TI,15824,46.17086,8.79953,False
Lugano,Switzerland,TI,63185,46.01008,8.96004,False
Luzern,Switzerland,LU,81691,47.05048,8.30635,False
Lyss,Switzerland,BE,10937,47.0741,7.30655,False
Martigny-Ville,Switzerland,VS,18301,46.10276,7.07245,False
Mattenbach (Kreis 7),Switzerland,ZH,11043,47.48705,8.74681,False
Meilen,Switzerland,ZH,14207,47.27232,8.64617,False
Mendrisio,Switzerland,TI,14942,45.87019,8.9816,False
Meyrin,Switzerland,GE,19772,46.23424,6.08025,False
Monthey,Switzerland,VS,17777,46.25451,6.95406,False
Montreux,Switzerland,VD,25984,46.43301,6.91143,False
Morges,Switzerland,VD,15705,46.51127,6.49854,False
Muri,Switzerland,BE,13054,46.93122,7.48658,False
Muttenz,Switzerland,BL,16927,47.52271,7.64511,False
Münchenstein,Switzerland,BL,11644,47.51848,7.60966,False
Münsingen,Switzerland,BE,10928,46.87298,7.561,False
Neuchâtel,Switzerland,NE,33475,46.99179,6.931,False
Neuhausen,Switzerland,SH,10019,47.68579,8.61474,False
Nyon,Switzerland,VD,16797,46.38318,6.23955,False
Oberwil,Switzerland,BL,10187,47.51407,7.55786,False
Oberwinterthur (Kreis 2),Switzerland,ZH,16356,47.51692,8.76863,False
Oftringen,Switzerland,AG,10390,47.31382,7.92533,False
Olten,Switzerland,SO,18362,47.34999,7.90329,False
Onex,Switzerland,GE,17302,46.18396,6.10237,False
Opfikon,Switzerland,ZH,21554,47.43169,8.57588,False
Pfäffikon,Switzerland,ZH,11931,47.36453,8.79202,False
Plan-les-Ouates,Switzerland,GE,10540,46.16789,6.11664,False
Pratteln,Switzerland,BL,14877,47.52071,7.69356,False
Prilly,Switzerland,VD,10524,46.53698,6.60456,False
Pully,Switzerland,VD,16263,46.51027,6.66183,False
Rapperswil,Switzerland,SG,34776,47.22557,8.82228,False
Reinach,Switzerland,BL,19216,47.49702,7.59172,False
Renens,Switzerland,VD,20927,46.53989,6.5881,False
Rheinfelden,Switzerland,AG,10733,47.55437,7.79403,False
Richterswil,Switzerland,ZH,10189,47.20622,8.69686,False
Riehen,Switzerland,BS,20000,47.57884,7.64683,False
Rotkreuz,Switzerland,ZG,10439,47.14283,8.4314,False
Sankt Gallen,Switzerland,SG,75833,47.42391,9.37477,False
Sarnen,Switzerland,OW,10368,46.89611,8.24531,False
Schaffhausen,Switzerland,SH,36587,47.69732,8.63493,False
Schlieren,Switzerland,ZH,12695,47.39668,8.44763,False
Schwyz,Switzerland,SZ,15181,47.02076,8.65414,False
Seen (Kreis 3),Switzerland,ZH,15434,47.47646,8.76996,False
Sierre,Switzerland,VS,16790,46.29192,7.53559,False
Sitten,Switzerland,VS,34708,46.22739,7.35559,False
Solothurn,Switzerland,SO,16777,47.20791,7.53714,False
Spiez,Switzerland,BE,12594,46.68473,7.69111,False
Spreitenbach,Switzerland,AG,11875,47.42285,8.36792,False
Stadt Winterthur (Kreis 1),Switzerland,ZH,16182,47.49494,8.71954,False
Steffisburg,Switzerland,BE,15709,46.77807,7.63249,False
Thalwil,Switzerland,ZH,13296,47.29175,8.56351,False
Thun,Switzerland,BE,43723,46.75118,7.62166,False
Thônex,Switzerland,GE,13057,46.18815,6.19904,False
Uster,Switzerland,ZH,34715,47.34713,8.72091,False
Uster / Kirch-Uster,Switzerland,ZH,10428,47.34579,8.71839,False
Uzwil,Switzerland,SG,12885,47.43653,9.13422,False
Vernier,Switzerland,GE,30086,46.21702,6.08497,False
Versoix,Switzerland,GE,11467,46.28382,6.16214,False
Vevey,Switzerland,VD,19891,46.46299,6.84345,False
Villars-sur-Glâne,Switzerland,FR,10021,46.79054,7.11717,False
Wallisellen,Switzerland,ZH,11705,47.41499,8.59672,False
Wettingen,Switzerland,AG,18191,47.46606,8.32663,False
Wetzikon,Switzerland,ZH,24764,47.3264,8.79779,False
Wil,Switzerland,SG,23955,47.46152,9.04552,False
Winterthur,Switzerland,ZH,111840,47.50564,8.72413,False
Wohlen,Switzerland,AG,13875,47.35066,8.27517,False
Worb,Switzerland,BE,11053,46.92984,7.56306,False
Wädenswil,Switzerland,ZH,13269,47.22683,8.6687,False
Wülflingen (Kreis 6),Switzerland,ZH,12598,47.51036,8.68333,False
Yverdon-les-Bains,Switzerland,VD,30157,46.77852,6.64115,False
Zofingen,Switzerland,AG,11655,47.28779,7.94586,False
Zug,Switzerland,ZG,30542,47.17242,8.51745,False
Zürich,Switzerland,ZH,415367,47.36667,8.55,False
Zürich (Kreis 10),Switzerland,ZH,36216,47.40773,8.5005,False
Zürich (Kreis 10) / Höngg,Switzerland,ZH,17117,47.40313,8.4971,False
Zürich (Kreis 10) / Wipkingen,Switzerland,ZH,15718,47.39503,8.52529,False
Zürich (Kreis 11),Switzerland,ZH,54260,47.42326,8.52166,False
Zürich (Kreis 11) / Affoltern,Switzerland,ZH,17241,47.41814,8.5122,False
Zürich (Kreis 11) / Oerlikon,Switzerland,ZH,17922,47.40823,8.54258,False
Zürich (Kreis 11) / Seebach,Switzerland,ZH,17851,47.42181,8.54779,False
Zürich (Kreis 12),Switzerland,ZH,28189,47.40372,8.57608,False
Zürich (Kreis 12) / Hirzenbach,Switzerland,ZH,11335,47.40187,8.58633,False
Zürich (Kreis 12) / Schwamendingen-Mitte,Switzerland,ZH,10476,47.4063,8.57242,False
Zürich (Kreis 2),Switzerland,ZH,29215,47.33756,8.5211,False
Zürich (Kreis 2) / Wollishofen,Switzerland,ZH,16073,47.3401,8.53134,False
Zürich (Kreis 3),Switzerland,ZH,46018,47.35785,8.50296,False
Zürich (Kreis 3) / Alt-Wiedikon,Switzerland,ZH,14931,47.36201,8.51497,False
Zürich (Kreis 3) / Sihlfeld,Switzerland,ZH,20977,47.37382,8.51164,False
Zürich (Kreis 4) / Aussersihl,Switzerland,ZH,27273,47.37752,8.52127,False
Zürich (Kreis 4) / Hard,Switzerland,ZH,12976,47.38311,8.50942,False
Zürich (Kreis 4) / Langstrasse,Switzerland,ZH,10386,47.37767,8.52854,False
Zürich (Kreis 5),Switzerland,ZH,11737,47.38767,8.52152,False
Zürich (Kreis 6),Switzerland,ZH,29951,47.39223,8.54381,False
Zürich (Kreis 6) / Unterstrass,Switzerland,ZH,20045,47.3953,8.53721,False
Zürich (Kreis 7),Switzerland,ZH,33820,47.37328,8.58038,False
Zürich (Kreis 8),Switzerland,ZH,15519,47.3548,8.56097,False
Zürich (Kreis 9),Switzerland,ZH,44878,47.38245,8.47993,False
Zürich (Kreis 9) / Albisrieden,Switzerland,ZH,16480,47.37398,8.49007,False
Zürich (Kreis 9) / Altstetten,Switzerland,ZH,28307,47.38946,8.48533,False
Abakumova,Ukraine,05,15000,48.00222,37.59721,False
Akademmistechko,Ukraine,12,10000,50.46936,30.36216,False
Alchevsk,Ukraine,14,106062,48.46906,38.79744,False
Alushta,Ukraine,11,29586,44.67728,34.4097,False
Amvrosiivka,Ukraine,05,17998,47.79062,38.47851,False
Antonivka,Ukraine,08,12777,46.67666,32.73061,False
Antratsyt,Ukraine,14,52150,48.11638,39.08863,False
Antyfiyivka,Ukraine,12,10000,50.48648,30.46975,False
Apostolove,Ukraine,04,15828,47.65983,33.71952,False
Armyansk,Ukraine,11,24442,46.10919,33.69206,False
Arshyntseve,Ukraine,11,34500,45.30109,36.42687,False
Artsyz,Ukraine,17,14355,45.98526,29.43286,False
Avdiyivka,Ukraine,05,35826,48.14019,37.75008,False
Avdotyine,Ukraine,05,10818,47.91552,37.85034,False
Avtozavodskyi,Ukraine,18,157382,49.09753,33.43206,False
Bahacheve,Ukraine,01,15763,49.01198,31.04659,False
Bakhchysaray,Ukraine,11,27448,44.75525,33.85782,False
Bakhmach,Ukraine,02,16862,51.18144,32.83463,False
Bakhmut,Ukraine,05,80500,48.59419,37.99886,False
Balaklava,Ukraine,20,18649,44.51118,33.59942,False
Balakliya,Ukraine,07,26334,49.45595,36.84433,False
Balta,Ukraine,17,18511,47.93596,29.62225,False
Bar,Ukraine,23,15337,49.07362,27.67404,False
Baranivka,Ukraine,27,11161,50.29691,27.6622,False
Baryshivka,Ukraine,13,10294,50.35925,31.32005,False
Bashtanka,Ukraine,16,12180,47.40528,32.43444,False
Berdyansk,Ukraine,26,106311,46.75578,36.78815,False
Berdychiv,Ukraine,27,73046,49.89421,28.58236,False
Berehove,Ukraine,25,23325,48.20514,22.64453,False
Berestovskyi,Ukraine,05,80671,48.04426,37.87654,False
Berestyn,Ukraine,07,21426,49.3776,35.44485,False
Berezan,Ukraine,13,16202,50.31073,31.46768,False
Berezhany,Ukraine,22,17697,49.44578,24.93686,False
Berezne,Ukraine,19,13280,51.00343,26.74618,False
Berezniaky,Ukraine,12,46000,50.42627,30.60218,False
Bershad,Ukraine,23,12205,48.36354,29.51463,False
Beryslav,Ukraine,08,12417,46.83851,33.42664,False
Bila Tserkva,Ukraine,13,207273,49.7994,30.1165,False
Bilhorod-Dnistrovskyi,Ukraine,17,47727,46.19484,30.34827,False
Bilohirsk,Ukraine,11,16428,45.05679,34.60386,False
Bilohorodka,Ukraine,13,21369,50.3898,30.22726,False
Bilopillia,Ukraine,21,15600,51.14747,34.31079,False
Bilozerske,Ukraine,05,14634,48.53366,37.06272,False
Bilyayivka,Ukraine,17,12477,46.48427,30.2089,False
Bilychi,Ukraine,12,40200,50.46544,30.34654,False
Biyuk-Onlar,Ukraine,11,10244,45.28866,34.13521,False
Bobrovytsia,Ukraine,02,10541,50.74559,31.38205,False
Bobrynets,Ukraine,10,10758,48.05674,32.1655,False
Bohodukhiv,Ukraine,07,17818,50.16147,35.52367,False
Bohodukhivskyi,Ukraine,05,90600,47.96688,37.86255,False
Bohuniya,Ukraine,27,147324,50.27691,28.60962,False
Bohuslav,Ukraine,13,15789,49.54637,30.87407,False
Bokovo-Khrustalne,Ukraine,14,11421,48.15124,38.78043,False
Bolekhiv,Ukraine,06,10259,49.06479,23.85953,False
Bolhrad,Ukraine,17,15044,45.67786,28.61811,False
Borodianka,Ukraine,13,13832,50.64306,29.92329,False
Borshchahivka,Ukraine,12,179900,50.4316,30.3899,False
Borshchiv,Ukraine,22,10632,48.80319,26.03171,False
Bortnychi,Ukraine,12,15500,50.38489,30.69542,False
Boryslav,Ukraine,15,32473,49.28998,23.42889,False
Boryspil,Ukraine,13,64117,50.35051,30.95263,False
Bosse,Ukraine,05,50000,47.95519,37.8003,False
Boyarka,Ukraine,13,34394,50.31911,30.29728,False
Brody,Ukraine,15,23134,50.08854,25.14606,False
Brovary,Ukraine,13,109806,50.51097,30.79106,False
Bryanka,Ukraine,14,44760,48.511,38.67222,False
Bucha,Ukraine,13,42279,50.54741,30.20879,False
Buchach,Ukraine,22,12171,49.06234,25.39496,False
Bunhe,Ukraine,05,13495,48.2214,38.28365,False
Burshtyn,Ukraine,06,14737,49.25193,24.63339,False
Chaiky,Ukraine,13,12000,50.43034,30.28385,False
Chasiv Yar,Ukraine,05,12250,48.58768,37.83409,False
Cheremushky,Ukraine,17,120000,46.43251,30.71151,False
Cherkasy,Ukraine,01,269836,49.44452,32.05738,False
Chernihiv,Ukraine,02,282747,51.50541,31.28656,False
Chernivtsi,Ukraine,03,264298,48.29045,25.93241,False
Chokolivka,Ukraine,12,73600,50.42444,30.44732,False
Chornomorske,Ukraine,11,11039,45.50657,32.69776,False
Chornomors’k,Ukraine,17,57983,46.29914,30.65529,False
Chortkiv,Ukraine,22,28393,49.01701,25.79808,False
Chuhuyiv,Ukraine,07,36519,49.83538,36.6865,False
Chumakivskyi,Ukraine,05,103005,47.95671,37.94194,False
Chystyakove,Ukraine,05,53462,48.03876,38.59685,False
Darnytskyi Masyv,Ukraine,12,68900,50.44311,30.62759,False
Darnytsya,Ukraine,12,343384,50.41596,30.69534,False
Darnytsya Car Repair Plant Microdistrict,Ukraine,12,17600,50.44953,30.67608,False
Debaltseve,Ukraine,05,24209,48.33592,38.40261,False
Demiyivka,Ukraine,12,29200,50.40206,30.51564,False
Derhachi,Ukraine,07,17139,50.10789,36.1209,False
Desna,Ukraine,12,368500,50.52207,30.68228,False
Desnyanskyi,Ukraine,02,179600,51.50631,31.3168,False
Dnipro,Ukraine,04,968502,48.46664,35.04066,False
Dniprorudne,Ukraine,26,17736,47.38993,35.00065,False
Dniprovskyi,Ukraine,12,357900,50.45366,30.60146,False
Dobropillia,Ukraine,05,28170,48.46674,37.08567,False
Dokuchayevsk,Ukraine,05,22835,47.7522,37.67761,False
Dolyna,Ukraine,06,20417,48.97158,23.96558,False
Dolynska,Ukraine,10,25362,48.11725,32.77691,False
Donetsk,Ukraine,05,901645,48.023,37.80224,False
Dovzhansk,Ukraine,14,62691,48.07615,39.64744,False
Drohobych,Ukraine,15,73682,49.35196,23.51121,False
Druzhkivka,Ukraine,05,53977,48.61995,37.52537,False
Dubno,Ukraine,19,37257,50.40752,25.7624,False
Dunayivtsi,Ukraine,09,15707,48.88697,26.84816,False
Dzhankoy,Ukraine,11,41731,45.7131,34.39273,False
Enerhodar,Ukraine,26,52887,47.49048,34.66199,False
Fastiv,Ukraine,13,44014,50.07796,29.91963,False
Feodosiya,Ukraine,11,68562,45.03199,35.38153,False
Fortechnyi,Ukraine,10,167451,48.49865,32.25365,False
Hadyach,Ukraine,18,23480,50.36912,33.997,False
Haspra,Ukraine,11,10310,44.43633,34.1125,False
Hatne,Ukraine,13,12500,50.35444,30.37497,False
Haysyn,Ukraine,23,25735,48.81294,29.37917,False
Hayvoron,Ukraine,10,14523,48.34323,29.86592,False
Henichesk,Ukraine,08,19501,46.16824,34.80861,False
Hirnyk,Ukraine,05,10357,48.05728,37.3716,False
Hirnytskyi,Ukraine,05,107216,48.0211,37.96914,False
Hladkivka,Ukraine,05,41500,48.03556,37.81009,False
Hlukhiv,Ukraine,21,31789,51.67982,33.91682,False
Hnivan,Ukraine,23,12191,49.0939,28.33785,False
Hola Prystan,Ukraine,08,13544,46.52973,32.52408,False
Holosiyiv,Ukraine,12,62200,50.34433,30.55178,False
Holubivka,Ukraine,14,26654,48.63751,38.6428,False
Horishni Plavni,Ukraine,18,49854,49.00835,33.62926,False
Horlivka,Ukraine,05,239828,48.29986,38.01709,False
Horodnia,Ukraine,02,11506,51.89129,31.59632,False
Horodok,Ukraine,09,16046,49.17209,26.56357,False
Horodok,Ukraine,15,15993,49.78476,23.6481,False
Horodyshche,Ukraine,01,13609,49.29114,31.44035,False
Hostomel,Ukraine,13,18466,50.56841,30.2651,False
Hrebinka,Ukraine,18,10541,50.12017,32.42966,False
Hruzkyi,Ukraine,05,52265,48.0651,37.93619,False
Hulyaypole,Ukraine,26,13446,47.66685,36.25576,False
Hvardiyske,Ukraine,11,12589,45.11692,34.02188,False
Ichki,Ukraine,11,10410,45.34267,34.92463,False
Ichnia,Ukraine,02,10390,50.85908,32.39129,False
Ihren,Ukraine,04,22118,48.47614,35.15842,False
Illintsi,Ukraine,23,11284,49.10544,29.20589,False
Ilovays’k,Ukraine,05,15447,47.92498,38.20235,False
Inhulets,Ukraine,04,62173,47.7301,33.25189,False
Inkerman,Ukraine,20,10204,44.61391,33.6098,False
Irpin,Ukraine,13,65167,50.52201,30.24037,False
Ivano-Frankivsk,Ukraine,06,238196,48.92312,24.71248,False
Iziaslav,Ukraine,09,16162,50.11978,26.82475,False
Izmayil,Ukraine,17,69932,45.35058,28.83751,False
Izyum,Ukraine,07,45884,49.20697,37.27679,False
Kadiyivka,Ukraine,14,73248,48.56818,38.64352,False
Kaharlyk,Ukraine,13,13133,49.859,30.82327,False
Kakhovka,Ukraine,08,35983,46.81601,33.47862,False
Kal'mius'ke,Ukraine,05,11422,47.6639,38.07753,False
Kalmiuskyi,Ukraine,05,101498,47.11046,37.54375,False
Kalush,Ukraine,06,65088,49.02398,24.37206,False
Kalynivka,Ukraine,23,18492,49.46129,28.51541,False
Kalynivskyi,Ukraine,05,103249,48.00741,37.85378,False
Kamin-Kashyrskyi,Ukraine,24,11042,51.62514,24.96276,False
Kamyanets-Podilskyi,Ukraine,09,97908,48.67882,26.58516,False
Kamyanka,Ukraine,01,11501,49.03955,32.10174,False
Kamyanka-Buzka,Ukraine,15,10397,50.10655,24.34451,False
Kamyanka-Dniprovska,Ukraine,26,12117,47.49629,34.41026,False
Kamyanobridskyi,Ukraine,14,42396,48.5865,39.28092,False
Kamyanske,Ukraine,04,226845,48.51716,34.60617,False
Kaniv,Ukraine,01,23503,49.75187,31.47003,False
Karavayevi Dachi,Ukraine,12,35600,50.43044,30.43659,False
Karlivka,Ukraine,18,14470,49.45548,35.13493,False
Katerynivka,Ukraine,14,16948,48.55586,39.18277,False
Kerch,Ukraine,11,148932,45.35675,36.47542,False
Khanzhonkivskyi,Ukraine,05,53040,48.09512,38.04202,False
Khanzhonkove,Ukraine,05,40007,48.0945,38.07553,False
Kharkiv,Ukraine,07,1421125,49.98177,36.25475,False
Kharkivskyi Masyv,Ukraine,12,93700,50.40848,30.66006,False
Khartsyzk,Ukraine,05,56182,48.04277,38.14025,False
Kherson,Ukraine,08,66000,46.63695,32.61458,False
Khmelnytskyi,Ukraine,09,274452,49.41835,26.97936,False
Khmilnyk,Ukraine,23,27707,49.5581,27.95682,False
Khorol,Ukraine,18,12540,49.78286,33.27184,False
Khreshchatyi Yar,Ukraine,12,13000,50.4547,30.52917,False
Khrestivka,Ukraine,05,27370,48.14969,38.35941,False
Khrustalnyi,Ukraine,14,79533,48.14241,38.92369,False
Khust,Ukraine,25,28424,48.17193,23.29791,False
Kiliya,Ukraine,17,19540,45.44445,29.26396,False
Kindrativskyi,Ukraine,05,101565,48.30282,38.05475,False
Kivertsi,Ukraine,24,13798,50.83516,25.45596,False
Kivsharivka,Ukraine,07,19738,49.63026,37.6775,False
Klov,Ukraine,12,18000,50.4349,30.53807,False
Knyahynyn,Ukraine,06,16554,48.93561,24.71307,False
Kolomyia,Ukraine,06,60821,48.52496,25.03712,False
Komyshova Bukhta,Ukraine,20,10205,44.58442,33.44095,False
Konotop,Ukraine,21,84787,51.23251,33.2004,False
Korolevo,Ukraine,25,10385,48.15731,23.13769,False
Korolyov,Ukraine,27,114034,50.24487,28.70013,False
Korosten,Ukraine,27,61496,50.9512,28.63859,False
Korostyshiv,Ukraine,27,24129,50.31686,29.05774,False
Korsun-Shevchenkivskyi,Ukraine,01,17763,49.41822,31.25174,False
Koryukivka,Ukraine,02,14215,51.7746,32.24747,False
Kostopil,Ukraine,19,30838,50.87732,26.44797,False
Kostyantynivka,Ukraine,26,11540,46.81778,35.42424,False
Kostyantynivka,Ukraine,05,67350,48.52728,37.70594,False
Kotelva,Ukraine,18,12122,50.06849,34.74697,False
Kotsyubynske,Ukraine,13,17623,50.48836,30.32957,False
Kovel,Ukraine,24,67575,51.21548,24.70077,False
Kovpakivskyi,Ukraine,21,142447,50.92508,34.79484,False
Kozyatyn,Ukraine,23,23241,49.7164,28.83858,False
Kramatorsk,Ukraine,05,147145,48.73106,37.56779,False
Krasnohorivka,Ukraine,05,14666,48.00462,37.50692,False
Krasnoyilsk,Ukraine,03,10428,48.01865,25.56004,False
Krasyliv,Ukraine,09,18868,49.65376,26.97211,False
Kremenchuk,Ukraine,18,224997,49.06253,33.40484,False
Kremenets,Ukraine,22,21063,50.09864,25.72787,False
Kreminna,Ukraine,14,18116,49.04811,38.21552,False
Krolevets,Ukraine,21,24115,51.55181,33.38044,False
Kropyvnytskyi,Ukraine,10,219676,48.50834,32.26618,False
Kryukiv,Ukraine,18,75578,49.02894,33.43847,False
Kryvyy Rih,Ukraine,04,603904,47.90572,33.39404,False
Kupyansk,Ukraine,07,27169,49.71003,37.61581,False
Kurakhove,Ukraine,05,18220,47.9847,37.28069,False
Kurenivka,Ukraine,12,23700,50.49371,30.47104,False
Kurman,Ukraine,11,11134,45.50271,34.30134,False
Kybalchych,Ukraine,12,16100,50.49288,30.59756,False
Kyiv,Ukraine,12,2952301,50.45466,30.5238,True
Kyivskyi,Ukraine,18,110600,49.60902,34.52933,False
Kyivskyi,Ukraine,05,139177,48.04646,37.77571,False
Ladyzhyn,Ukraine,23,22459,48.68437,29.23636,False
Lazurnyi,Ukraine,05,13460,48.7481,37.62088,False
Lebedyn,Ukraine,21,23892,50.58228,34.48258,False
Letychiv,Ukraine,09,10335,49.3801,27.61889,False
Levada,Ukraine,18,13990,49.5692,34.58061,False
Lisovyi Masyv,Ukraine,12,87300,50.4725,30.63113,False
Liuboml,Ukraine,24,10295,51.22536,24.03225,False
Liubotyn,Ukraine,07,20001,49.94691,35.92907,False
Livoberezhnyi,Ukraine,05,122175,47.1093,37.64306,False
Livoberezhnyi Masyv,Ukraine,12,26200,50.45544,30.58969,False
Lokhvytsya,Ukraine,18,11014,50.36444,33.27153,False
Lozova,Ukraine,07,54026,48.89066,36.31412,False
Lubny,Ukraine,18,44595,50.01413,32.99975,False
Luhansk,Ukraine,14,397677,48.56814,39.30553,False
Lukyanivka,Ukraine,12,31400,50.46642,30.47591,False
Lutsk,Ukraine,24,215986,50.75784,25.35024,False
Lutuhyne,Ukraine,14,17061,48.40433,39.21302,False
Luzanivka,Ukraine,17,10000,46.55729,30.76876,False
Lviv,Ukraine,15,717273,49.83826,24.02324,False
Lyman,Ukraine,05,20066,48.99012,37.80843,False
Lymanka,Ukraine,17,13085,46.38564,30.67736,False
Lypky,Ukraine,12,18100,50.44296,30.53039,False
Lysychansk,Ukraine,14,93340,48.91211,38.42088,False
Makiyivka,Ukraine,05,338968,48.04782,37.92576,False
Mala Vyska,Ukraine,10,10382,48.64694,31.63231,False
Malyn,Ukraine,27,25172,50.76756,29.24225,False
Manevychi,Ukraine,24,11775,51.29385,25.53063,False
Marhanets,Ukraine,04,44980,47.63088,34.6245,False
Mariupol,Ukraine,05,230000,47.09514,37.54131,False
Masany,Ukraine,02,30000,51.53316,31.2313,False
Melitopol,Ukraine,26,148851,46.84735,35.38196,False
Mena,Ukraine,02,10935,51.52205,32.21364,False
Merefa,Ukraine,07,21202,49.82107,36.0567,False
Minskyi Masyv,Ukraine,12,33000,50.51815,30.46238,False
Mohyliv-Podilskyy,Ukraine,23,30589,48.44278,27.79975,False
Molodizhne,Ukraine,18,44000,49.1504,33.4305,False
Mospyne,Ukraine,05,10471,47.89012,38.06381,False
Mostyska,Ukraine,15,16945,49.79467,23.15077,False
Mostytskyi Masyv,Ukraine,12,25000,50.50231,30.44121,False
Mukachevo,Ukraine,25,85569,48.44248,22.718,False
Mykhaylivka,Ukraine,26,11949,47.26863,35.22207,False
Mykilska Borshchahivka,Ukraine,12,127400,50.42638,30.37442,False
Mykolaivka,Ukraine,05,14210,48.86193,37.76835,False
Mykolayiv,Ukraine,15,14498,49.5255,23.9779,False
Mykolayiv,Ukraine,16,470011,46.97625,31.99296,False
Mykytivskyi,Ukraine,05,70474,48.31421,38.00378,False
Myrhorod,Ukraine,18,39575,49.96464,33.60861,False
Myrnohrad,Ukraine,05,46098,48.3099,37.26513,False
Myrnyi,Ukraine,04,11476,48.38919,35.00277,False
Myronivka,Ukraine,13,11103,49.66007,30.98225,False
Nadvirna,Ukraine,06,22504,48.63659,24.5714,False
Nemyriv,Ukraine,23,11662,48.97002,28.83781,False
Netishyn,Ukraine,09,36492,50.32863,26.64872,False
Nikopol,Ukraine,04,105160,47.56826,34.39126,False
Nizhyn,Ukraine,02,66983,51.04772,31.88844,False
Nosivka,Ukraine,02,12908,50.93799,31.58031,False
Nova Darnytsya,Ukraine,12,45700,50.42405,30.6558,False
Nova Kakhovka,Ukraine,08,44427,46.75966,33.35591,False
Nova Odesa,Ukraine,16,13547,47.31268,31.76972,False
Nova Vodolaha,Ukraine,07,10455,49.71875,35.8601,False
Nova Zabudova,Ukraine,12,49000,50.42811,30.5153,False
Novhorod-Siverskyi,Ukraine,02,15175,52.00684,33.2634,False
Novi Kodaky,Ukraine,04,15000,48.48667,34.95639,False
Novoazovs'k,Ukraine,05,11051,47.11389,38.08599,False
Novobilychi,Ukraine,12,28500,50.47611,30.34669,False
Novodnistrovsk,Ukraine,03,10590,48.58321,27.43658,False
Novohrodivka,Ukraine,05,14037,48.20052,37.33883,False
Novomyrhorod,Ukraine,10,10715,48.81692,31.64985,False
Novooleksiyivka,Ukraine,08,10154,46.22995,34.64576,False
Novotroyitske,Ukraine,08,10647,46.35088,34.33245,False
Novoukrayinka,Ukraine,10,16479,48.31661,31.52355,False
Novovolynsk,Ukraine,24,49772,50.72949,24.15976,False
Novoyavorivs'k,Ukraine,15,31366,49.93023,23.57357,False
Novozavodskyi,Ukraine,02,179600,51.4893,31.25634,False
Novyi Buh,Ukraine,16,14969,47.69057,32.51214,False
Novyi Lviv,Ukraine,15,40000,49.81519,24.03171,False
Novyi Melitopol,Ukraine,26,12000,46.84998,35.32805,False
Novyi Rozdil,Ukraine,15,28304,49.47136,24.13352,False
Nyvky,Ukraine,12,71700,50.46461,30.40593,False
Nyzhnodniprovsk,Ukraine,04,160123,48.47546,35.1167,False
Nyzhnya Krynka,Ukraine,05,14253,48.11376,38.15962,False
Nyzhnya Telychka,Ukraine,12,17000,50.38809,30.57487,False
Obolon,Ukraine,12,239500,50.5132,30.5055,False
Obukhiv,Ukraine,13,31557,50.11632,30.63329,False
Ochakiv,Ukraine,16,13663,46.61472,31.54505,False
Odesa,Ukraine,17,1010537,46.48572,30.74383,False
Okhtyrka,Ukraine,21,47216,50.30852,34.89468,False
Oleksandrivska Slobidka,Ukraine,12,34100,50.41827,30.47807,False
Oleksandrivskyi,Ukraine,05,100330,47.96788,37.80335,False
Oleksandriya,Ukraine,10,76097,48.67466,33.11761,False
Oleksiyivka,Ukraine,07,100500,50.04516,36.19322,False
Oleshky,Ukraine,08,24639,46.62553,32.72426,False
Olevsk,Ukraine,27,10032,51.22482,27.65228,False
Orikhiv,Ukraine,26,14479,47.57613,35.78333,False
Ostroh,Ukraine,19,14894,50.32897,26.52113,False
Otamanivka,Ukraine,14,22449,48.34586,39.65233,False
Ovidiopol,Ukraine,17,11572,46.24721,30.43746,False
Ovruch,Ukraine,27,15332,51.3274,28.80165,False
Pavlohrad,Ukraine,04,101430,48.53214,35.86878,False
Pechersk,Ukraine,12,100900,50.44441,30.52348,False
Pelahiivka,Ukraine,05,17877,48.10752,38.61338,False
Perehinske,Ukraine,06,12681,48.81118,24.19196,False
Pereiaslav,Ukraine,13,26273,50.06739,31.44969,False
Perevalsk,Ukraine,14,24817,48.43921,38.82839,False
Pervomaysk,Ukraine,16,62426,48.04478,30.84784,False
Petrovo-Krasnosillya,Ukraine,14,12642,48.29662,38.87892,False
Pidhorodnye,Ukraine,04,19138,48.57422,35.09702,False
Pisochyn,Ukraine,07,23509,49.9516,36.10262,False
Pivdenna Borshchahivka,Ukraine,12,50500,50.41059,30.40396,False
Pivdenne,Ukraine,17,32677,46.62472,31.10182,False
Pivdennoukrainsk,Ukraine,16,38560,47.82879,31.17513,False
Pivnichna Saltivka,Ukraine,07,45000,50.04512,36.35905,False
Pivnichne,Ukraine,05,11747,48.39785,37.90935,False
Pivnichni Osokorky,Ukraine,12,39500,50.3932,30.61304,False
Pivnichno-Brovarskyi Masyv,Ukraine,12,37600,50.46304,30.61697,False
Podil,Ukraine,12,25900,50.46936,30.51627,False
Podil,Ukraine,18,31870,49.6039,34.59443,False
Podilsk,Ukraine,17,39220,47.74988,29.53074,False
Podilskyi,Ukraine,10,86652,48.50357,32.28035,False
Pokrov,Ukraine,04,37493,47.65361,34.11488,False
Pokrovsk,Ukraine,05,60127,48.28014,37.17706,False
Polohy,Ukraine,26,18111,47.47865,36.25463,False
Polonne,Ukraine,09,20785,50.11944,27.50856,False
Poltava,Ukraine,18,279593,49.58925,34.55367,False
Popasna,Ukraine,14,19199,48.63168,38.37104,False
Pozniaky,Ukraine,12,104400,50.40259,30.62352,False
Pravyi Bereh,Ukraine,05,352088,47.11498,37.58519,False
Primorskyi,Ukraine,11,12560,45.11201,35.4786,False
Priorka,Ukraine,12,36500,50.50977,30.45773,False
Prydniprovsk,Ukraine,04,14787,48.41302,35.12995,False
Pryluky,Ukraine,02,52553,50.59525,32.38382,False
Prymorsk,Ukraine,26,11157,46.73415,36.34599,False
Prymorskyi,Ukraine,05,71008,47.07098,37.49973,False
Putyvl,Ukraine,21,14886,51.33529,33.86885,False
Pyatykhatky,Ukraine,04,18140,48.40821,33.70919,False
Pyryatyn,Ukraine,18,14988,50.24388,32.5203,False
Radomyshl,Ukraine,27,15252,50.4962,29.23003,False
Radyvyliv,Ukraine,19,10427,50.13041,25.25181,False
Rakhiv,Ukraine,25,15621,48.05472,24.20314,False
Rakivka,Ukraine,18,17400,49.02446,33.46398,False
Rakove,Ukraine,09,17000,49.39556,27.06009,False
Rayduzhnyi Masyv,Ukraine,12,26600,50.48551,30.58571,False
Rayon KTZ,Ukraine,07,200000,49.94349,36.36959,False
Reni,Ukraine,17,18530,45.45421,28.27731,False
Rivne,Ukraine,19,243873,50.62036,26.23695,False
Romny,Ukraine,21,38305,50.74025,33.4952,False
Rovenky,Ukraine,14,45514,48.08277,39.37696,False
Rozdilna,Ukraine,17,17858,46.85479,30.07091,False
Rozhyshche,Ukraine,24,13280,50.91632,25.27121,False
Rubizhne,Ukraine,14,55247,49.00849,38.37972,False
Rusanivka,Ukraine,12,27400,50.43996,30.59682,False
Rutchenkivskyi,Ukraine,05,168029,47.97597,37.69677,False
Saki,Ukraine,11,28322,45.13424,33.59996,False
Saltivka,Ukraine,07,409300,50.02207,36.34901,False
Samar,Ukraine,04,70550,48.62893,35.2589,False
Sambir,Ukraine,15,34152,49.51624,23.20133,False
Saperna Slobidka,Ukraine,12,20200,50.40077,30.5349,False
Sarny,Ukraine,19,28865,51.33898,26.60693,False
Sartana,Ukraine,05,10070,47.17523,37.69184,False
Selydove,Ukraine,05,21521,48.1465,37.3022,False
Sevastopol,Ukraine,20,547820,44.60795,33.52134,False
Shakhtarsk,Ukraine,05,71700,48.05657,38.43826,False
Shakhtarske,Ukraine,04,27573,48.3479,36.39637,False
Shchastya,Ukraine,14,11411,48.73784,39.23047,False
Shchemylivka,Ukraine,18,10000,49.07551,33.39964,False
Shcholkine,Ukraine,11,10593,45.42985,35.8225,False
Shepetivka,Ukraine,09,40802,50.18118,27.06517,False
Sheptytskyi,Ukraine,15,64297,50.39403,24.23935,False
Shevchenkivskyi,Ukraine,12,220077,50.46408,30.46576,False
Shevchenkivskyi,Ukraine,14,87516,48.56346,39.33216,False
Shevchenko,Ukraine,18,147600,49.5645,34.53873,False
Shostka,Ukraine,21,73197,51.86434,33.47283,False
Shpola,Ukraine,01,16674,49.01291,31.3926,False
Shulyavka,Ukraine,12,62200,50.45356,30.4531,False
Simferopol,Ukraine,11,336460,44.95719,34.11079,False
Siversk,Ukraine,05,10875,48.86476,38.09683,False
Siverskodonetsk,Ukraine,14,99067,48.94414,38.48754,False
Skadovsk,Ukraine,08,17915,46.11313,32.90978,False
Skhidni Kvartaly,Ukraine,14,102500,48.56622,39.38256,False
Skvyra,Ukraine,13,17452,49.73401,29.66353,False
Slavuta,Ukraine,09,35068,50.29609,26.86613,False
Slavutych,Ukraine,13,24464,51.5225,30.71806,False
Slobozhanske,Ukraine,04,13556,48.53201,35.07147,False
Slobozhanske,Ukraine,07,15825,49.59054,36.52172,False
Slovyansk,Ukraine,05,105141,48.84974,37.59739,False
Smila,Ukraine,01,66475,49.23295,31.88427,False
Smolyanskyi,Ukraine,05,116779,48.01435,37.73586,False
Snihurivka,Ukraine,16,12045,47.07651,32.8197,False
Snizhne,Ukraine,05,55587,48.02328,38.76205,False
Snovsk,Ukraine,02,10620,51.81674,31.94245,False
Sofiivska Borschahivka,Ukraine,13,25882,50.40931,30.35908,False
Sofiyivka,Ukraine,05,11458,48.2638,38.15928,False
Sokal,Ukraine,15,20373,50.47452,24.28088,False
Sokolohirsk,Ukraine,14,36091,48.6279,38.52389,False
Soledar,Ukraine,05,10490,48.6921,38.07098,False
Solomyanka,Ukraine,12,32500,50.42838,30.45211,False
Solonytsivka,Ukraine,07,12378,49.99682,36.03464,False
Sonyachnyi,Ukraine,05,40650,48.72284,37.5981,False
Sorokyne,Ukraine,14,49352,48.29329,39.73327,False
Sosnivka,Ukraine,15,10838,50.2897,24.25139,False
Sotsmisto,Ukraine,05,53370,48.73663,37.59075,False
Stanytsya-Luhanska,Ukraine,14,12258,48.66247,39.48358,False
Stara Darnytsya,Ukraine,12,25900,50.43333,30.63333,False
Stare Misto,Ukraine,12,41800,50.44759,30.52635,False
Stare Misto,Ukraine,05,10290,48.72593,37.54696,False
Starobilsk,Ukraine,14,15947,49.27881,38.9075,False
Starokostyantyniv,Ukraine,09,34232,49.75522,27.21229,False
Stebnyk,Ukraine,15,20200,49.30098,23.55197,False
Storozhynets,Ukraine,03,14198,48.15938,25.72144,False
Stryi,Ukraine,15,61404,49.26103,23.84845,False
Sudak,Ukraine,11,16597,44.84924,34.97471,False
Sukhodilsk,Ukraine,14,20390,48.35022,39.72698,False
Sumy,Ukraine,21,256474,50.91741,34.79906,False
Svalyava,Ukraine,25,17068,48.54735,22.98673,False
Svatove,Ukraine,14,16145,49.40926,38.15534,False
Svetlodarsk,Ukraine,05,11127,48.43374,38.22331,False
Svitlovodsk,Ukraine,10,43130,49.06287,33.2458,False
Svyatopetrivske,Ukraine,13,16200,50.38214,30.32278,False
Svyatoshyn,Ukraine,12,53000,50.46341,30.34612,False
Sykhiv,Ukraine,15,151131,49.79427,24.06284,False
Synelnykove,Ukraine,04,30556,48.32362,35.52612,False
Syrets,Ukraine,12,45600,50.47955,30.44491,False
Talne,Ukraine,01,13318,48.88891,30.6965,False
Tarashcha,Ukraine,13,12952,49.55719,30.49615,False
Taromske,Ukraine,04,13289,48.44278,34.78852,False
Tatarbunary,Ukraine,17,10836,45.83861,29.61123,False
Tatarka,Ukraine,12,25800,50.46941,30.48649,False
Tavriysk,Ukraine,08,10108,46.75432,33.41665,False
Tekstylnyk,Ukraine,05,75000,47.94594,37.69848,False
Telychka,Ukraine,12,40000,50.4,30.56667,False
Terebovlia,Ukraine,22,13425,49.29967,25.68886,False
Teremky,Ukraine,12,34500,50.37053,30.45881,False
Teremky-I,Ukraine,12,13000,50.3666,30.45858,False
Teremky-II,Ukraine,12,23800,50.38067,30.45249,False
Ternivka,Ukraine,04,26961,48.52656,36.07051,False
Ternopil,Ukraine,22,225238,49.55404,25.59067,False
Terny,Ukraine,04,28000,48.14512,33.55832,False
Tetiiv,Ukraine,13,14388,49.37019,29.66933,False
Tokmak,Ukraine,26,29573,47.25554,35.70836,False
Toretsk,Ukraine,05,30914,48.39477,37.8478,False
Trostyanets,Ukraine,21,19544,50.48478,34.96567,False
Trudivskyi,Ukraine,05,16000,47.94699,37.55806,False
Truskavets,Ukraine,15,28287,49.28067,23.50365,False
Tsentralno-Miskyi,Ukraine,05,118283,48.30237,38.03165,False
Tsentralno-Miskyi,Ukraine,05,94417,48.06167,37.97157,False
Tsentralnyi,Ukraine,05,179582,47.09833,37.54838,False
Tulchyn,Ukraine,23,15011,48.67397,28.86848,False
Ukrayinka,Ukraine,13,13636,50.14317,30.74612,False
Ukrayinsk,Ukraine,05,10655,48.09777,37.36526,False
Uman,Ukraine,01,81525,48.7501,30.21944,False
Uzhhorod,Ukraine,25,115449,48.6242,22.2947,False
Uzyn,Ukraine,13,11921,49.82482,30.42487,False
Valky,Ukraine,07,10381,49.83701,35.61393,False
Varash,Ukraine,19,42000,51.34038,25.85547,False
Vasylivka,Ukraine,26,12567,47.44218,35.28213,False
Vasylkiv,Ukraine,13,37068,50.18023,30.31189,False
Velykodolynske,Ukraine,17,13856,46.34642,30.57902,False
Verhunskyi,Ukraine,14,185593,48.58573,39.37158,False
Verkhivtseve,Ukraine,04,10262,48.48127,34.24003,False
Verkhnodniprovsk,Ukraine,04,15477,48.65557,34.3262,False
Verkhnya Telychka,Ukraine,12,15000,50.40414,30.57296,False
Vidradnyi,Ukraine,12,69800,50.43194,30.42231,False
Vilkhivskyi,Ukraine,14,126340,48.54327,39.28201,False
Vilnohirsk,Ukraine,04,22079,48.48416,34.01708,False
Vilnyansk,Ukraine,26,15044,47.94768,35.44034,False
Vinnytsya,Ukraine,23,430091,49.2322,28.46871,False
Vitka,Ukraine,05,12000,48.03778,37.79167,False
Vitryani Hory,Ukraine,12,18200,50.51138,30.43657,False
Volnovakha,Ukraine,05,21166,47.6008,37.49358,False
Volochysk,Ukraine,09,18474,49.53606,26.20681,False
Volodymyr-Volynskyi,Ukraine,24,37910,50.85033,24.32119,False
Voskresenka,Ukraine,12,84200,50.48481,30.6032,False
Vovchansk,Ukraine,07,17459,50.29078,36.94108,False
Voznesenivka,Ukraine,14,15218,48.07613,39.79618,False
Voznesensk,Ukraine,16,33442,47.56218,31.33602,False
Voznesenskyi,Ukraine,05,85399,47.93161,37.62971,False
Vuhledar,Ukraine,05,14144,47.77973,37.24999,False
Vyhurivshchyna-Troyeshchyna,Ukraine,12,240000,50.51137,30.60251,False
Vynnyky,Ukraine,15,19037,49.81672,24.14417,False
Vynohradar,Ukraine,12,57500,50.51429,30.42452,False
Vynohradiv,Ukraine,25,25317,48.14126,23.03623,False
Vyshhorod,Ukraine,13,33109,50.58312,30.48566,False
Vyshhorodskyi Masyv,Ukraine,12,35200,50.50978,30.45355,False
Vyshneve,Ukraine,13,42983,50.38834,30.36809,False
Vysokyi,Ukraine,07,10988,49.89419,36.12384,False
Yahotyn,Ukraine,13,18995,50.27535,31.76343,False
Yakymivka,Ukraine,26,11069,46.7011,35.16334,False
Yalta,Ukraine,11,77003,44.50218,34.16624,False
Yampil,Ukraine,23,10957,48.24056,28.28141,False
Yany Kapu,Ukraine,11,30700,45.95547,33.79261,False
Yasynuvata,Ukraine,05,37600,48.12678,37.85924,False
Yavoriv,Ukraine,15,12785,49.93774,23.38355,False
Yenakiyeve,Ukraine,05,76673,48.23857,38.20403,False
Yevpatoriya,Ukraine,11,107040,45.20091,33.36655,False
Yuzivskyi,Ukraine,05,94228,48.0,37.80006,False
Zaporizhzhya,Ukraine,26,710052,47.85167,35.11714,False
Zarichnyi,Ukraine,21,150694,50.90376,34.80933,False
Zbarazh,Ukraine,22,13746,49.66157,25.77925,False
Zdolbuniv,Ukraine,19,24501,50.52205,26.24823,False
Zelenodolsk,Ukraine,04,12692,47.55498,33.65905,False
Zhashkiv,Ukraine,01,13242,49.2459,30.09888,False
Zhdanivka,Ukraine,05,11867,48.1532,38.25692,False
Zhmerynka,Ukraine,23,34498,49.03523,28.11405,False
Zhovkva,Ukraine,15,13852,50.05751,23.97346,False
Zhovti Vody,Ukraine,04,42052,48.34518,33.49743,False
Zhuravlivka,Ukraine,07,20000,50.0125,36.27214,False
Zhydachiv,Ukraine,15,10353,49.3832,24.13918,False
Zhytomyr,Ukraine,27,261624,50.26235,28.67913,False
Zlatopil,Ukraine,07,28510,49.37646,36.21848,False
Zmiiv,Ukraine,07,13737,49.69689,36.36207,False
Znamyanka,Ukraine,10,22444,48.72066,32.65822,False
Zolochiv,Ukraine,15,22608,49.8074,24.90376,False
Zolote,Ukraine,14,13007,48.69516,38.51512,False
Zolotonosha,Ukraine,01,27818,49.66926,32.03637,False
Zuhres,Ukraine,05,17871,48.01428,38.26599,False
Zvenyhorodka,Ukraine,01,16490,49.07765,30.96074,False
Zvyahel,Ukraine,27,55925,50.59141,27.60884,False
Zymna Voda,Ukraine,15,11365,49.82625,23.88222,False
Abbey Road,United Kingdom,ENG,13043,51.5349,-0.1782,False
Abbey Wood,United Kingdom,ENG,17700,51.48688,0.10747,False
Abbots Langley,United Kingdom,ENG,10472,51.70573,-0.41757,False
Abercarn,United Kingdom,WLS,10118,51.64733,-3.13476,False
Aberdare,United Kingdom,WLS,31135,51.71438,-3.44918,False
Aberdeen,United Kingdom,SCT,198590,57.14369,-2.09814,False
Abergavenny,United Kingdom,WLS,13695,51.82098,-3.01743,False
Abergele,United Kingdom,WLS,11290,53.28436,-3.5822,False
Aberkenfig,United Kingdom,WLS,10083,51.54,-3.59556,False
Abertillery,United Kingdom,WLS,10946,51.72981,-3.13432,False
Aberystwyth,United Kingdom,WLS,18749,52.41548,-4.08292,False
Abingdon,United Kingdom,ENG,38676,51.67109,-1.28278,False
Abram,United Kingdom,ENG,10074,53.50855,-2.59266,False
Accrington,United Kingdom,ENG,34897,53.75379,-2.35863,False
Acocks Green,United Kingdom,ENG,26635,52.45,-1.81667,False
Acton,United Kingdom,ENG,62480,51.50901,-0.2762,False
Addlestone,United Kingdom,ENG,14978,51.37135,-0.49353,False
Adwick le Street,United Kingdom,ENG,19481,53.57077,-1.18454,False
Airdrie,United Kingdom,SCT,36390,55.86602,-3.98025,False
Aldershot,United Kingdom,ENG,40160,51.24827,-0.76389,False
Aldridge,United Kingdom,ENG,26896,52.60549,-1.91715,False
Alfreton,United Kingdom,ENG,22550,53.09766,-1.38376,False
Allerton,United Kingdom,ENG,15540,53.36697,-2.894,False
Alloa,United Kingdom,SCT,20390,56.11586,-3.78997,False
Alsager,United Kingdom,ENG,13347,53.09617,-2.30649,False
Alton,United Kingdom,ENG,19425,51.14931,-0.97469,False
Altrincham,United Kingdom,ENG,49680,53.38752,-2.34848,False
Amersham,United Kingdom,ENG,21731,51.66667,-0.61667,False
Amersham on the Hill,United Kingdom,ENG,17719,51.67468,-0.60742,False
Amesbury,United Kingdom,ENG,10116,51.17509,-1.78064,False
Ammanford,United Kingdom,WLS,23709,51.79279,-3.98833,False
Ampthill,United Kingdom,ENG,20026,52.02694,-0.49567,False
Andover,United Kingdom,ENG,42276,51.21135,-1.49393,False
Annfield Plain,United Kingdom,ENG,10406,54.85749,-1.73827,False
Antrim,United Kingdom,NIR,19661,54.7175,-6.211,False
Arbroath,United Kingdom,SCT,23640,56.56317,-2.58736,False
Archway,United Kingdom,ENG,215667,51.56733,-0.13415,False
Ardrossan,United Kingdom,SCT,10500,55.65018,-4.80659,False
Armadale,United Kingdom,SCT,12720,55.88333,-3.7,False
Armagh,United Kingdom,NIR,14801,54.35,-6.66667,False
Armthorpe,United Kingdom,ENG,12911,53.53518,-1.05341,False
Arnold,United Kingdom,ENG,37873,53.0,-1.13333,False
Ascot,United Kingdom,ENG,17899,51.41082,-0.6748,False
Ashby-de-la-Zouch,United Kingdom,ENG,12370,52.74632,-1.4732,False
Ashford,United Kingdom,ENG,62787,51.14648,0.87376,False
Ashford,United Kingdom,ENG,27382,51.43173,-0.45761,False
Ashington,United Kingdom,ENG,27670,55.17719,-1.56412,False
Ashtead,United Kingdom,ENG,13494,51.30873,-0.29972,False
Ashton in Makerfield,United Kingdom,ENG,26380,53.48333,-2.65,False
Ashton-under-Lyne,United Kingdom,ENG,43675,53.48876,-2.0989,False
Aston,United Kingdom,ENG,32286,52.5,-1.88333,False
Atherstone,United Kingdom,ENG,11259,52.57536,-1.54693,False
Atherton,United Kingdom,ENG,22000,53.52371,-2.49354,False
Attleborough,United Kingdom,ENG,10549,52.51779,1.01572,False
Aylesbury,United Kingdom,ENG,74748,51.81665,-0.81458,False
Aylestone,United Kingdom,ENG,11151,52.60422,-1.14631,False
Ayr,United Kingdom,SCT,46260,55.46273,-4.63393,False
Bacup,United Kingdom,ENG,13047,53.70336,-2.2007,False
Baildon,United Kingdom,ENG,15710,53.84711,-1.78785,False
Baldock,United Kingdom,ENG,10615,51.98781,-0.18835,False
Balham,United Kingdom,ENG,14751,51.44959,-0.15096,False
Ballymena,United Kingdom,NIR,28932,54.86357,-6.27628,False
Banbridge,United Kingdom,NIR,16173,54.35,-6.28333,False
Banbury,United Kingdom,ENG,48651,52.0632,-1.34222,False
Bangor,United Kingdom,WLS,18322,53.22752,-4.12936,False
Bangor,United Kingdom,NIR,61011,54.66079,-5.66802,False
Banstead,United Kingdom,ENG,46280,51.32233,-0.20685,False
Bargoed,United Kingdom,WLS,13412,51.68333,-3.23333,False
Barking,United Kingdom,ENG,218534,51.53333,0.08333,False
Barkingside,United Kingdom,ENG,12609,51.58131,0.0686,False
Barnes,United Kingdom,ENG,21218,51.47352,-0.24839,False
Barnet,United Kingdom,ENG,30000,51.65,-0.2,False
Barnham,United Kingdom,ENG,11881,50.8312,-0.63789,False
Barnoldswick,United Kingdom,ENG,10435,53.91711,-2.18705,False
Barnsbury,United Kingdom,ENG,10000,51.54067,-0.11675,False
Barnsley,United Kingdom,ENG,71447,53.55,-1.48333,False
Barnstaple,United Kingdom,ENG,31616,51.08022,-4.05808,False
Barrhead,United Kingdom,SCT,17890,55.79916,-4.39285,False
Barrow in Furness,United Kingdom,ENG,55489,54.11094,-3.22758,False
Barry,United Kingdom,WLS,54673,51.39979,-3.2838,False
Bartley Green,United Kingdom,ENG,22670,52.43532,-1.99707,False
Barton upon Humber,United Kingdom,ENG,11066,53.68915,-0.44377,False
Basford,United Kingdom,ENG,16000,52.96667,-1.18333,False
Basildon,United Kingdom,ENG,144859,51.56844,0.45782,False
Basingstoke,United Kingdom,ENG,107642,51.26249,-1.08708,False
Batchworth,United Kingdom,ENG,12600,51.63402,-0.46421,False
Bath,United Kingdom,ENG,101557,51.3751,-2.36172,False
Bathgate,United Kingdom,SCT,23600,55.90204,-3.64398,False
Batley,United Kingdom,ENG,39013,53.70291,-1.6337,False
Battersea,United Kingdom,ENG,75651,51.47475,-0.15547,False
Bayswater,United Kingdom,ENG,17500,51.51116,-0.18426,False
Beaconsfield,United Kingdom,ENG,13797,51.61219,-0.64732,False
Bearsden,United Kingdom,SCT,28470,55.91536,-4.33279,False
Bebington,United Kingdom,ENG,57600,53.35,-3.01667,False
Beccles,United Kingdom,ENG,13868,52.45936,1.56465,False
Beckenham,United Kingdom,ENG,60739,51.40878,-0.02526,False
Becontree,United Kingdom,ENG,100000,51.5529,0.129,False
Bedford,United Kingdom,ENG,106940,52.13459,-0.46632,False
Bedlington,United Kingdom,ENG,18470,55.13061,-1.59319,False
Bedworth,United Kingdom,ENG,31090,52.4791,-1.46909,False
Beighton,United Kingdom,ENG,10914,53.33333,-1.33333,False
Belfast,United Kingdom,NIR,348005,54.59682,-5.92541,False
Belgrave,United Kingdom,ENG,11558,52.65,-1.11667,False
Belle Vale,United Kingdom,ENG,15613,53.39213,-2.86022,False
Bellshill,United Kingdom,SCT,19700,55.81667,-4.01667,False
Belmont,United Kingdom,ENG,10048,51.34324,-0.20003,False
Belper,United Kingdom,ENG,23417,53.0233,-1.48119,False
Belsize Park,United Kingdom,ENG,11600,51.54767,-0.17228,False
Belvedere,United Kingdom,ENG,11000,51.49114,0.15136,False
Bentley,United Kingdom,ENG,34821,53.53333,-1.15,False
Berkhamsted,United Kingdom,ENG,21997,51.7604,-0.56528,False
Berwick-Upon-Tweed,United Kingdom,ENG,12043,55.76868,-2.00537,False
Bethnal Green,United Kingdom,ENG,17590,51.52718,-0.06109,False
Beverley,United Kingdom,ENG,30587,53.84587,-0.42332,False
Bexhill-on-Sea,United Kingdom,ENG,43754,50.85023,0.47095,False
Bexley,United Kingdom,ENG,228000,51.44162,0.14866,False
Bicester,United Kingdom,ENG,33846,51.89998,-1.15357,False
Bickley,United Kingdom,ENG,13904,51.40135,0.04583,False
Biddulph,United Kingdom,ENG,17669,53.11724,-2.17584,False
Bideford,United Kingdom,ENG,28672,51.01678,-4.20832,False
Biggin Hill,United Kingdom,ENG,10817,51.31329,0.03433,False
Biggleswade,United Kingdom,ENG,16551,52.08652,-0.26493,False
Billericay,United Kingdom,ENG,36338,51.62867,0.41963,False
Billingham,United Kingdom,ENG,35708,54.58881,-1.29034,False
Bingley,United Kingdom,ENG,18040,53.84861,-1.83857,False
Birkenhead,United Kingdom,ENG,325264,53.39337,-3.01479,False
Birmingham,United Kingdom,ENG,1157603,52.48142,-1.89983,False
Birstall,United Kingdom,ENG,12216,52.66667,-1.11667,False
Bishop Auckland,United Kingdom,ENG,26050,54.65554,-1.67706,False
Bishopbriggs,United Kingdom,SCT,23680,55.90669,-4.21869,False
Bishops Cleeve,United Kingdom,ENG,14231,51.94749,-2.06277,False
Bishops Stortford,United Kingdom,ENG,40915,51.87113,0.15868,False
Bishopstoke,United Kingdom,ENG,17667,50.96643,-1.32832,False
Bishopsworth,United Kingdom,ENG,11576,51.41479,-2.6208,False
Blackburn,United Kingdom,ENG,146521,53.75,-2.48333,False
Blackheath,United Kingdom,ENG,25116,51.4647,0.0079,False
Blackley,United Kingdom,ENG,10196,53.51765,-2.21443,False
Blackpool,United Kingdom,ENG,145007,53.81667,-3.05,False
Blackwall,United Kingdom,ENG,19461,51.50971,-0.0016,False
Blackwood,United Kingdom,WLS,15476,51.66778,-3.2075,False
Blacon,United Kingdom,ENG,13495,53.20832,-2.9253,False
Blandford Forum,United Kingdom,ENG,11694,50.86073,-2.16174,False
Blantyre,United Kingdom,SCT,17090,55.79634,-4.09485,False
Blaydon-on-Tyne,United Kingdom,ENG,15155,54.96461,-1.71392,False
Bletchley,United Kingdom,ENG,50193,51.99334,-0.73471,False
Bloxwich,United Kingdom,ENG,40000,52.61806,-2.00431,False
Blyth,United Kingdom,ENG,37339,55.12708,-1.50856,False
Bodmin,United Kingdom,ENG,16909,50.47151,-4.7243,False
Bognor Regis,United Kingdom,ENG,63885,50.78206,-0.67978,False
Bolsover,United Kingdom,ENG,11754,53.22846,-1.29204,False
Bolton,United Kingdom,ENG,141331,53.58333,-2.43333,False
Bolton upon Dearne,United Kingdom,ENG,13236,53.51667,-1.31667,False
Bonnyrigg,United Kingdom,SCT,18320,55.87329,-3.1051,False
Bootle,United Kingdom,ENG,57791,53.46667,-3.01667,False
Bordon,United Kingdom,ENG,20978,51.11357,-0.86245,False
Borehamwood,United Kingdom,ENG,36322,51.65468,-0.27762,False
Boston,United Kingdom,ENG,45339,52.97633,-0.02664,False
Boughton,United Kingdom,ENG,10120,53.2,-0.98333,False
Bourne,United Kingdom,ENG,13961,52.76667,-0.38333,False
Bournemouth,United Kingdom,ENG,163600,50.72048,-1.8795,False
Bow,United Kingdom,ENG,27720,51.52609,-0.01665,False
Bowthorpe,United Kingdom,ENG,20000,52.63884,1.21885,False
Bo’ness,United Kingdom,SCT,14840,56.01667,-3.61667,False
Brackley,United Kingdom,ENG,13018,52.03333,-1.15,False
Bracknell,United Kingdom,ENG,76103,51.41363,-0.75054,False
Bradford,United Kingdom,ENG,366187,53.79391,-1.75206,False
Bradwell,United Kingdom,ENG,10000,52.57353,1.69979,False
Braintree,United Kingdom,ENG,53477,51.87819,0.55292,False
Bramhall,United Kingdom,ENG,17195,53.35801,-2.16539,False
Braunstone,United Kingdom,ENG,16850,52.61835,-1.17904,False
Bredbury,United Kingdom,ENG,17040,53.41667,-2.11667,False
Brent,United Kingdom,ENG,329100,51.55306,-0.3023,False
Brentford,United Kingdom,ENG,10750,51.48619,-0.3083,False
Brentwood,United Kingdom,ENG,52586,51.62127,0.30556,False
Bridgend,United Kingdom,WLS,49597,51.50583,-3.57722,False
Bridgnorth,United Kingdom,ENG,12657,52.53661,-2.42033,False
Bridgwater,United Kingdom,ENG,41276,51.12837,-3.00356,False
Bridlington,United Kingdom,ENG,35154,54.08306,-0.19192,False
Bridport,United Kingdom,ENG,12295,50.7338,-2.75831,False
Brierfield,United Kingdom,ENG,10271,53.82468,-2.23415,False
Brierley Hill,United Kingdom,ENG,28000,52.48173,-2.12139,False
Brighouse,United Kingdom,ENG,32872,53.70322,-1.78428,False
Brighton,United Kingdom,ENG,283870,50.82838,-0.13947,False
Bristol,United Kingdom,ENG,479024,51.45523,-2.59665,False
Briton Ferry,United Kingdom,WLS,35179,51.63106,-3.81898,False
Brixham,United Kingdom,ENG,16693,50.39431,-3.51585,False
Brixton,United Kingdom,ENG,66300,51.46593,-0.10652,False
Brixton Hill,United Kingdom,ENG,12458,51.45213,-0.123,False
Broadfield,United Kingdom,ENG,13000,51.09714,-0.20664,False
Broadstairs,United Kingdom,ENG,23283,51.35845,1.44185,False
Broadstone,United Kingdom,ENG,10289,50.75717,-1.99406,False
Brockley,United Kingdom,ENG,17156,51.46369,-0.03652,False
Bromborough,United Kingdom,ENG,14850,53.3485,-2.97935,False
Bromsgrove,United Kingdom,ENG,34755,52.33574,-2.05983,False
Brough,United Kingdom,ENG,19904,53.72861,-0.57215,False
Brownhills,United Kingdom,ENG,13441,52.63333,-1.93333,False
Broxbourne,United Kingdom,ENG,13298,51.74712,-0.01923,False
Broxburn,United Kingdom,SCT,15970,55.93415,-3.47133,False
Brymbo,United Kingdom,WLS,18111,53.06667,-3.06667,False
Brynmawr,United Kingdom,WLS,14924,51.8,-3.18333,False
Buckhurst Hill,United Kingdom,ENG,11755,51.62409,0.03262,False
Buckingham,United Kingdom,ENG,12890,51.99968,-0.98779,False
Buckley,United Kingdom,WLS,63576,53.16667,-3.08333,False
Burgess Hill,United Kingdom,ENG,30635,50.95843,-0.13287,False
Burnage,United Kingdom,ENG,13706,53.43265,-2.19967,False
Burngreave,United Kingdom,ENG,27481,53.39302,-1.45789,False
Burnham,United Kingdom,ENG,12500,51.53534,-0.66579,False
Burnham-on-Sea,United Kingdom,ENG,23325,51.23862,-2.9978,False
Burnley,United Kingdom,ENG,149422,53.8,-2.23333,False
Burntwood,United Kingdom,ENG,29244,52.68075,-1.92759,False
Burton upon Trent,United Kingdom,ENG,122199,52.80728,-1.64263,False
Bury,United Kingdom,ENG,61044,53.6,-2.3,False
Bury St Edmunds,United Kingdom,ENG,41280,52.2463,0.71111,False
Bushey,United Kingdom,ENG,28416,51.64316,-0.36053,False
Buxton,United Kingdom,ENG,20048,53.25741,-1.90982,False
Caerphilly,United Kingdom,WLS,31060,51.57452,-3.218,False
Calne,United Kingdom,ENG,17274,51.43879,-2.00571,False
Camberley,United Kingdom,ENG,30155,51.33705,-0.74261,False
Camborne,United Kingdom,ENG,20450,50.21306,-5.29731,False
Cambridge,United Kingdom,ENG,145674,52.2,0.11667,False
Cambuslang,United Kingdom,SCT,30790,55.80966,-4.16096,False
Camden Town,United Kingdom,ENG,26122,51.54057,-0.14334,False
Canary Wharf,United Kingdom,ENG,73390,51.50519,-0.02085,False
Canford Heath,United Kingdom,ENG,14418,50.751,-1.96862,False
Canning Town,United Kingdom,ENG,42667,51.51363,0.01948,False
Cannock,United Kingdom,ENG,86121,52.69045,-2.03085,False
Canonbury,United Kingdom,ENG,12072,51.54339,-0.0912,False
Canterbury,United Kingdom,ENG,55087,51.27904,1.07992,False
Canvey Island,United Kingdom,ENG,38170,51.52199,0.5809,False
Cardiff,United Kingdom,WLS,372089,51.48,-3.18,False
Carlisle,United Kingdom,ENG,78470,54.8951,-2.9382,False
Carluke,United Kingdom,SCT,13810,55.73595,-3.83019,False
Carmarthen,United Kingdom,WLS,15854,51.85552,-4.30535,False
Carnoustie,United Kingdom,SCT,11310,56.50263,-2.7053,False
Carrickfergus,United Kingdom,NIR,29208,54.7158,-5.8058,False
Carshalton,United Kingdom,ENG,45525,51.36829,-0.16755,False
Carterton,United Kingdom,ENG,15680,51.75905,-1.59435,False
Castle Vale,United Kingdom,ENG,10000,52.51879,-1.79683,False
Castleford,United Kingdom,ENG,45106,53.72587,-1.36256,False
Castlereagh,United Kingdom,NIR,56679,54.5735,-5.88472,False
Caterham,United Kingdom,ENG,20957,51.2823,-0.07889,False
Catford,United Kingdom,ENG,44905,51.44491,-0.02043,False
Catterick Garrison,United Kingdom,ENG,11804,54.37748,-1.72232,False
Chadderton,United Kingdom,ENG,37602,53.5448,-2.13984,False
Chaddesden,United Kingdom,ENG,13413,52.92951,-1.43422,False
Chafford Hundred,United Kingdom,ENG,13466,51.4892,0.2944,False
Chalfont Saint Peter,United Kingdom,ENG,20059,51.60885,-0.55618,False
Chalk Farm,United Kingdom,ENG,24977,51.54313,-0.14987,False
Chapel Allerton,United Kingdom,ENG,18206,53.82901,-1.53834,False
Chapeltown,United Kingdom,ENG,23056,53.46506,-1.47217,False
Chard,United Kingdom,ENG,14287,50.8727,-2.96597,False
Charlton,United Kingdom,ENG,14385,51.485,0.04032,False
Charlton Kings,United Kingdom,ENG,11700,51.88374,-2.04239,False
Chatham,United Kingdom,ENG,80596,51.37891,0.52786,False
Chatteris,United Kingdom,ENG,10298,52.45624,0.05236,False
Cheadle,United Kingdom,ENG,11404,52.98333,-1.98333,False
Cheadle Hulme,United Kingdom,ENG,28952,53.3761,-2.1897,False
Cheam,United Kingdom,ENG,11286,51.36179,-0.21977,False
Cheetham Hill,United Kingdom,ENG,12846,53.49862,-2.23846,False
Chelmsford,United Kingdom,ENG,111511,51.73575,0.46958,False
Chelmsley Wood,United Kingdom,ENG,13278,52.4781,-1.73813,False
Chelsea,United Kingdom,ENG,60000,51.48755,-0.16936,False
Chelsfield,United Kingdom,ENG,14507,51.35806,0.12772,False
Cheltenham,United Kingdom,ENG,118836,51.90006,-2.07972,False
Chepstow,United Kingdom,WLS,11900,51.64087,-2.67683,False
Chertsey,United Kingdom,ENG,15967,51.38812,-0.50782,False
Chesham,United Kingdom,ENG,20649,51.7,-0.6,False
Cheshunt,United Kingdom,ENG,43680,51.7002,-0.03026,False
Chessington,United Kingdom,ENG,19433,51.3624,-0.30427,False
Chester,United Kingdom,ENG,90524,53.1905,-2.89189,False
Chester-le-Street,United Kingdom,ENG,36917,54.85862,-1.57408,False
Chesterfield,United Kingdom,ENG,113057,53.25,-1.41667,False
Chichester,United Kingdom,ENG,31654,50.83673,-0.78003,False
Chigwell,United Kingdom,ENG,12250,51.61999,0.07596,False
Childwall,United Kingdom,ENG,13640,53.39719,-2.897,False
Chingford,United Kingdom,ENG,70583,51.63033,0.00051,False
Chippenham,United Kingdom,ENG,35800,51.46,-2.12472,False
Chislehurst,United Kingdom,ENG,15600,51.41709,0.06858,False
Chiswick,United Kingdom,ENG,34337,51.49271,-0.25801,False
Chorley,United Kingdom,ENG,33888,53.65,-2.61667,False
Chorleywood,United Kingdom,ENG,11917,51.65472,-0.51404,False
Christchurch,United Kingdom,ENG,31372,50.73583,-1.78129,False
Church Street,United Kingdom,ENG,11673,51.5239,-0.16968,False
Churchdown,United Kingdom,ENG,13287,51.87739,-2.17087,False
Cinderford,United Kingdom,ENG,12942,51.82421,-2.4987,False
Cirencester,United Kingdom,ENG,20229,51.71927,-1.97145,False
City of Westminster,United Kingdom,ENG,247614,51.4975,-0.1357,False
Clacton-on-Sea,United Kingdom,ENG,50548,51.78967,1.15597,False
Clayton-le-Woods,United Kingdom,ENG,14528,53.69689,-2.66818,False
Cleckheaton,United Kingdom,ENG,27393,53.72405,-1.71294,False
Cleethorpes,United Kingdom,ENG,38996,53.56047,-0.03225,False
Clevedon,United Kingdom,ENG,21002,51.44227,-2.85786,False
Cleveleys,United Kingdom,ENG,15000,53.8775,-3.03987,False
Clitheroe,United Kingdom,ENG,14765,53.86667,-2.4,False
Clydach,United Kingdom,WLS,19307,51.68333,-3.9,False
Clydebank,United Kingdom,SCT,25620,55.90137,-4.4057,False
Coalville,United Kingdom,ENG,37661,52.72247,-1.3702,False
Coatbridge,United Kingdom,SCT,43950,55.86216,-4.02469,False
Cobham,United Kingdom,ENG,16724,51.32997,-0.4113,False
Cockfosters,United Kingdom,ENG,10300,51.64926,-0.14823,False
Cockington,United Kingdom,ENG,10000,50.46335,-3.55691,False
Codicote,United Kingdom,ENG,10938,51.85052,-0.2367,False
Codsall,United Kingdom,ENG,11860,52.62989,-2.20148,False
Coity,United Kingdom,WLS,41352,51.522,-3.55531,False
Colchester,United Kingdom,ENG,130245,51.88921,0.90421,False
Coleraine,United Kingdom,NIR,25681,55.13333,-6.66667,False
Collier Row,United Kingdom,ENG,10100,51.59893,0.166,False
Colne,United Kingdom,ENG,20118,53.85713,-2.16851,False
Colwyn Bay,United Kingdom,WLS,29275,53.29483,-3.72674,False
Congleton,United Kingdom,ENG,26178,53.16314,-2.21253,False
Conisbrough,United Kingdom,ENG,15934,53.48188,-1.23214,False
Consett,United Kingdom,ENG,29137,54.85404,-1.8316,False
Cookstown,United Kingdom,NIR,11081,54.64305,-6.74595,False
Corby,United Kingdom,ENG,68164,52.49637,-0.68939,False
Corsham,United Kingdom,ENG,13369,51.43433,-2.18437,False
Cosham,United Kingdom,ENG,10226,50.84654,-1.06344,False
Coulsdon,United Kingdom,ENG,25530,51.32002,-0.14088,False
Coventry,United Kingdom,ENG,345324,52.40656,-1.51217,False
Cowdenbeath,United Kingdom,SCT,12030,56.11194,-3.34426,False
Cowes,United Kingdom,ENG,21226,50.76252,-1.29781,False
Cowley,United Kingdom,ENG,16500,51.73213,-1.20631,False
Craigavon,United Kingdom,NIR,59236,54.44709,-6.387,False
Cramlington,United Kingdom,ENG,33180,55.08652,-1.58598,False
Cranford,United Kingdom,ENG,12330,51.47695,-0.41345,False
Cranleigh,United Kingdom,ENG,11082,51.14209,-0.48374,False
Crawley,United Kingdom,ENG,124008,51.11303,-0.18312,False
Crewe,United Kingdom,ENG,76437,53.09787,-2.44161,False
Cricklewood,United Kingdom,ENG,65000,51.5567,-0.21549,False
Crofton Park,United Kingdom,ENG,14937,51.45147,-0.03438,False
Cross Hills,United Kingdom,ENG,11731,53.90606,-1.98492,False
Crouch End,United Kingdom,ENG,10075,51.57971,-0.12373,False
Crowborough,United Kingdom,ENG,21688,51.06098,0.16342,False
Crowthorne,United Kingdom,ENG,25522,51.37027,-0.79219,False
Croxley Green,United Kingdom,ENG,13500,51.63333,-0.45,False
Croxteth,United Kingdom,ENG,14432,53.45116,-2.90425,False
Croydon,United Kingdom,ENG,173314,51.38333,-0.1,False
Crumpsall,United Kingdom,ENG,11363,53.51827,-2.24447,False
Crystal Palace,United Kingdom,ENG,12255,51.41934,-0.07854,False
Cudworth,United Kingdom,ENG,11903,53.57131,-1.41595,False
Cumbernauld,United Kingdom,SCT,50530,55.94685,-3.99051,False
Cwmbran,United Kingdom,WLS,48535,51.65446,-3.02281,False
Dagenham,United Kingdom,ENG,108368,51.55,0.16667,False
Dalkeith,United Kingdom,SCT,12720,55.89317,-3.06806,False
Dalserf,United Kingdom,SCT,17985,55.73333,-3.91667,False
Darlington,United Kingdom,ENG,92363,54.52429,-1.55039,False
Darras Hall,United Kingdom,ENG,15000,55.0356,-1.76425,False
Dartford,United Kingdom,ENG,51240,51.44657,0.21423,False
Darton,United Kingdom,ENG,21345,53.58705,-1.52676,False
Darwen,United Kingdom,ENG,32566,53.69803,-2.46494,False
Daventry,United Kingdom,ENG,28123,52.25688,-1.16066,False
Dawlish,United Kingdom,ENG,11312,50.58118,-3.46644,False
Deal,United Kingdom,ENG,30917,51.22316,1.4028,False
Deeside,United Kingdom,WLS,32000,53.20053,-3.03841,False
Denton,United Kingdom,ENG,27464,53.45678,-2.11822,False
Derby,United Kingdom,ENG,270468,52.92277,-1.47663,False
Derry,United Kingdom,NIR,83652,54.9981,-7.30934,False
Desborough,United Kingdom,ENG,10697,52.44183,-0.82126,False
Devizes,United Kingdom,ENG,16834,51.35084,-1.99421,False
Dewsbury,United Kingdom,ENG,61035,53.69076,-1.62907,False
Dhekelia,United Kingdom,,10000,34.98431,33.73379,False
Didcot,United Kingdom,ENG,29341,51.60928,-1.24214,False
Didsbury,United Kingdom,ENG,14292,53.41698,-2.23145,False
Dingle,United Kingdom,ENG,13246,53.37908,-2.96029,False
Dinnington,United Kingdom,ENG,19860,53.36667,-1.2,False
Diss,United Kingdom,ENG,10734,52.37675,1.1091,False
Doncaster,United Kingdom,ENG,113566,53.52285,-1.13116,False
Dorchester,United Kingdom,ENG,16879,50.71667,-2.43333,False
Dorking,United Kingdom,ENG,17747,51.23228,-0.3338,False
Dover,United Kingdom,ENG,41709,51.12598,1.31257,False
Downham Market,United Kingdom,ENG,10884,52.60714,0.38375,False
Downpatrick,United Kingdom,NIR,10507,54.32814,-5.71529,False
Driffield,United Kingdom,ENG,13080,54.00613,-0.44495,False
Droitwich,United Kingdom,ENG,23834,52.26667,-2.15,False
Dronfield,United Kingdom,ENG,21124,53.30221,-1.47507,False
Droylsden,United Kingdom,ENG,23689,53.48005,-2.14543,False
Dudley,United Kingdom,ENG,199059,52.5,-2.08333,False
Dukinfield,United Kingdom,ENG,21155,53.47497,-2.08809,False
Dumbarton,United Kingdom,SCT,19950,55.94433,-4.57061,False
Dumfries,United Kingdom,SCT,46500,55.06959,-3.61139,False
Dunbar,United Kingdom,SCT,10270,56.00062,-2.51418,False
Dundee,United Kingdom,SCT,148210,56.46913,-2.97489,False
Dundonald,United Kingdom,NIR,13985,54.59196,-5.79803,False
Dunfermline,United Kingdom,SCT,54990,56.07156,-3.45887,False
Dungannon,United Kingdom,NIR,11935,54.50344,-6.76723,False
Dunstable,United Kingdom,ENG,51973,51.88571,-0.52288,False
Durham,United Kingdom,ENG,47785,54.77676,-1.57566,False
Dursley,United Kingdom,ENG,14992,51.68139,-2.35333,False
Ealing Common,United Kingdom,ENG,15945,51.50686,-0.29546,False
Earl Shilton,United Kingdom,ENG,19578,52.57682,-1.31536,False
Earlsfield,United Kingdom,ENG,15562,51.4439,-0.1854,False
East Barnet,United Kingdom,ENG,18100,51.64674,-0.16103,False
East Dereham,United Kingdom,ENG,19256,52.68333,0.93333,False
East Dulwich,United Kingdom,ENG,12321,51.45353,-0.07203,False
East Grinstead,United Kingdom,ENG,26523,51.12382,-0.0061,False
East Kilbride,United Kingdom,SCT,75310,55.76412,-4.17669,False
East Molesey,United Kingdom,ENG,18565,51.39872,-0.34916,False
East Sheen,United Kingdom,ENG,10348,51.46291,-0.26844,False
Eastbourne,United Kingdom,ENG,101689,50.76871,0.28453,False
Eastleigh,United Kingdom,ENG,54225,50.96667,-1.35,False
Eastwood,United Kingdom,ENG,18612,53.0,-1.3,False
Ebbw Vale,United Kingdom,WLS,33068,51.77714,-3.20792,False
Eccles,United Kingdom,ENG,37275,53.48333,-2.33333,False
Edgwarebury,United Kingdom,ENG,12100,51.62528,-0.27297,False
Edinburgh,United Kingdom,SCT,514990,55.95206,-3.19648,False
Edmonton,United Kingdom,ENG,82000,51.62561,-0.05798,False
Egham,United Kingdom,ENG,29663,51.43158,-0.55239,False
Elgin,United Kingdom,SCT,25040,57.64947,-3.31843,False
Elland,United Kingdom,ENG,15625,53.6851,-1.83878,False
Ellesmere Port Town,United Kingdom,ENG,65430,53.27875,-2.90134,False
Ellon,United Kingdom,SCT,10070,57.36405,-2.07313,False
Elm Park,United Kingdom,ENG,12048,51.54297,0.19454,False
Eltham,United Kingdom,ENG,48964,51.45061,0.05225,False
Ely,United Kingdom,ENG,20574,52.39964,0.26196,False
Emerson Park,United Kingdom,ENG,11977,51.57511,0.23177,False
Emsworth,United Kingdom,ENG,18777,50.84779,-0.93697,False
Enfield Lock,United Kingdom,ENG,16469,51.67086,-0.02748,False
Enfield Town,United Kingdom,ENG,156858,51.65147,-0.08497,False
Enniskillen,United Kingdom,NIR,14472,54.34615,-7.64133,False
Epping,United Kingdom,ENG,10695,51.69815,0.11055,False
Epsom,United Kingdom,ENG,31489,51.3305,-0.27011,False
Erskine,United Kingdom,SCT,15530,55.9005,-4.45028,False
Esher,United Kingdom,ENG,52392,51.36969,-0.36693,False
Evesham,United Kingdom,ENG,27684,52.09237,-1.94887,False
Evington,United Kingdom,ENG,17268,52.6,-1.06667,False
Ewell,United Kingdom,ENG,39994,51.34948,-0.2494,False
Exeter,United Kingdom,ENG,130709,50.7236,-3.52751,False
Exmouth,United Kingdom,ENG,36204,50.61723,-3.40233,False
Failsworth,United Kingdom,ENG,20555,53.50484,-2.16568,False
Fair Oak,United Kingdom,ENG,10212,50.96364,-1.29682,False
Falkirk,United Kingdom,SCT,35310,56.0021,-3.78535,False
Fallowfield,United Kingdom,ENG,14132,53.43981,-2.21572,False
Falmouth,United Kingdom,ENG,31988,50.15441,-5.07113,False
Fareham,United Kingdom,ENG,42210,50.85162,-1.17929,False
Farnborough,United Kingdom,ENG,60652,51.29424,-0.75565,False
Farnham,United Kingdom,ENG,36971,51.21444,-0.80054,False
Farnworth,United Kingdom,ENG,25680,53.55,-2.4,False
Faversham,United Kingdom,ENG,23024,51.3148,0.88856,False
Fazakerley,United Kingdom,ENG,16374,53.4614,-2.92863,False
Featherstone,United Kingdom,ENG,11060,53.67688,-1.35647,False
Featherstone,United Kingdom,ENG,14175,52.64483,-2.09315,False
Felixstowe,United Kingdom,ENG,24521,51.96375,1.3511,False
Felling,United Kingdom,ENG,34355,54.95297,-1.57152,False
Feltham,United Kingdom,ENG,63368,51.4462,-0.41388,False
Ferndown,United Kingdom,ENG,17650,50.80743,-1.89975,False
Finchley,United Kingdom,ENG,65812,51.60096,-0.19518,False
Fleet,United Kingdom,ENG,38726,51.28333,-0.83333,False
Fleetwood,United Kingdom,ENG,26232,53.92527,-3.01085,False
Flint,United Kingdom,WLS,26442,53.24488,-3.13231,False
Flitwick,United Kingdom,ENG,12983,52.00338,-0.49472,False
Folkestone,United Kingdom,ENG,66429,51.08169,1.16734,False
Forest Hill,United Kingdom,ENG,14854,51.4462,-0.04189,False
Forfar,United Kingdom,SCT,13970,56.64382,-2.89001,False
Formby,United Kingdom,ENG,23329,53.55838,-3.06999,False
Fort William,United Kingdom,SCT,15757,56.81648,-5.11208,False
Fraserburgh,United Kingdom,SCT,12570,57.68744,-2.01844,False
Friern Barnet,United Kingdom,ENG,17250,51.61328,-0.15853,False
Frimley,United Kingdom,ENG,12739,51.31667,-0.74544,False
Frinton-on-Sea,United Kingdom,ENG,16941,51.83061,1.24424,False
Frome,United Kingdom,ENG,26203,51.22834,-2.32211,False
Fulham,United Kingdom,ENG,87161,51.48026,-0.1993,False
Fulwood,United Kingdom,ENG,18233,53.35,-1.55,False
Furzedown,United Kingdom,ENG,15504,51.42456,-0.14656,False
Fylde,United Kingdom,ENG,76500,53.83333,-2.91667,False
Gainsborough,United Kingdom,ENG,20537,53.38333,-0.76667,False
Galashiels,United Kingdom,SCT,10060,55.61458,-2.80695,False
Garforth,United Kingdom,ENG,14838,53.79173,-1.38067,False
Garston,United Kingdom,ENG,21403,53.33333,-2.9,False
Gateshead,United Kingdom,ENG,77649,54.96209,-1.60168,False
Gelligaer,United Kingdom,WLS,17376,51.66444,-3.25611,False
Gerrards Cross,United Kingdom,ENG,20633,51.5861,-0.55543,False
Giffnock,United Kingdom,SCT,12070,55.80373,-4.29488,False
Gillingham,United Kingdom,ENG,101187,51.38914,0.54863,False
Gipsy Hill,United Kingdom,ENG,13712,51.42742,-0.092,False
Glasgow,United Kingdom,SCT,626410,55.86515,-4.25763,False
Glen Parva,United Kingdom,ENG,17189,52.58527,-1.17062,False
Glenfield,United Kingdom,ENG,10000,52.6466,-1.19493,False
Glenrothes,United Kingdom,SCT,38360,56.19514,-3.17316,False
Glossop,United Kingdom,ENG,17825,53.44325,-1.949,False
Gloucester,United Kingdom,ENG,132416,51.86568,-2.2431,False
Godalming,United Kingdom,ENG,22689,51.1858,-0.61489,False
Golborne,United Kingdom,ENG,24021,53.47693,-2.59651,False
Golders Green,United Kingdom,ENG,18818,51.57631,-0.20033,False
Goodmayes,United Kingdom,ENG,13069,51.56288,0.11068,False
Goole,United Kingdom,ENG,20810,53.70324,-0.87732,False
Gorseinon,United Kingdom,WLS,20581,51.66931,-4.04163,False
Gosforth,United Kingdom,ENG,23975,55.0,-1.61667,False
Gosport,United Kingdom,ENG,81952,50.79509,-1.12902,False
Gourock,United Kingdom,SCT,10210,55.96157,-4.81789,False
Grangemouth,United Kingdom,SCT,16120,56.01141,-3.72183,False
Grantham,United Kingdom,ENG,44580,52.91149,-0.64184,False
Gravesend,United Kingdom,ENG,54263,51.44206,0.37106,False
Grays,United Kingdom,ENG,89755,51.47566,0.32521,False
Great Bookham,United Kingdom,ENG,11375,51.27916,-0.37423,False
Great Harwood,United Kingdom,ENG,11467,53.78512,-2.40865,False
Great Malvern,United Kingdom,ENG,36770,52.11161,-2.32515,False
Great Sankey,United Kingdom,ENG,43793,53.39234,-2.63994,False
Great Wyrley,United Kingdom,ENG,19193,52.66277,-2.01111,False
Great Yarmouth,United Kingdom,ENG,63434,52.60831,1.73052,False
Greenford,United Kingdom,ENG,38000,51.52866,-0.35508,False
Greenock,United Kingdom,SCT,41280,55.94838,-4.76121,False
Greenwich,United Kingdom,ENG,30578,51.47785,-0.01176,False
Grimsby,United Kingdom,ENG,86138,53.56539,-0.07553,False
Guildford,United Kingdom,ENG,71873,51.23536,-0.57427,False
Guisborough,United Kingdom,ENG,16979,54.53478,-1.05606,False
Guiseley,United Kingdom,ENG,21000,53.87561,-1.71232,False
Hadleigh,United Kingdom,ENG,18300,51.55269,0.60983,False
Hadley,United Kingdom,ENG,14829,52.7,-2.48333,False
Hadley Wood,United Kingdom,ENG,21639,51.66669,-0.16981,False
Hailsham,United Kingdom,ENG,23411,50.8622,0.25775,False
Hale,United Kingdom,ENG,16715,53.37831,-2.33271,False
Hale,United Kingdom,ENG,15657,51.22946,-0.78908,False
Halesowen,United Kingdom,ENG,60097,52.44859,-2.04938,False
Halewood,United Kingdom,ENG,20430,53.3596,-2.83148,False
Halifax,United Kingdom,ENG,82624,53.71667,-1.85,False
Halstead,United Kingdom,ENG,11906,51.94506,0.63927,False
Hamilton,United Kingdom,SCT,54480,55.76667,-4.03333,False
Hampton,United Kingdom,ENG,20000,51.41334,-0.36701,False
Hampton Wick,United Kingdom,ENG,10221,51.42002,-0.31504,False
Hanworth,United Kingdom,ENG,23563,51.43333,-0.38333,False
Harlesden,United Kingdom,ENG,17162,51.53811,-0.2502,False
Harlow,United Kingdom,ENG,93300,51.77655,0.11158,False
Harold Wood,United Kingdom,ENG,12443,51.59462,0.23294,False
Harpenden,United Kingdom,ENG,30674,51.81684,-0.35706,False
Harringay,United Kingdom,ENG,16500,51.5824,-0.09956,False
Harrogate,United Kingdom,ENG,89060,53.99078,-1.5373,False
Harrow,United Kingdom,ENG,149246,51.57835,-0.33208,False
Harrow Road,United Kingdom,ENG,11381,51.52661,-0.19947,False
Harrow Weald,United Kingdom,ENG,14300,51.61066,-0.3374,False
Harrow on the Hill,United Kingdom,ENG,10632,51.57142,-0.33371,False
Hartlepool,United Kingdom,ENG,88855,54.68554,-1.21028,False
Hartley,United Kingdom,ENG,16302,51.38673,0.30367,False
Hartshill,United Kingdom,ENG,12479,52.54831,-1.52221,False
Harwich,United Kingdom,ENG,20723,51.94194,1.28437,False
Haslemere,United Kingdom,ENG,17279,51.09015,-0.70785,False
Haslingden,United Kingdom,ENG,15204,53.70326,-2.32382,False
Hastings,United Kingdom,ENG,92855,50.85568,0.58009,False
Hatfield,United Kingdom,ENG,41265,51.76338,-0.22419,False
Havant,United Kingdom,ENG,45574,50.8567,-0.98559,False
Haverfordwest,United Kingdom,WLS,14596,51.80169,-4.96914,False
Haverhill,United Kingdom,ENG,27041,52.08226,0.43891,False
Hawarden,United Kingdom,WLS,25513,53.18478,-3.02578,False
Hawick,United Kingdom,SCT,13512,55.42273,-2.78666,False
Haxby,United Kingdom,ENG,11894,54.01422,-1.07121,False
Haydock,United Kingdom,ENG,17333,53.46723,-2.68166,False
Hayes,United Kingdom,ENG,93928,51.51579,-0.4234,False
Hayes,United Kingdom,ENG,15908,51.37786,0.01682,False
Hayling Island,United Kingdom,ENG,16887,50.7838,-0.96869,False
Haywards Heath,United Kingdom,ENG,33845,50.99769,-0.10313,False
Hazel Grove,United Kingdom,ENG,20170,53.38333,-2.11667,False
Headstone,United Kingdom,ENG,14900,51.59279,-0.34495,False
Heanor,United Kingdom,ENG,23122,53.01372,-1.35383,False
Heavitree,United Kingdom,ENG,22000,50.72044,-3.49646,False
Hebburn,United Kingdom,ENG,21345,54.97302,-1.51546,False
Heckmondwike,United Kingdom,ENG,18149,53.70646,-1.67747,False
Hedge End,United Kingdom,ENG,17978,50.91234,-1.30076,False
Hedon,United Kingdom,ENG,10358,53.73962,-0.19655,False
Helensburgh,United Kingdom,SCT,13230,56.00614,-4.72648,False
Helston,United Kingdom,ENG,11611,50.10319,-5.27045,False
Hemel Hempstead,United Kingdom,ENG,95961,51.75368,-0.44975,False
Henley-on-Thames,United Kingdom,ENG,11494,51.53333,-0.9,False
Henlow,United Kingdom,ENG,12320,52.03021,-0.28599,False
Hereford,United Kingdom,ENG,60415,52.05684,-2.71482,False
Herne Bay,United Kingdom,ENG,24875,51.373,1.12857,False
Hertford,United Kingdom,ENG,25847,51.79588,-0.07854,False
Heston,United Kingdom,ENG,37045,51.48363,-0.37577,False
Heswall,United Kingdom,ENG,29075,53.32733,-3.09648,False
Hetton-Le-Hole,United Kingdom,ENG,14402,54.81667,-1.45,False
Hexham,United Kingdom,ENG,11388,54.96986,-2.104,False
Heysham,United Kingdom,ENG,17016,54.04367,-2.89322,False
Heywood,United Kingdom,ENG,28024,53.59245,-2.21941,False
High Blantyre,United Kingdom,SCT,16739,55.78438,-4.10007,False
High Peak,United Kingdom,ENG,92666,53.36797,-1.84536,False
High Wycombe,United Kingdom,ENG,133204,51.62907,-0.74934,False
Highams Park,United Kingdom,ENG,11355,51.60768,-0.00579,False
Highbury,United Kingdom,ENG,26664,51.55,-0.1,False
Highgate,United Kingdom,ENG,10955,51.56565,-0.15904,False
Hillingdon,United Kingdom,ENG,12403,51.53291,-0.45293,False
Hinckley,United Kingdom,ENG,50712,52.5389,-1.37613,False
Hindley,United Kingdom,ENG,25001,53.53333,-2.58333,False
Hitchin,United Kingdom,ENG,35220,51.94924,-0.28496,False
Hockley,United Kingdom,ENG,13919,52.5,-1.91667,False
Hoddesdon,United Kingdom,ENG,35174,51.76148,-0.01144,False
Holborn,United Kingdom,ENG,13023,51.51753,-0.12045,False
Hollinwood,United Kingdom,ENG,12310,53.51667,-2.13333,False
Holloway,United Kingdom,ENG,41329,51.55237,-0.12497,False
Holyhead,United Kingdom,WLS,11431,53.30621,-4.63211,False
Holywood,United Kingdom,NIR,13109,54.63863,-5.82473,False
Honiton,United Kingdom,ENG,12154,50.7996,-3.18899,False
Hook,United Kingdom,ENG,18973,51.36803,-0.3065,False
Horbury,United Kingdom,ENG,10225,53.66051,-1.56014,False
Horley,United Kingdom,ENG,21232,51.17423,-0.15919,False
Hornchurch,United Kingdom,ENG,25470,51.55685,0.21664,False
Hornsey,United Kingdom,ENG,12659,51.58752,-0.12204,False
Horsforth,United Kingdom,ENG,19350,53.8426,-1.63754,False
Horsham,United Kingdom,ENG,51472,51.06314,-0.32757,False
Horwich,United Kingdom,ENG,18696,53.60126,-2.54975,False
Houghton-Le-Spring,United Kingdom,ENG,36746,54.84034,-1.46427,False
Hounslow,United Kingdom,ENG,66292,51.46839,-0.36092,False
Hove,United Kingdom,ENG,75174,50.83088,-0.1672,False
Hoyland Nether,United Kingdom,ENG,15842,53.5,-1.45,False
Hucknall,United Kingdom,ENG,29728,53.03333,-1.2,False
Huddersfield,United Kingdom,ENG,149017,53.64904,-1.78416,False
Humberstone,United Kingdom,ENG,18854,52.64738,-1.08647,False
Huntingdon,United Kingdom,ENG,23937,52.33049,-0.18651,False
Hunts Cross,United Kingdom,ENG,15740,53.35578,-2.86572,False
Hurstpierpoint,United Kingdom,ENG,12730,50.93388,-0.18007,False
Huyton,United Kingdom,ENG,54738,53.4115,-2.83935,False
Hyde,United Kingdom,ENG,35895,53.45131,-2.07943,False
Hyde Park,United Kingdom,ENG,10319,51.51606,-0.17299,False
Hythe,United Kingdom,ENG,20526,50.86004,-1.40162,False
Hythe,United Kingdom,ENG,14604,51.0715,1.08421,False
Ickenham,United Kingdom,ENG,13600,51.56433,-0.44373,False
Ilford,United Kingdom,ENG,168168,51.55765,0.07278,False
Ilfracombe,United Kingdom,ENG,11042,51.2093,-4.11344,False
Ilkeston,United Kingdom,ENG,40953,52.97055,-1.30951,False
Ilkley,United Kingdom,ENG,14809,53.92449,-1.82326,False
Immingham,United Kingdom,ENG,10750,53.6142,-0.21579,False
Ince-in-Makerfield,United Kingdom,ENG,11185,53.53333,-2.61667,False
Ingleby Greenhow,United Kingdom,ENG,14608,54.44983,-1.10687,False
Inverness,United Kingdom,SCT,47790,57.47908,-4.22398,False
Inverurie,United Kingdom,SCT,14660,57.28446,-2.37736,False
Ipswich,United Kingdom,ENG,178835,52.05917,1.15545,False
Irlam,United Kingdom,ENG,19442,53.44253,-2.42323,False
Irvine,United Kingdom,SCT,34130,55.6194,-4.65508,False
Isle of Lewis,United Kingdom,SCT,18500,58.21901,-6.38803,False
Isleworth,United Kingdom,ENG,25008,51.47518,-0.34246,False
Islington,United Kingdom,ENG,319143,51.53622,-0.10304,False
Ivybridge,United Kingdom,ENG,11851,50.39039,-3.91914,False
Jarrow,United Kingdom,ENG,29470,54.98036,-1.48423,False
Johnstone,United Kingdom,SCT,15930,55.82906,-4.51605,False
Kearsley,United Kingdom,ENG,10127,53.53333,-2.38333,False
Keighley,United Kingdom,ENG,50171,53.86791,-1.90664,False
Kempston,United Kingdom,ENG,19873,52.11599,-0.50044,False
Kempston Hardwick,United Kingdom,ENG,20000,52.08956,-0.49908,False
Kendal,United Kingdom,ENG,29147,54.32681,-2.74757,False
Kenilworth,United Kingdom,ENG,22413,52.34958,-1.58276,False
Kenley,United Kingdom,ENG,14966,51.32643,-0.10111,False
Kensal Green,United Kingdom,ENG,14915,51.53068,-0.2253,False
Kensington,United Kingdom,ENG,16522,53.40861,-2.95283,False
Kesgrave,United Kingdom,ENG,11020,52.06241,1.2365,False
Kettering,United Kingdom,ENG,56676,52.39836,-0.72571,False
Kew,United Kingdom,ENG,11436,51.48165,-0.28749,False
Keynsham,United Kingdom,ENG,19603,51.41387,-2.4978,False
Kidbrooke,United Kingdom,ENG,14300,51.46723,0.02708,False
Kidderminster,United Kingdom,ENG,57400,52.38819,-2.25,False
Kidlington,United Kingdom,ENG,13600,51.82166,-1.2886,False
Kidsgrove,United Kingdom,ENG,29480,53.08691,-2.23777,False
Kilburn,United Kingdom,ENG,29027,51.55295,-0.19157,False
Kilmarnock,United Kingdom,SCT,46970,55.61171,-4.49581,False
Kilwinning,United Kingdom,SCT,16100,55.65333,-4.70666,False
Kimberley,United Kingdom,ENG,11273,52.98333,-1.26667,False
King's Cross,United Kingdom,ENG,14082,51.53067,-0.12308,False
King's Lynn,United Kingdom,ENG,46093,52.75172,0.39516,False
Kingsteignton,United Kingdom,ENG,11360,50.55,-3.58333,False
Kingston upon Hull,United Kingdom,ENG,314018,53.7446,-0.33525,False
Kingston upon Thames,United Kingdom,ENG,10001,51.41259,-0.2974,False
Kingswinford,United Kingdom,ENG,20000,52.49755,-2.16889,False
Kingswood,United Kingdom,ENG,40734,51.45278,-2.50833,False
Kippax,United Kingdom,ENG,15965,53.76687,-1.37099,False
Kirk Sandall,United Kingdom,ENG,13572,53.56211,-1.06876,False
Kirkby,United Kingdom,ENG,45564,53.48138,-2.89215,False
Kirkby in Ashfield,United Kingdom,ENG,27539,53.09982,-1.24379,False
Kirkcaldy,United Kingdom,SCT,50370,56.11683,-3.15999,False
Kirkdale,United Kingdom,ENG,18657,53.43342,-2.97657,False
Kirkintilloch,United Kingdom,SCT,19630,55.93933,-4.15262,False
Knaresborough,United Kingdom,ENG,14740,54.0091,-1.46851,False
Knightsbridge and Belgravia,United Kingdom,ENG,11028,51.5044,-0.16675,False
Knottingley,United Kingdom,ENG,13804,53.70778,-1.25639,False
Knotty Ash,United Kingdom,ENG,14355,53.4162,-2.89646,False
Knowle,United Kingdom,ENG,10823,52.38333,-1.73333,False
Knutsford,United Kingdom,ENG,13191,53.30289,-2.37482,False
Ladywell,United Kingdom,ENG,14515,51.45452,-0.02227,False
Lancaster,United Kingdom,ENG,47162,54.04649,-2.79988,False
Lancaster Gate,United Kingdom,ENG,10951,51.51318,-0.18541,False
Lancing,United Kingdom,ENG,18692,50.82882,-0.32247,False
Largs,United Kingdom,SCT,11030,55.79629,-4.86337,False
Larkhall,United Kingdom,SCT,15030,55.73333,-3.96667,False
Larne,United Kingdom,NIR,18421,54.85,-5.81667,False
Latchmere,United Kingdom,ENG,15358,51.46842,-0.16882,False
Leatherhead,United Kingdom,ENG,43544,51.29652,-0.3338,False
Lee,United Kingdom,ENG,14573,51.45556,0.00515,False
Leeds,United Kingdom,ENG,536280,53.79648,-1.54785,False
Leek,United Kingdom,ENG,19385,53.10434,-2.02207,False
Lees,United Kingdom,ENG,12630,53.53794,-2.07302,False
Leicester,United Kingdom,ENG,368600,52.6386,-1.13169,False
Leicester Forest East,United Kingdom,ENG,13846,52.62497,-1.21827,False
Leigh,United Kingdom,ENG,43626,53.49642,-2.51973,False
Leighton Buzzard,United Kingdom,ENG,42727,51.91722,-0.65802,False
Leominster,United Kingdom,ENG,10938,52.22583,-2.74491,False
Letchworth Garden City,United Kingdom,ENG,33990,51.97938,-0.22664,False
Lewes,United Kingdom,ENG,17297,50.87398,0.0088,False
Leyland,United Kingdom,ENG,37614,53.69786,-2.68758,False
Leyton,United Kingdom,ENG,14184,51.55956,-0.00777,False
Leytonstone,United Kingdom,ENG,54696,51.56856,0.00768,False
Lichfield,United Kingdom,ENG,34738,52.68154,-1.82549,False
Limavady,United Kingdom,NIR,11279,55.05045,-6.95074,False
Limehouse,United Kingdom,ENG,15986,51.51412,-0.03282,False
Lincoln,United Kingdom,ENG,103813,53.22683,-0.53792,False
Linlithgow,United Kingdom,SCT,12840,55.97639,-3.60364,False
Lisburn,United Kingdom,NIR,77506,54.52337,-6.03527,False
Litherland,United Kingdom,ENG,22971,53.46993,-2.99809,False
Little Hulton,United Kingdom,ENG,13469,53.53333,-2.41667,False
Little Lever,United Kingdom,ENG,10100,53.56346,-2.37803,False
Little Venice,United Kingdom,ENG,10366,51.52356,-0.18079,False
Littleborough,United Kingdom,ENG,13807,53.64413,-2.09581,False
Littlehampton,United Kingdom,ENG,58714,50.81137,-0.54078,False
Liverpool,United Kingdom,ENG,496770,53.41058,-2.97794,False
Liversedge,United Kingdom,ENG,19420,53.70514,-1.69327,False
Livingston,United Kingdom,SCT,56840,55.90288,-3.52261,False
Llandudno,United Kingdom,WLS,15371,53.32498,-3.83148,False
Llanelli,United Kingdom,WLS,49591,51.68195,-4.16191,False
Llantrisant,United Kingdom,WLS,14422,51.54028,-3.37389,False
Llantwit Major,United Kingdom,WLS,14384,51.4107,-3.48632,False
Lofthouse,United Kingdom,ENG,23458,53.72947,-1.49697,False
London,United Kingdom,ENG,8961989,51.50853,-0.12574,True
Londonderry County Borough,United Kingdom,NIR,87153,54.99721,-7.30917,False
Long Eaton,United Kingdom,ENG,47898,52.89855,-1.27136,False
Longfield,United Kingdom,ENG,16808,51.3969,0.30212,False
Longsight,United Kingdom,ENG,16007,53.45801,-2.20104,False
Longton,United Kingdom,ENG,27214,52.98333,-2.13333,False
Loughborough,United Kingdom,ENG,64884,52.76667,-1.2,False
Loughton,United Kingdom,ENG,33346,52.43333,-2.56667,False
Louth,United Kingdom,ENG,17382,53.36664,-0.00438,False
Lower Earley,United Kingdom,ENG,32000,51.42708,-0.91979,False
Lowestoft,United Kingdom,ENG,71327,52.47523,1.75167,False
Ludlow,United Kingdom,ENG,10515,52.37431,-2.71311,False
Luton,United Kingdom,ENG,225262,51.87967,-0.41748,False
Lymington,United Kingdom,ENG,14858,50.75916,-1.53828,False
Lymm,United Kingdom,ENG,11608,53.38105,-2.47763,False
Lytham St Annes,United Kingdom,ENG,42695,53.7426,-2.997,False
Mablethorpe,United Kingdom,ENG,12531,53.3409,0.26102,False
Macclesfield,United Kingdom,ENG,54345,53.26023,-2.12564,False
Maesteg,United Kingdom,WLS,21001,51.60926,-3.65823,False
Maghull,United Kingdom,ENG,26997,53.51619,-2.94117,False
Maida Hill,United Kingdom,ENG,11660,51.5274,-0.1899,False
Maidenhead,United Kingdom,ENG,70374,51.52279,-0.71986,False
Maidstone,United Kingdom,ENG,107627,51.26667,0.51667,False
Maldon,United Kingdom,ENG,23380,51.7311,0.67463,False
Maltby,United Kingdom,ENG,17513,53.41667,-1.2,False
Manchester,United Kingdom,ENG,568996,53.48095,-2.23743,False
Manchester City Centre,United Kingdom,ENG,17861,53.48097,-2.24555,False
Mangotsfield,United Kingdom,ENG,36427,51.4878,-2.50403,False
Manor Park,United Kingdom,ENG,15318,51.54932,0.04867,False
Mansfield,United Kingdom,ENG,171958,53.13333,-1.2,False
Mansfield Woodhouse,United Kingdom,ENG,18330,53.16495,-1.19384,False
March,United Kingdom,ENG,21051,52.55131,0.08828,False
Margate,United Kingdom,ENG,63322,51.38132,1.38617,False
Market Deeping,United Kingdom,ENG,13574,52.67654,-0.31629,False
Market Drayton,United Kingdom,ENG,11773,52.90538,-2.49012,False
Market Harborough,United Kingdom,ENG,24779,52.4776,-0.92053,False
Marlow,United Kingdom,ENG,18261,51.56933,-0.77415,False
Marple,United Kingdom,ENG,12970,53.39452,-2.06292,False
Marylebone,United Kingdom,ENG,12157,51.52541,-0.16806,False
Matlock,United Kingdom,ENG,14956,53.13838,-1.5556,False
Mayfield,United Kingdom,SCT,13690,55.87172,-3.03875,False
Meikle Earnock,United Kingdom,SCT,54480,55.75,-4.03333,False
Melksham,United Kingdom,ENG,19357,51.37281,-2.14002,False
Melton Mowbray,United Kingdom,ENG,27737,52.76588,-0.88693,False
Mendip,United Kingdom,ENG,110000,51.2372,-2.6266,False
Merthyr Tydfil,United Kingdom,WLS,43820,51.74794,-3.37779,False
Methil,United Kingdom,SCT,10890,56.18543,-3.02157,False
Mexborough,United Kingdom,ENG,15079,53.49389,-1.29243,False
Middlesbrough,United Kingdom,ENG,142707,54.57623,-1.23483,False
Middleton,United Kingdom,ENG,45589,53.55,-2.2,False
Middlewich,United Kingdom,ENG,13595,53.19296,-2.44402,False
Midsomer Norton,United Kingdom,ENG,13000,51.28567,-2.48591,False
Mildenhall,United Kingdom,ENG,14382,52.34446,0.51086,False
Milford Haven,United Kingdom,WLS,13582,51.71278,-5.0341,False
Milngavie,United Kingdom,SCT,12840,55.94071,-4.32311,False
Milton Keynes,United Kingdom,ENG,256385,52.04172,-0.75583,False
Minehead,United Kingdom,ENG,11757,51.20452,-3.48284,False
Mirfield,United Kingdom,ENG,18800,53.67343,-1.69636,False
Mitcham,United Kingdom,ENG,63393,51.40322,-0.16831,False
Mold,United Kingdom,WLS,10058,53.16674,-3.14143,False
Monkhams,United Kingdom,ENG,10422,51.61512,0.02668,False
Monmouth,United Kingdom,WLS,10110,51.81265,-2.71363,False
Montrose,United Kingdom,SCT,11730,56.71683,-2.46695,False
Morden,United Kingdom,ENG,48233,51.39822,-0.19837,False
Morecambe,United Kingdom,ENG,51644,54.06835,-2.86108,False
Moreton,United Kingdom,ENG,17670,53.4,-3.11667,False
Morley,United Kingdom,ENG,57385,53.74013,-1.59877,False
Morpeth,United Kingdom,ENG,14403,55.16882,-1.68893,False
Mortlake,United Kingdom,ENG,10919,51.46945,-0.26749,False
Mossend,United Kingdom,SCT,13480,55.81667,-4.0,False
Mossley Hill,United Kingdom,ENG,12041,53.37701,-2.91258,False
Motherwell,United Kingdom,SCT,32840,55.78924,-3.99187,False
Mountain Ash,United Kingdom,WLS,11230,51.68361,-3.38008,False
Mountsorrel,United Kingdom,ENG,17297,52.71667,-1.15,False
Musselburgh,United Kingdom,SCT,23620,55.9417,-3.04991,False
Muswell Hill,United Kingdom,ENG,27992,51.59054,-0.14212,False
Nailsea,United Kingdom,ENG,20543,51.43239,-2.75847,False
Nairn,United Kingdom,SCT,10190,57.58094,-3.87973,False
Nantwich,United Kingdom,ENG,17226,53.06878,-2.52051,False
Neath,United Kingdom,WLS,46126,51.66317,-3.80443,False
Nelson,United Kingdom,ENG,29317,53.83333,-2.2,False
Nelson,United Kingdom,WLS,12857,51.65333,-3.28444,False
Neston,United Kingdom,ENG,15064,53.28333,-3.05,False
Neston,United Kingdom,ENG,15352,51.41222,-2.20056,False
Nether Edge,United Kingdom,ENG,18890,53.35934,-1.48759,False
New Barnet,United Kingdom,ENG,14000,51.64969,-0.17527,False
New Cross,United Kingdom,ENG,15756,51.47534,-0.03837,False
New Malden,United Kingdom,ENG,23818,51.40065,-0.2617,False
New Mills,United Kingdom,ENG,17968,53.36592,-1.99986,False
New Milton,United Kingdom,ENG,25546,50.75601,-1.6658,False
Newark on Trent,United Kingdom,ENG,43363,53.06667,-0.81667,False
Newburn,United Kingdom,ENG,41347,54.9876,-1.74415,False
Newbury,United Kingdom,ENG,33065,51.40148,-1.32471,False
Newcastle under Lyme,United Kingdom,ENG,127727,53.0,-2.23333,False
Newcastle upon Tyne,United Kingdom,ENG,300125,54.97328,-1.61396,False
Newhaven,United Kingdom,ENG,12854,50.79693,0.05545,False
Newmarket,United Kingdom,ENG,20384,52.24467,0.40418,False
Newport,United Kingdom,WLS,161506,51.58774,-2.99835,False
Newport,United Kingdom,ENG,24884,50.70146,-1.29124,False
Newport,United Kingdom,ENG,12741,52.76684,-2.37734,False
Newport Pagnell,United Kingdom,ENG,15067,52.08731,-0.72218,False
Newquay,United Kingdom,ENG,20189,50.41557,-5.07319,False
Newry,United Kingdom,NIR,27757,54.17841,-6.33739,False
Newton Abbot,United Kingdom,ENG,36474,50.52858,-3.61186,False
Newton Aycliffe,United Kingdom,ENG,26415,54.61842,-1.5719,False
Newton Mearns,United Kingdom,SCT,28210,55.77334,-4.33339,False
Newton-le-Willows,United Kingdom,ENG,24642,53.45,-2.6,False
Newtown,United Kingdom,WLS,11362,52.51667,-3.3,False
Newtownabbey,United Kingdom,NIR,63860,54.65983,-5.90858,False
Newtownards,United Kingdom,NIR,29363,54.59236,-5.69092,False
Nigg,United Kingdom,SCT,16400,57.11601,-2.09252,False
Norbiton,United Kingdom,ENG,10107,51.41187,-0.28423,False
Norbury,United Kingdom,ENG,16476,51.41667,-0.11667,False
Norris Green,United Kingdom,ENG,19610,53.44513,-2.92073,False
North Shields,United Kingdom,ENG,39747,55.01646,-1.44925,False
North Walsham,United Kingdom,ENG,13007,52.82121,1.38746,False
North Watford,United Kingdom,ENG,33000,51.68072,-0.39446,False
Northallerton,United Kingdom,ENG,16832,54.33901,-1.43243,False
Northampton,United Kingdom,ENG,245899,52.25,-0.88333,False
Northolt,United Kingdom,ENG,26000,51.54855,-0.36778,False
Northumberland Park,United Kingdom,ENG,14429,51.6042,-0.05981,False
Northwich,United Kingdom,ENG,47421,53.25882,-2.52025,False
Northwood,United Kingdom,ENG,11300,51.61162,-0.42454,False
Northwood Hills,United Kingdom,ENG,11800,51.59884,-0.40959,False
Norwich,United Kingdom,ENG,143135,52.62783,1.29834,False
Notting Hill,United Kingdom,ENG,21000,51.5115,-0.20587,False
Nottingham,United Kingdom,ENG,323632,52.9536,-1.15047,False
Nuneaton,United Kingdom,ENG,88813,52.52323,-1.46523,False
Oadby,United Kingdom,ENG,23849,52.60621,-1.08354,False
Oakham,United Kingdom,ENG,10922,52.66667,-0.73333,False
Oakwood,United Kingdom,ENG,13419,52.94331,-1.43086,False
Old Swan,United Kingdom,ENG,15596,53.41392,-2.90889,False
Old Trafford,United Kingdom,ENG,21447,53.45756,-2.28818,False
Oldbury,United Kingdom,ENG,10830,52.5,-2.01667,False
Oldham,United Kingdom,ENG,237110,53.54051,-2.1183,False
Omagh,United Kingdom,NIR,21056,54.6,-7.3,False
Ormskirk,United Kingdom,ENG,24073,53.56685,-2.88178,False
Orpington,United Kingdom,ENG,15248,51.37457,0.09785,False
Ossett,United Kingdom,ENG,21861,53.67978,-1.58006,False
Osterley,United Kingdom,ENG,13031,51.48026,-0.35401,False
Oswestry,United Kingdom,ENG,18743,52.86195,-3.05497,False
Otley,United Kingdom,ENG,14668,53.90553,-1.69383,False
Oxford,United Kingdom,ENG,162100,51.75222,-1.25596,False
Oxted,United Kingdom,ENG,13452,51.25687,-0.00601,False
Padiham,United Kingdom,ENG,11338,53.80187,-2.31511,False
Paignton,United Kingdom,ENG,67520,50.43565,-3.56789,False
Paisley,United Kingdom,SCT,77270,55.83173,-4.43254,False
Palmers Green,United Kingdom,ENG,15162,51.61794,-0.11012,False
Peacehaven,United Kingdom,ENG,18579,50.7927,-0.00652,False
Peckham,United Kingdom,ENG,71552,51.47403,-0.06969,False
Pelsall,United Kingdom,ENG,11371,52.6291,-1.96738,False
Penarth,United Kingdom,WLS,23437,51.4386,-3.17342,False
Penicuik,United Kingdom,SCT,16150,55.83116,-3.22608,False
Penistone,United Kingdom,ENG,10956,53.52572,-1.63027,False
Penrith,United Kingdom,ENG,16700,54.66579,-2.75757,False
Penzance,United Kingdom,ENG,19872,50.11861,-5.53715,False
Perry Vale,United Kingdom,ENG,15618,51.43639,-0.04442,False
Perth,United Kingdom,SCT,47350,56.39522,-3.43139,False
Peterborough,United Kingdom,ENG,163379,52.57364,-0.24777,False
Peterhead,United Kingdom,SCT,19060,57.50517,-1.78435,False
Peterlee,United Kingdom,ENG,20300,54.76032,-1.33649,False
Petersfield,United Kingdom,ENG,14974,51.00495,-0.93375,False
Pimlico,United Kingdom,ENG,20709,51.48897,-0.13699,False
Pinner,United Kingdom,ENG,19158,51.59384,-0.38216,False
Pinxton,United Kingdom,ENG,14357,53.09062,-1.31767,False
Pitsea,United Kingdom,ENG,25000,51.56387,0.50859,False
Plumstead,United Kingdom,ENG,16736,51.48333,0.08333,False
Plymouth,United Kingdom,ENG,260203,50.37153,-4.14305,False
Plymstock,United Kingdom,ENG,24103,50.35999,-4.09049,False
Ponders End,United Kingdom,ENG,15664,51.6445,-0.04652,False
Pontefract,United Kingdom,ENG,44710,53.69107,-1.31269,False
Ponteland,United Kingdom,ENG,10135,55.05024,-1.74532,False
Pontypool,United Kingdom,WLS,35686,51.70111,-3.04444,False
Pontypridd,United Kingdom,WLS,31206,51.6021,-3.34211,False
Poole,United Kingdom,ENG,151500,50.71429,-1.98458,False
Port Glasgow,United Kingdom,SCT,14200,55.93464,-4.6895,False
Portadown,United Kingdom,NIR,32926,54.42302,-6.44434,False
Porthcawl,United Kingdom,WLS,15672,51.47903,-3.70362,False
Portishead,United Kingdom,ENG,26355,51.48199,-2.76973,False
Portland,United Kingdom,ENG,12710,50.56748,-2.44472,False
Portslade,United Kingdom,ENG,20000,50.84286,-0.21608,False
Portsmouth,United Kingdom,ENG,208100,50.79899,-1.09125,False
Portswood,United Kingdom,ENG,14831,50.92722,-1.39029,False
Potters Bar,United Kingdom,ENG,22639,51.69353,-0.17835,False
Poulton-le-Fylde,United Kingdom,ENG,19914,53.83333,-2.98333,False
Poynton,United Kingdom,ENG,14351,53.35,-2.11667,False
Prenton,United Kingdom,ENG,14429,53.36762,-3.05479,False
Prescot,United Kingdom,ENG,40889,53.42948,-2.80031,False
Prestatyn,United Kingdom,WLS,19085,53.33748,-3.40776,False
Preston,United Kingdom,ENG,313332,53.76282,-2.70452,False
Prestwich,United Kingdom,ENG,31500,53.53333,-2.28333,False
Prestwick,United Kingdom,SCT,14880,55.48333,-4.61667,False
Primrose Place,United Kingdom,ENG,17161,52.56061,-0.10887,False
Prudhoe,United Kingdom,ENG,12075,54.96154,-1.85168,False
Pudsey,United Kingdom,ENG,25393,53.79538,-1.66134,False
Purley,United Kingdom,ENG,72000,51.33678,-0.11201,False
Putney,United Kingdom,ENG,77140,51.46072,-0.21814,False
Pyle,United Kingdom,WLS,13701,51.51667,-3.7,False
Queen's Park,United Kingdom,ENG,12756,51.52949,-0.20868,False
Queenstown,United Kingdom,ENG,15599,51.47807,-0.14716,False
Radcliffe,United Kingdom,ENG,29950,53.56178,-2.32455,False
Rainham,United Kingdom,ENG,12482,51.51686,0.19432,False
Rainhill,United Kingdom,ENG,10853,53.41567,-2.76607,False
Ramsbottom,United Kingdom,ENG,17067,53.64789,-2.31683,False
Ramsgate,United Kingdom,ENG,42027,51.33568,1.41797,False
Rastrick,United Kingdom,ENG,11351,53.6921,-1.7883,False
Rawmarsh,United Kingdom,ENG,18498,53.46062,-1.34437,False
Rawtenstall,United Kingdom,ENG,23000,53.70076,-2.28442,False
Rayleigh,United Kingdom,ENG,32380,51.58571,0.60459,False
Reading,United Kingdom,ENG,318014,51.45625,-0.97113,False
Redcar,United Kingdom,ENG,37073,54.61657,-1.05999,False
Redditch,United Kingdom,ENG,87847,52.3065,-1.94569,False
Redhill,United Kingdom,ENG,51559,51.24048,-0.17044,False
Redruth,United Kingdom,ENG,42690,50.23315,-5.22434,False
Regent's Park,United Kingdom,ENG,11610,51.53003,-0.16193,False
Reigate,United Kingdom,ENG,21820,51.23736,-0.20582,False
Renfrew,United Kingdom,SCT,24270,55.87197,-4.39253,False
Retford,United Kingdom,ENG,22023,53.32213,-0.94315,False
Rhiwbina,United Kingdom,WLS,11369,51.52792,-3.2141,False
Rhondda,United Kingdom,WLS,69506,51.65896,-3.44885,False
Rhosllannerchrugog,United Kingdom,WLS,25362,53.00974,-3.05814,False
Rhyl,United Kingdom,WLS,25874,53.31929,-3.49228,False
Richmond,United Kingdom,ENG,21469,51.46171,-0.30633,False
Rickmansworth,United Kingdom,ENG,25413,51.63898,-0.47718,False
Ringwood,United Kingdom,ENG,14084,50.84541,-1.78871,False
Ripley,United Kingdom,ENG,21097,53.03333,-1.4,False
Ripon,United Kingdom,ENG,16363,54.13579,-1.52826,False
Risca,United Kingdom,WLS,20443,51.60799,-3.10081,False
Rochdale,United Kingdom,ENG,97550,53.61766,-2.1552,False
Rochester,United Kingdom,ENG,28671,51.38764,0.50546,False
Rochford,United Kingdom,ENG,16739,51.58198,0.70673,False
Roehampton,United Kingdom,ENG,16132,51.45165,-0.24393,False
Romford,United Kingdom,ENG,95000,51.57515,0.18582,False
Romsey,United Kingdom,ENG,17161,50.98906,-1.49989,False
Ross on Wye,United Kingdom,ENG,10582,51.91667,-2.56667,False
Rossendale,United Kingdom,ENG,67400,53.68456,-2.2769,False
Rosyth,United Kingdom,SCT,13570,56.03689,-3.438,False
Rotherham,United Kingdom,ENG,117618,53.43012,-1.35678,False
Rotherhithe,United Kingdom,ENG,13743,51.5,-0.05,False
Rottingdean,United Kingdom,ENG,21756,50.80984,-0.05939,False
Royal Leamington Spa,United Kingdom,ENG,50923,52.2852,-1.52,False
Royal Tunbridge Wells,United Kingdom,ENG,68910,51.13321,0.26256,False
Royal Wootton Bassett,United Kingdom,ENG,11265,51.5419,-1.9045,False
Royston,United Kingdom,ENG,15781,52.04832,-0.02438,False
Royton,United Kingdom,ENG,22848,53.56507,-2.12267,False
Rugby,United Kingdom,ENG,78117,52.37092,-1.26417,False
Rugeley,United Kingdom,ENG,26156,52.7593,-1.93694,False
Ruislip,United Kingdom,ENG,31000,51.57344,-0.42341,False
Ruislip Manor,United Kingdom,ENG,11000,51.56975,-0.40959,False
Runcorn,United Kingdom,ENG,61145,53.34174,-2.73124,False
Rushden,United Kingdom,ENG,37584,52.28927,-0.60184,False
Rustington,United Kingdom,ENG,13210,50.81027,-0.50674,False
Rutherglen,United Kingdom,SCT,30950,55.82885,-4.21376,False
Ryde,United Kingdom,ENG,24096,50.72999,-1.1621,False
Ryhope,United Kingdom,ENG,14000,54.87139,-1.37,False
Ryton,United Kingdom,ENG,16093,52.61667,-2.35,False
Saddleworth,United Kingdom,ENG,25441,53.54846,-2.00455,False
Saffron Walden,United Kingdom,ENG,16610,52.02337,0.24234,False
Saint Andrews,United Kingdom,SCT,18410,56.33871,-2.79902,False
Saint Ives,United Kingdom,ENG,16815,52.33251,-0.07656,False
Saint Leonards-on-Sea,United Kingdom,ENG,10001,50.85565,0.5452,False
Saint Neots,United Kingdom,ENG,30811,52.21667,-0.26667,False
Saint Peters,United Kingdom,ENG,125370,51.36667,1.41667,False
Sale,United Kingdom,ENG,62550,53.42519,-2.32443,False
Salford,United Kingdom,ENG,129794,53.48771,-2.29042,False
Salisbury,United Kingdom,ENG,44748,51.06931,-1.79569,False
Saltash,United Kingdom,ENG,15566,50.40959,-4.22514,False
Saltcoats,United Kingdom,SCT,12250,55.63616,-4.78588,False
Sandbach,United Kingdom,ENG,17976,53.14515,-2.36251,False
Sanderstead,United Kingdom,ENG,12777,51.33591,-0.07778,False
Sandhurst,United Kingdom,ENG,20803,51.34675,-0.78655,False
Sandown,United Kingdom,ENG,20155,50.65158,-1.16103,False
Sandy,United Kingdom,ENG,11657,52.12927,-0.28925,False
Scarborough,United Kingdom,ENG,61749,54.27966,-0.40443,False
Scunthorpe,United Kingdom,ENG,81576,53.57905,-0.65437,False
Seaford,United Kingdom,ENG,22584,50.77141,0.10268,False
Seaham,United Kingdom,ENG,22373,54.83903,-1.34575,False
Selby,United Kingdom,ENG,24859,53.78333,-1.06667,False
Selsey,United Kingdom,ENG,10550,50.73501,-0.78979,False
Seven Sisters,United Kingdom,ENG,15968,51.57769,-0.07895,False
Sevenoaks,United Kingdom,ENG,29506,51.27266,0.18883,False
Shadwell,United Kingdom,ENG,15110,51.51135,-0.05663,False
Sheerness,United Kingdom,ENG,13249,51.44042,0.76252,False
Sheffield,United Kingdom,ENG,556500,53.38297,-1.4659,False
Shepherds Bush,United Kingdom,ENG,39724,51.505,-0.2211,False
Shepperton,United Kingdom,ENG,10106,51.39546,-0.44889,False
Shepshed,United Kingdom,ENG,13505,52.7657,-1.29021,False
Shepton Mallet,United Kingdom,ENG,10369,51.18972,-2.54722,False
Shipley,United Kingdom,ENG,28544,53.83333,-1.76667,False
Shirebrook,United Kingdom,ENG,10885,53.20333,-1.21336,False
Shirley,United Kingdom,ENG,14296,51.37762,-0.04961,False
Shirley,United Kingdom,ENG,32000,52.41074,-1.81952,False
Shoreham-by-Sea,United Kingdom,ENG,19175,50.83413,-0.27431,False
Shrewsbury,United Kingdom,ENG,76782,52.71009,-2.75208,False
Sidcup,United Kingdom,ENG,10400,51.42619,0.1036,False
Sidmouth,United Kingdom,ENG,12569,50.69094,-3.2397,False
Sinfin,United Kingdom,ENG,15128,52.88157,-1.48681,False
Sittingbourne,United Kingdom,ENG,54392,51.34128,0.73282,False
Skegness,United Kingdom,ENG,24876,53.14362,0.3363,False
Skelmersdale,United Kingdom,ENG,38813,53.55024,-2.77348,False
Skipton,United Kingdom,ENG,14623,53.96144,-2.01676,False
Sleaford,United Kingdom,ENG,17359,52.99826,-0.40941,False
Slough,United Kingdom,ENG,164793,51.50949,-0.59541,False
Smethwick,United Kingdom,ENG,53653,52.49268,-1.96745,False
Snaresbrook,United Kingdom,ENG,11868,51.58432,0.01923,False
Snodland,United Kingdom,ENG,10211,51.32971,0.44305,False
Soho,United Kingdom,ENG,19634,51.5144,-0.13535,False
Solihull,United Kingdom,ENG,126577,52.41426,-1.78094,False
South Benfleet,United Kingdom,ENG,48824,51.55295,0.55962,False
South Croydon,United Kingdom,ENG,55198,51.36217,-0.09421,False
South Elmsall,United Kingdom,ENG,18835,53.59709,-1.28034,False
South Hayling,United Kingdom,ENG,15485,50.78773,-0.97697,False
South Norwood,United Kingdom,ENG,16518,51.39944,-0.07469,False
South Ockendon,United Kingdom,ENG,22440,51.50799,0.28333,False
South Ruislip,United Kingdom,ENG,16800,51.55518,-0.40867,False
South Shields,United Kingdom,ENG,83655,54.99859,-1.4323,False
Southall,United Kingdom,ENG,78253,51.50896,-0.3713,False
Southampton,United Kingdom,ENG,269781,50.90395,-1.40428,False
Southend-on-Sea,United Kingdom,ENG,295310,51.53782,0.71433,False
Southgate,United Kingdom,ENG,14454,51.61667,-0.1,False
Southport,United Kingdom,ENG,91703,53.64581,-3.01008,False
Southsea,United Kingdom,ENG,18514,50.78351,-1.09071,False
Spalding,United Kingdom,ENG,30556,52.78709,-0.15141,False
Speke,United Kingdom,ENG,21403,53.34071,-2.841,False
Spennymoor,United Kingdom,ENG,17766,54.6988,-1.60229,False
Spitalfields,United Kingdom,ENG,10286,51.5202,-0.07436,False
St Albans,United Kingdom,ENG,84561,51.75,-0.33333,False
St Austell,United Kingdom,ENG,24360,50.3425,-4.77442,False
St Helens,United Kingdom,ENG,183200,53.45,-2.73333,False
St James's,United Kingdom,ENG,10361,51.5073,-0.13982,False
St. Ann's,United Kingdom,ENG,14638,51.58215,-0.09032,False
St. Helier,United Kingdom,ENG,11949,51.38223,-0.18341,False
Stafford,United Kingdom,ENG,70145,52.80521,-2.11636,False
Staines,United Kingdom,ENG,51040,51.43092,-0.50606,False
Stalybridge,United Kingdom,ENG,26830,53.48414,-2.05908,False
Stamford,United Kingdom,ENG,20592,52.65,-0.48333,False
Stamford Hill,United Kingdom,ENG,68050,51.56872,-0.07334,False
Stanford-le-Hope,United Kingdom,ENG,29525,51.52274,0.43422,False
Stanley,United Kingdom,ENG,31300,54.86796,-1.69846,False
Stanwell,United Kingdom,ENG,11279,51.45414,-0.47812,False
Staveley,United Kingdom,ENG,25719,53.26667,-1.35,False
Stepney,United Kingdom,ENG,16238,51.5175,-0.04292,False
Stevenage,United Kingdom,ENG,91774,51.90224,-0.20256,False
Stirling,United Kingdom,SCT,37910,56.11903,-3.93682,False
Stockport,United Kingdom,ENG,139052,53.40979,-2.15761,False
Stocksbridge,United Kingdom,ENG,13069,53.48249,-1.59373,False
Stockton-on-Tees,United Kingdom,ENG,79957,54.56848,-1.3187,False
Stoke Gifford,United Kingdom,ENG,13560,51.51686,-2.54053,False
Stoke-on-Trent,United Kingdom,ENG,258366,53.00415,-2.18538,False
Stone,United Kingdom,ENG,14258,52.9059,-2.15409,False
Stonehaven,United Kingdom,SCT,11150,56.96365,-2.21177,False
Stourbridge,United Kingdom,ENG,56950,52.45608,-2.14317,False
Stourport-on-Severn,United Kingdom,ENG,20586,52.33976,-2.28034,False
Stowmarket,United Kingdom,ENG,21028,52.18893,0.99774,False
Strabane,United Kingdom,NIR,14198,54.82373,-7.46916,False
Stranraer,United Kingdom,SCT,10510,54.90234,-5.02731,False
Stratford,United Kingdom,ENG,36666,51.53333,0.0,False
Stratford-upon-Avon,United Kingdom,ENG,30495,52.19166,-1.70734,False
Streatham,United Kingdom,ENG,58055,51.42897,-0.13184,False
Street,United Kingdom,ENG,12911,51.12472,-2.74,False
Streetly,United Kingdom,ENG,13251,52.58333,-1.88333,False
Stretford,United Kingdom,ENG,41953,53.45,-2.31667,False
Strood,United Kingdom,ENG,33381,51.39323,0.47713,False
Stroud,United Kingdom,ENG,60155,51.75,-2.2,False
Stroud Green,United Kingdom,ENG,11758,51.57509,-0.11057,False
Sudbury,United Kingdom,ENG,23912,52.0389,0.73117,False
Sudbury,United Kingdom,ENG,14950,51.55525,-0.32358,False
Sunbury-on-Thames,United Kingdom,ENG,27784,51.40424,-0.41817,False
Sunderland,United Kingdom,ENG,170134,54.90465,-1.38222,False
Sunninghill,United Kingdom,ENG,11603,51.40135,-0.65557,False
Surbiton,United Kingdom,ENG,38158,51.39148,-0.29825,False
Sutton,United Kingdom,ENG,187600,51.35,-0.2,False
Sutton Coldfield,United Kingdom,ENG,109899,52.56667,-1.81667,False
Sutton in Ashfield,United Kingdom,ENG,36404,53.12542,-1.26135,False
Swadlincote,United Kingdom,ENG,34576,52.774,-1.55744,False
Swanage,United Kingdom,ENG,10454,50.60827,-1.95664,False
Swanley,United Kingdom,ENG,21839,51.39717,0.17321,False
Swanscombe,United Kingdom,ENG,15801,51.44713,0.31028,False
Swansea,United Kingdom,WLS,300352,51.62079,-3.94323,False
Swindon,United Kingdom,ENG,201669,51.55797,-1.78116,False
Swinton,United Kingdom,ENG,22931,53.5,-2.35,False
Syston,United Kingdom,ENG,11508,52.68333,-1.06667,False
Tadley,United Kingdom,ENG,15836,51.35045,-1.1285,False
Tamworth,United Kingdom,ENG,81964,52.63399,-1.69587,False
Taunton,United Kingdom,ENG,64621,51.01494,-3.10293,False
Tavistock,United Kingdom,ENG,12675,50.54944,-4.14418,False
Teignmouth,United Kingdom,ENG,14932,50.54581,-3.49671,False
Telford,United Kingdom,ENG,155570,52.67659,-2.44926,False
Tewkesbury,United Kingdom,ENG,20360,51.99244,-2.1601,False
Thame,United Kingdom,ENG,11329,51.7484,-0.97624,False
Thamesmead,United Kingdom,ENG,31824,51.50372,0.11982,False
Thatcham,United Kingdom,ENG,25464,51.40366,-1.26049,False
The Boldons,United Kingdom,ENG,13567,54.9426,-1.45349,False
Thetford,United Kingdom,ENG,24833,52.41667,0.75,False
Thornaby-on-Tees,United Kingdom,ENG,22356,54.53333,-1.3,False
Thornbury,United Kingdom,ENG,11687,51.60889,-2.52028,False
Thorne,United Kingdom,ENG,17295,53.61122,-0.96308,False
Thornton Heath,United Kingdom,ENG,14669,51.39884,-0.09872,False
Thornton-Cleveleys,United Kingdom,ENG,31157,53.87389,-3.02244,False
Tidworth,United Kingdom,ENG,12089,51.23142,-1.66324,False
Tilbury,United Kingdom,ENG,14185,51.46248,0.35856,False
Timperley,United Kingdom,ENG,11323,53.4,-2.33333,False
Tipton,United Kingdom,ENG,47000,52.52956,-2.06773,False
Tiverton,United Kingdom,ENG,22291,50.90241,-3.49232,False
Todmorden,United Kingdom,ENG,11690,53.71434,-2.09701,False
Tonbridge,United Kingdom,ENG,36115,51.19532,0.27363,False
Tonypandy,United Kingdom,WLS,62545,51.62202,-3.45544,False
Tooting,United Kingdom,ENG,16239,51.42524,-0.16394,False
Torquay,United Kingdom,ENG,65388,50.46198,-3.52522,False
Tottenham,United Kingdom,ENG,130000,51.60373,-0.06794,False
Tottenham Hale,United Kingdom,ENG,15064,51.59366,-0.05962,False
Totteridge,United Kingdom,ENG,15159,51.63333,-0.2,False
Totton,United Kingdom,ENG,34169,50.91877,-1.49037,False
Tranent,United Kingdom,SCT,11910,55.94439,-2.95412,False
Tredegar,United Kingdom,WLS,14855,51.77251,-3.24679,False
Treharris,United Kingdom,WLS,12352,51.66457,-3.30725,False
Tring,United Kingdom,ENG,11929,51.79471,-0.65824,False
Troon,United Kingdom,SCT,14950,55.54359,-4.66335,False
Trowbridge,United Kingdom,ENG,40952,51.31889,-2.20861,False
Truro,United Kingdom,ENG,23041,50.26526,-5.05436,False
Tyldesley,United Kingdom,ENG,35932,53.51393,-2.46754,False
Tynemouth,United Kingdom,ENG,60605,55.01788,-1.42559,False
Uckfield,United Kingdom,ENG,18452,50.96948,0.09589,False
Ulverston,United Kingdom,ENG,11356,54.19594,-3.09626,False
Upminster,United Kingdom,ENG,10000,51.55594,0.2556,False
Upper Norwood,United Kingdom,ENG,16082,51.41505,-0.0927,False
Uppermill,United Kingdom,ENG,11191,53.54861,-2.00532,False
Urmston,United Kingdom,ENG,41731,53.44852,-2.35419,False
Uttoxeter,United Kingdom,ENG,14014,52.89838,-1.86488,False
Uxbridge,United Kingdom,ENG,70000,51.5489,-0.48211,False
Vale of Leven,United Kingdom,SCT,24640,55.97132,-4.57928,False
Verwood,United Kingdom,ENG,13360,50.87575,-1.87023,False
Viewpark,United Kingdom,SCT,16020,55.82737,-4.0573,False
Vincent Square,United Kingdom,ENG,10327,51.49292,-0.13179,False
Wakefield,United Kingdom,ENG,109766,53.68331,-1.49768,False
Walkden,United Kingdom,ENG,35616,53.51667,-2.4,False
Wallasey,United Kingdom,ENG,58794,53.42324,-3.06497,False
Wallingford,United Kingdom,ENG,11600,51.59982,-1.1248,False
Wallington,United Kingdom,ENG,20850,51.36404,-0.15368,False
Wallsend,United Kingdom,ENG,42739,54.99111,-1.53397,False
Walsall,United Kingdom,ENG,172141,52.58528,-1.98396,False
Waltham Abbey,United Kingdom,ENG,22858,51.687,-0.00421,False
Waltham Cross,United Kingdom,ENG,10000,51.68602,-0.03575,False
Walthamstow,United Kingdom,ENG,109424,51.59067,-0.02077,False
Walton-on-Thames,United Kingdom,ENG,22834,51.38678,-0.41319,False
Walton-on-the-Naze,United Kingdom,ENG,17458,51.84819,1.26738,False
Wanstead,United Kingdom,ENG,11543,51.5768,0.02463,False
Wantage,United Kingdom,ENG,13106,51.58846,-1.42565,False
Ware,United Kingdom,ENG,17576,51.81058,-0.02875,False
Warminster,United Kingdom,ENG,17490,51.20434,-2.17873,False
Warrington,United Kingdom,ENG,172330,53.39254,-2.58024,False
Warwick,United Kingdom,ENG,37267,52.28333,-1.58333,False
Washington,United Kingdom,ENG,67085,54.9,-1.51667,False
Washwood Heath,United Kingdom,ENG,32921,52.50054,-1.82657,False
Waterlooville,United Kingdom,ENG,64350,50.88067,-1.0304,False
Watford,United Kingdom,ENG,125707,51.65531,-0.39602,False
Wath upon Dearne,United Kingdom,ENG,16964,53.50291,-1.3458,False
Wavertree,United Kingdom,ENG,14262,53.39816,-2.91567,False
Wealdstone,United Kingdom,ENG,18500,51.59983,-0.33711,False
Wednesbury,United Kingdom,ENG,20313,52.5514,-2.02355,False
Wednesfield,United Kingdom,ENG,33555,52.5963,-2.08508,False
Welling,United Kingdom,ENG,41000,51.46246,0.10759,False
Wellingborough,United Kingdom,ENG,56564,52.30273,-0.69446,False
Wellington,United Kingdom,ENG,22816,52.7,-2.51667,False
Wells,United Kingdom,ENG,11145,51.20794,-2.64896,False
Welwyn Garden City,United Kingdom,ENG,51505,51.80174,-0.20691,False
Wembley,United Kingdom,ENG,90045,51.55242,-0.29686,False
West Bridgford,United Kingdom,ENG,36487,52.92979,-1.12537,False
West Bromwich,United Kingdom,ENG,103112,52.51868,-1.9945,False
West Derby,United Kingdom,ENG,13837,53.43279,-2.90963,False
West Drayton,United Kingdom,ENG,14370,51.5,-0.46667,False
West Ealing,United Kingdom,ENG,15169,51.51355,-0.3229,False
West End,United Kingdom,ENG,11543,51.51235,-0.14358,False
West End of London,United Kingdom,ENG,10575,51.51414,-0.1551,False
West Ham,United Kingdom,ENG,15551,51.53333,0.01667,False
West Molesey,United Kingdom,ENG,18565,51.39985,-0.37997,False
West Watford,United Kingdom,ENG,12800,51.65739,-0.41655,False
West Wickham,United Kingdom,ENG,14276,51.36667,-0.01667,False
Westbourne,United Kingdom,ENG,11686,51.52126,-0.19378,False
Westbury,United Kingdom,ENG,16989,51.26,-2.1875,False
Westhill,United Kingdom,SCT,12110,57.15263,-2.27966,False
Westhoughton,United Kingdom,ENG,26260,53.54899,-2.52464,False
Weston-super-Mare,United Kingdom,ENG,82903,51.34603,-2.97665,False
Wetherby,United Kingdom,ENG,13572,53.92836,-1.38672,False
Weybridge,United Kingdom,ENG,19463,51.37178,-0.45975,False
Weymouth,United Kingdom,ENG,53416,50.61448,-2.45991,False
Whickham,United Kingdom,ENG,16625,54.94561,-1.67635,False
Whiston,United Kingdom,ENG,13629,53.41997,-2.78907,False
Whitburn,United Kingdom,SCT,11490,55.86667,-3.68333,False
Whitby,United Kingdom,ENG,13213,54.48774,-0.61498,False
Whitchurch,United Kingdom,WLS,13974,51.51167,-3.22083,False
Whitchurch,United Kingdom,ENG,10142,52.96667,-2.68333,False
Whitechapel,United Kingdom,ENG,14862,51.51382,-0.06583,False
Whitefield,United Kingdom,ENG,23545,53.55,-2.3,False
Whitehaven,United Kingdom,ENG,22945,54.54897,-3.58412,False
Whitley Bay,United Kingdom,ENG,38055,55.03973,-1.44713,False
Whitstable,United Kingdom,ENG,32196,51.3607,1.0257,False
Whittlesey,United Kingdom,ENG,12745,52.55804,-0.13016,False
Wickford,United Kingdom,ENG,27535,51.61101,0.52331,False
Widnes,United Kingdom,ENG,61464,53.3618,-2.73406,False
Wigan,United Kingdom,ENG,175405,53.54296,-2.63706,False
Wigston Magna,United Kingdom,ENG,37260,52.58128,-1.09248,False
Willenhall,United Kingdom,ENG,49587,52.58514,-2.05934,False
Willesden,United Kingdom,ENG,44295,51.53333,-0.23333,False
Wilmslow,United Kingdom,ENG,25725,53.32803,-2.23148,False
Wimbledon,United Kingdom,ENG,68187,51.42212,-0.20805,False
Wimbledon Park,United Kingdom,ENG,11197,51.43495,-0.1988,False
Wimborne Minster,United Kingdom,ENG,15552,50.78333,-1.98333,False
Winchester,United Kingdom,ENG,46074,51.06513,-1.3187,False
Windsor,United Kingdom,ENG,31560,51.48333,-0.6,False
Winsford,United Kingdom,ENG,30259,53.19146,-2.52398,False
Wisbech,United Kingdom,ENG,32489,52.66622,0.15938,False
Wishaw,United Kingdom,SCT,30050,55.76667,-3.91667,False
Witham,United Kingdom,ENG,25353,51.80007,0.64038,False
Witney,United Kingdom,ENG,29103,51.7836,-1.4854,False
Woking,United Kingdom,ENG,103900,51.31903,-0.55893,False
Wokingham,United Kingdom,ENG,41143,51.4112,-0.83565,False
Wolverhampton,United Kingdom,ENG,263700,52.58547,-2.12296,False
Wombourne,United Kingdom,ENG,13511,52.53333,-2.18333,False
Wombwell,United Kingdom,ENG,15518,53.52189,-1.39698,False
Wood Green,United Kingdom,ENG,28453,51.6,-0.11667,False
Woodbridge,United Kingdom,ENG,11200,52.09332,1.32042,False
Woodford Green,United Kingdom,ENG,22803,51.60938,0.02329,False
Woolston,United Kingdom,ENG,13852,50.89305,-1.37801,False
Woolton,United Kingdom,ENG,12921,53.37401,-2.87,False
Worcester,United Kingdom,ENG,101659,52.18935,-2.22001,False
Worcester Park,United Kingdom,ENG,16031,51.37992,-0.24445,False
Workington,United Kingdom,ENG,21275,54.6425,-3.54413,False
Worksop,United Kingdom,ENG,44733,53.30182,-1.12404,False
World's End,United Kingdom,ENG,13700,51.65746,-0.10955,False
Worthing,United Kingdom,ENG,113866,50.81795,-0.37538,False
Wrexham,United Kingdom,WLS,65692,53.04664,-2.99132,False
Yarm,United Kingdom,ENG,19184,54.50364,-1.35793,False
Yate,United Kingdom,ENG,23703,51.54074,-2.41839,False
Yateley,United Kingdom,ENG,20334,51.34305,-0.82985,False
Yatton,United Kingdom,ENG,10251,51.38839,-2.82353,False
Yeadon,United Kingdom,ENG,37379,53.86437,-1.68743,False
Yeovil,United Kingdom,ENG,50176,50.94159,-2.63211,False
York,United Kingdom,ENG,156135,53.95763,-1.08271,False
Ystalyfera,United Kingdom,WLS,10218,51.76716,-3.78082,False
Deçan,,10096859,50500,42.54018,20.28793,False
Dragash,,10097361,35000,42.0265,20.65333,False
Ferizaj,,10096138,59504,42.37056,21.15528,False
Gjakovë,,10096859,94158,42.38028,20.43083,False
Gjilan,,10097357,51912,42.46045,21.46986,False
Glogovac,,10097360,58579,42.62833,20.89389,False
Istok,,10097359,40000,42.78083,20.4875,False
Kosovo Polje,,10097360,16154,42.66394,21.09611,False
Leposaviq,,10097358,19000,43.10389,20.80278,False
Llazicë,,10097361,19863,42.55528,20.76333,False
Mitrovicë,,10097358,107045,42.88333,20.86667,False
Obiliq,,10097360,11612,42.68694,21.07028,False
Orahovac,,10096859,22049,42.39944,20.65472,False
Pejë,,10097359,48962,42.65913,20.28828,False
Podujeva,,10097360,35000,42.91056,21.19306,False
Pristina,,10097360,550000,42.67272,21.16688,True
Prizren,,10097361,171464,42.21389,20.73972,False
Shtime,,10096138,35000,42.43306,21.03972,False
Suva Reka,,10097361,72229,42.35861,20.825,False
Vitina,,10097357,46959,42.32139,21.35833,False
Vushtrri,,10097358,30651,42.82306,20.9675,False
Zubin Potok,,10097358,14900,42.91444,20.68972,False
Zvečan,,10097358,17000,42.9075,20.84028,False
